map,cell,candidate,events,trades,stocks,win_rate,avg_net,median_net,q25,worst,profit_factor,top3_share,mature,failure,median_entry_dist_atr,median_bars_from_entry,allbar_events,allbar_avg,allbar_median
m1,POST_RED|B05_09,false,7,7,7,0.42857142857142855,0.10743365428571429,-0.03285591,-0.07458048,-0.11198322,3.557943366615976,1,7,0,3.391223,9,18,0.10015461611111114,-0.011094360000000001
m1,POST_RED|B10_19,false,15,15,13,0.4,0.08409641866666666,-0.02076419,-0.05677894,-0.12136414,3.463161677531595,0.8558520731889231,15,0,2.492155,11,112,0.09020206080357142,-0.015581939999999999
m1,POST_RED|B20_39,false,27,27,19,0.3333333333333333,0.042161103703703705,-0.012531,-0.054664865,-0.1414028,2.358420738090075,0.7500233372738233,27,0,3.262007,21,367,0.04297109542234331,-0.01377401
m1,POST_RED|B40P,false,23,23,18,0.30434782608695654,0.02573480086956521,-0.0189438,-0.06863063,-0.19671751,1.6983527040630517,0.762635463246914,23,0,4.040473,41,1755,0.01882650635897436,-0.0111906
m1,PRE_RED|B00_04,true,40,40,24,0.625,0.08452551100000003,0.025746900000000003,-0.019651015,-0.16273727,7.189762206188539,0.5107630959354573,31,9,-0.0384375,1,200,0.07466651215000003,0.01085376
m1,PRE_RED|B05_09,true,38,38,24,0.5526315789473685,0.0702703397368421,0.01409223,-0.02222424,-0.12081601,4.590702056810181,0.5477229598636102,29,9,0.23902849999999998,6,182,0.06574221912087912,0.005590305
m1,PRE_RED|B10_19,true,32,32,21,0.5,0.0546793978125,0.003495215000000001,-0.03715973,-0.14689863,3.324611568601196,0.5110886435565524,23,9,-0.20915899999999998,11,282,0.03451852765957448,0.00232773
m1,PRE_RED|B20_39,false,23,23,17,0.43478260869565216,0.01686664173913044,-0.00374795,-0.028163979999999998,-0.14523126,1.7679859686024197,0.913211117287982,15,8,1.280004,21,277,0.01496047364620937,-0.01238637
m1,PRE_RED|B40P,false,6,6,6,0.3333333333333333,0.007826788333333336,-0.0078276,-0.0218410575,-0.14495474,1.2538505381969387,1,3,3,-0.456604,41,139,-0.016513576330935257,-0.03182647
m2,P_0_1|G_05_1,false,25,25,15,0.56,0.021996996799999998,0.00847638,-0.04159298,-0.16533532,1.9869602418777557,0.7190740095068856,19,6,0.621997,7,52,0.03879225499999999,0.00654189
m2,P_0_1|G_1_2,false,17,17,13,0.5882352941176471,0.056863935882352945,0.01387129,-0.03419833,-0.0749154,4.226327771839234,0.7861771017892495,13,4,0.757546,10,86,0.0227636026744186,-0.00671776
m2,P_0_1|G_GE_2,false,17,17,12,0.4117647058823529,-0.00017304764705882412,-0.00587821,-0.02626614,-0.036558,0.9848820510554083,0.6156847156939305,13,4,0.452917,25,83,-0.010677188313253018,-0.00904844
m2,P_0_1|G_LT_05,true,35,35,22,0.6285714285714286,0.061587256571428585,0.01426991,-0.03090173,-0.16273727,4.714422722427048,0.5383262291502507,28,7,0.316731,2,91,0.11363007967032966,0.039306
m2,P_1_2|G_05_1,false,22,22,17,0.5909090909090909,0.07433307590909093,0.006340345000000001,-0.0433598125,-0.072134,5.088493549249876,0.7440032850808947,17,5,1.2962805,17,55,0.056017998545454535,0.00566829
m2,P_1_2|G_1_2,false,16,16,11,0.4375,0.10182335750000002,-0.01220085,-0.028667920000000003,-0.06135243,6.337320597596916,0.8080193098526465,13,3,1.3671,18.5,43,0.1520060455813954,-0.01238637
m2,P_1_2|G_GE_2,false,20,20,15,0.4,-0.0008516825000000003,-0.006952160000000001,-0.024678495,-0.06162839,0.9500381086774127,0.8022360351615564,17,3,1.6733864999999999,24,111,-0.015885526756756755,-0.01569271
m2,P_1_2|G_LT_05,true,29,29,18,0.5517241379310345,0.053075381034482755,0.00396852,-0.03615766,-0.08327885,3.8125506275578736,0.6071910541884851,26,3,1.409313,9,79,0.06335491291139238,0.00608728
m2,P_2_3|G_05_1,false,21,21,18,0.38095238095238093,0.06615249238095237,-0.02407826,-0.03901343,-0.0827762,3.3549840971032965,0.7718734498644829,19,2,2.545017,16,52,0.09761330269230767,-0.02518683
m2,P_2_3|G_1_2,false,15,15,13,0.26666666666666666,0.035343524666666654,-0.02022197,-0.03791845,-0.09230054,2.321170712150147,0.9873878810206187,14,1,2.535629,20,68,0.004910480294117649,-0.034616364999999996
m2,P_2_3|G_GE_2,false,17,17,15,0.29411764705882354,0.0023526570588235335,-0.02159857,-0.03890961,-0.09829405,1.0843207572850968,0.9939843706875449,16,1,2.648794,42,76,-0.01673196013157895,-0.019104285
m2,P_2_3|G_LT_05,false,22,22,16,0.2727272727272727,0.05034628772727274,-0.022281969999999998,-0.0633242125,-0.08536108,2.616745837878896,0.8516343852516609,20,2,2.3591975,11,70,0.08257011014285713,-0.024753735
m2,P_GT_3|G_05_1,false,25,25,18,0.32,0.03185343840000001,-0.03474687,-0.07081194,-0.13248729,1.8185311861614593,0.6502000565175602,23,2,3.706925,29,263,0.04247755638783269,-0.0074007
m2,P_GT_3|G_1_2,false,23,23,18,0.391304347826087,0.03995916521739131,-0.01852519,-0.053240875,-0.25980897,2.0496176486728155,0.6826438025166275,22,1,3.738525,33,426,0.03149738225352113,-0.02252053
m2,P_GT_3|G_GE_2,false,18,18,15,0.5,0.04339175555555555,-0.0012873149999999998,-0.054986455000000004,-0.24224607,2.246682264541779,0.6992920081445585,18,0,4.659098,38.5,779,0.003059695404364568,-0.01489446
m2,P_GT_3|G_LT_05,false,25,25,19,0.36,0.05537936120000001,-0.02427241,-0.05349884,-0.11563222,2.84336996948585,0.6973877722657488,24,1,3.506808,18,432,0.046214500023148114,-0.016543099999999998
m2,P_LE_0|G_05_1,true,25,25,16,0.6,0.06566325400000002,0.01907959,-0.01802521,-0.1500951,5.269191026181262,0.5748469764179595,18,7,-0.44457,2,59,0.03844912152542372,0.00319751
m2,P_LE_0|G_1_2,true,20,20,16,0.55,0.027275761499999995,0.01019543,-0.023712055,-0.14615572,2.569211965765842,0.6969518110390324,14,6,-0.821742,4.5,126,0.023076321746031744,-0.00736487
m2,P_LE_0|G_GE_2,true,25,25,17,0.6,0.0544726608,0.02775665,-0.01862439,-0.12081601,5.484788344302292,0.5894333107529053,16,9,-1.428776,9,353,0.016378279745042475,-0.00181337
m2,P_LE_0|G_LT_05,false,17,17,14,0.5294117647058824,0.13803139588235297,0.01201687,-0.02593235,-0.06339938,10.442820549471298,0.7729741830601867,13,4,-0.145545,1,28,0.1820081442857143,0.0013901650000000005
m3,M_1_2|P_0_1,false,19,19,13,0.5789473684210527,0.055506291578947355,0.01195792,-0.037895655,-0.07810914,4.150657836264726,0.8241242813570256,16,3,0.766294,5,114,0.029293889649122818,-0.005652335
m3,M_1_2|P_1_2,true,27,27,18,0.6296296296296297,0.06327783925925927,0.02540709,-0.035544595,-0.08257451,4.812464208672109,0.5874279564235518,24,3,1.173541,9,82,0.052303484512195096,0.00547932
m3,M_1_2|P_LE_0,false,12,12,11,0.5833333333333334,0.022886564166666668,0.018598194999999998,-0.024902145,-0.05668304,2.5170425558193954,0.7873887629546721,8,4,-0.37521000000000004,8,122,0.010703785573770504,0.001230615
m3,M_2_3|P_0_1,false,9,9,9,0.6666666666666666,0.08987264888888888,0.03091771,-0.02015309,-0.04732605,8.646078927653985,0.9285664219209864,7,2,0.815269,23,30,0.06930280633333334,0.03432397
m3,M_2_3|P_1_2,false,21,21,16,0.5238095238095238,0.07119756190476194,0.00396852,-0.05235796,-0.08327885,4.506333214653617,0.7768734182989762,18,3,1.702824,14,75,0.08431198240000001,0.00608728
m3,M_2_3|P_2_3,false,25,25,18,0.32,0.04489119679999999,-0.02063558,-0.05787382,-0.08536108,2.591370536422137,0.8354177851521408,22,3,2.382388,10,68,0.060967646176470575,-0.019279150000000002
m3,M_2_3|P_LE_0,false,3,3,3,0.6666666666666666,0.12303990999999999,0.00362394,-0.0086885,-0.02100094,18.576343249397407,1,2,1,-0.145394,30,7,0.050989701428571434,0.00362394
m3,M_3_5|P_0_1,false,11,11,9,0.45454545454545453,0.002229683636363635,-0.00587821,-0.02857612,-0.036558,1.1657274674108096,0.7546746714764774,9,2,0.247753,24,44,-0.014356626136363642,-0.026877775
m3,M_3_5|P_1_2,false,12,12,10,0.4166666666666667,0.047185741666666677,-0.016777260000000002,-0.0539461975,-0.07595439,2.8041755642787263,0.9636241888125419,10,2,1.7539545,17,77,0.04253768376623375,-0.00881599
m3,M_3_5|P_2_3,false,22,22,18,0.3181818181818182,0.053729065454545435,-0.025229235,-0.038787630000000003,-0.09999499,2.812483633374211,0.792171422581757,21,1,2.9633915,18,134,0.05488358440298504,-0.031906505
m3,M_3_5|P_GT_3,false,26,26,20,0.3076923076923077,0.04323547576923078,-0.032764345,-0.057187315,-0.11563222,2.2271135969755336,0.729981664330131,24,2,3.230079,18.5,194,0.08305248711340216,-0.020813159999999997
m3,M_3_5|P_LE_0,false,6,6,6,0.3333333333333333,0.005250185000000002,-0.00894814,-0.0236048925,-0.03198149,1.4145428891357927,1,4,2,-0.46273050000000004,26.5,69,-0.0035717810144927542,-0.00945483
m3,M_GE_5|P_0_1,false,4,4,4,0.5,0.004218505,-0.0020862349999999997,-0.006880302499999999,-0.00792353,2.1672603034430473,1,3,1,0.7741795,38,35,-0.0066199214285714274,-0.00639267
m3,M_GE_5|P_1_2,false,9,9,9,0.4444444444444444,0.013151826666666665,-0.00454106,-0.00889266,-0.06162839,2.2602606476701617,0.9996280064551737,8,1,1.786504,39,54,-0.019049843148148147,-0.03062842
m3,M_GE_5|P_2_3,false,10,10,10,0.1,-0.03313647199999999,-0.02413419,-0.03817993,-0.09829405,0.007896060029816587,1,9,1,2.8984625,37.5,64,-0.02472057984375,-0.02100992
m3,M_GE_5|P_GT_3,false,19,19,16,0.42105263157894735,0.043846835263157906,-0.02971579,-0.061773455000000005,-0.15690398,2.135165458066156,0.69629480354784,18,1,5.115647,30,1706,0.018068854865181706,-0.016728504999999998
m3,M_GE_5|P_LE_0,false,2,2,2,1,0.03089054,0.03089054,0.030885215,0.03087989,Infinity,1,1,1,-0.544446,118.5,28,0.04593015285714286,0.04315281
m3,M_LT_1|P_0_1,true,35,35,21,0.6285714285714286,0.06314617714285715,0.01460979,-0.03090173,-0.16273727,4.80844363381896,0.5278001781979431,28,7,0.316731,2,89,0.09970560561797756,0.039306
m3,M_LT_1|P_LE_0,true,34,34,22,0.6470588235294118,0.09589357970588237,0.025746900000000003,-0.0191470975,-0.14615572,8.487446010581694,0.542745335710482,25,9,-0.3767185,1,340,0.039269101058823516,-0.007163625
m4,S_0_05|F_ABOVE_UPPER,false,20,20,16,0.35,0.054760919500000005,-0.02229367,-0.05373007,-0.08375242,2.8036954979004474,0.7706908824875968,20,0,2.571039,12,27,0.04534643333333333,-0.02489298
m4,S_0_05|F_BELOW_MID,false,24,24,18,0.5,0.012626371249999999,-0.0015070049999999998,-0.021295704999999998,-0.19199714,1.6732586340319362,0.8286271357684948,19,5,0.539744,29,67,0.006017009253731343,-0.00550871
m4,S_0_05|F_MID_UPPER,false,22,22,17,0.4090909090909091,0.03120399818181817,-0.01220085,-0.038185590000000005,-0.14971469,2.129817798749144,0.7212512056665905,16,6,1.7874205,18,77,0.02000481987012986,-0.01297188
m4,S_05_1|F_ABOVE_UPPER,false,23,23,18,0.2608695652173913,0.04726330086956521,-0.0339697,-0.0525292,-0.08721602,2.328178490186769,0.815731652234256,22,1,2.799757,16,29,0.023797223793103457,-0.03474687
m4,S_05_1|F_BELOW_MID,false,34,34,23,0.4411764705882353,0.001284983235294117,-0.00432663,-0.011213535,-0.20518194,1.0702227396638222,0.7592425227844131,31,3,1.8556815000000002,53.5,97,0.001402118556701031,-0.00639267
m4,S_05_1|F_MID_UPPER,false,25,25,19,0.44,0.0340118976,-0.01222924,-0.0400574,-0.1398492,2.3585902893655843,0.5969964236176893,22,3,1.861934,24,62,0.022811946129032267,-0.022206265
m4,S_1_15|F_ABOVE_UPPER,false,18,18,14,0.4444444444444444,0.08303781666666667,-0.02394939,-0.053276215,-0.09574087,3.7137481450882497,0.7395064689602928,18,0,3.0410905,16,26,0.10745163999999999,-0.0032787500000000004
m4,S_1_15|F_BELOW_MID,false,31,31,20,0.3225806451612903,-0.009068150967741936,-0.00876957,-0.023941940000000002,-0.21552654,0.5393736642684591,0.8029357274859793,30,1,2.369003,53,106,-0.01075166594339622,-0.007309315
m4,S_1_15|F_MID_UPPER,false,21,21,15,0.23809523809523808,-0.020962615714285718,-0.03050773,-0.04438253,-0.07808934,0.3090817588938777,0.9342650595019076,21,0,2.953611,29,51,-0.03468231313725491,-0.03855828
m4,S_GE_15|F_ABOVE_UPPER,false,18,18,14,0.4444444444444444,0.07565139777777775,-0.032422525,-0.059904255000000003,-0.09999499,3.215824584266788,0.6791107799239166,18,0,3.8316325,22,148,0.048553502027026976,0.013958680000000001
m4,S_GE_15|F_BELOW_MID,false,26,26,18,0.38461538461538464,0.06045972692307695,-0.01284319,-0.050442827499999995,-0.13248729,3.322583782258988,0.7049167484389566,26,0,2.808705,24,951,0.02787125546792849,-0.01743621
m4,S_GE_15|F_MID_UPPER,false,26,26,18,0.34615384615384615,0.053436529999999975,-0.017203355,-0.06300330999999999,-0.12956984,2.663984736681844,0.7150654351882835,26,0,3.138307,20,693,0.043801378369408416,-0.02114673
m4,S_LT_0|F_ABOVE_UPPER,true,39,39,24,0.5384615384615384,0.05946181128205129,0.00847638,-0.03009809,-0.16273727,3.9538847463148805,0.5611060237063124,31,8,0.486868,2,240,0.05294745670833338,-0.0032460099999999997
m4,S_LT_0|F_BELOW_MID,true,30,30,22,0.7,0.04645199633333334,0.029722765,-0.00669476,-0.19627732,3.67090486329503,0.46696540002616077,21,9,-0.869203,8.5,353,0.021620703796034,-0.00027214
m4,S_LT_0|F_MID_UPPER,true,35,35,23,0.6,0.06572731514285714,0.0181887,-0.018473555,-0.18924278,4.6202455396439905,0.5655857283489704,26,9,-0.311416,1,405,0.023502879234567883,-0.00360049
m5,GRAY|D_NONPOS,false,18,18,16,0.5555555555555556,0.03504935833333333,0.00643115,-0.017638905,-0.07893488,3.5908320074018087,0.7496842679493799,9,9,-0.436796,22.5,130,0.01045349169230769,-0.004609894999999999
m5,GRAY|D_POS,false,39,39,24,0.38461538461538464,0.04803197564102565,-0.01792272,-0.040735335,-0.14971469,2.814335029159337,0.5729725447212802,30,9,1.577472,9,469,0.03155550172707887,-0.02017448
m5,GREEN|D_NONPOS,false,14,14,13,0.7142857142857143,0.08184834642857143,0.08988953,-0.0032675275000000007,-0.16467567,4.496772903798841,0.5731209077086529,12,2,-1.3604829999999999,9,238,0.01906375760504202,0.00457931
m5,GREEN|D_POS,true,38,38,24,0.631578947368421,0.059866945526315794,0.025746900000000003,-0.018261272500000002,-0.16273727,5.434618899634188,0.49816205541436925,30,8,-0.0313255,1,493,0.03756955547667345,0.00229537
m5,RED|D_NONPOS,false,30,30,19,0.4,0.029996297000000016,-0.00589836,-0.0411679125,-0.20847051,2.0782087175165707,0.7871573139998025,30,0,2.7658135,37,953,0.022795369863588683,-0.0103831
m5,RED|D_POS,false,31,31,20,0.3548387096774194,0.043940928387096775,-0.01364252,-0.050270455,-0.11198322,2.5403987713619034,0.6930289961608929,31,0,2.993987,21,1049,0.03646917341277401,-0.0171886
