config,period,matched_stops,delta_mean,baseline_winner_stops,improved_baseline_losers,confirmed_rate
HARD_5,2017-2020,53,-0.005741581041998356,25,23,0.11320754716981132
HARD_5,2021-2023,60,-0.053527137305268445,36,15,0.016666666666666666
HARD_5,2024-2026,49,-0.004674079779772395,17,22,0.061224489795918366
HARD_8,2017-2020,44,-0.0034004313072089117,17,21,0.11363636363636363
HARD_8,2021-2023,53,-0.06823902318291347,31,14,0.03773584905660377
HARD_8,2024-2026,39,-0.013124288680784092,12,16,0.05128205128205128
HARD_10,2017-2020,41,-0.009111905841192022,14,19,0.12195121951219512
HARD_10,2021-2023,47,-0.06864933333462951,26,13,0.0425531914893617
HARD_10,2024-2026,33,-0.015109930799019112,7,11,0.030303030303030304
HARD_12,2017-2020,39,-0.018600136683536366,12,18,0.1282051282051282
HARD_12,2021-2023,41,-0.07060499100777319,22,13,0.024390243902439025
HARD_12,2024-2026,30,-0.021987545228907193,5,9,0.03333333333333333
HARD_15,2017-2020,33,-0.00928033064970836,8,17,0.12121212121212122
HARD_15,2021-2023,31,-0.07383849433733626,15,11,0.03225806451612903
HARD_15,2024-2026,26,-0.032147974356516756,3,8,0.038461538461538464
HARD_20,2017-2020,24,0.0019528212290165908,4,15,0.08333333333333333
HARD_20,2021-2023,20,-0.027473731959128573,6,9,0
HARD_20,2024-2026,18,-0.04459893051006684,1,1,0
TRAIL_5,2017-2020,53,-0.0013892282947187548,25,25,0.09433962264150944
TRAIL_5,2021-2023,67,-0.042942525221137534,43,16,0.014925373134328358
TRAIL_5,2024-2026,54,-0.010930251147482447,22,18,0.09259259259259259
TRAIL_8,2017-2020,50,-0.0033160470090891625,22,22,0.12
TRAIL_8,2021-2023,50,-0.05255702311876178,29,14,0.02
TRAIL_8,2024-2026,40,-0.01257298426698753,11,15,0.075
TRAIL_10,2017-2020,47,-0.012338011631289367,19,21,0.14893617021276595
TRAIL_10,2021-2023,46,-0.05850103345433028,25,13,0.043478260869565216
TRAIL_10,2024-2026,34,-0.014302850985888058,8,13,0.058823529411764705
TRAIL_12,2017-2020,42,-0.016062917833766992,15,19,0.14285714285714285
TRAIL_12,2021-2023,43,-0.06585629930958808,23,12,0.046511627906976744
TRAIL_12,2024-2026,32,-0.024196825790235892,7,10,0.0625
TRAIL_15,2017-2020,38,-0.023729028954332498,12,15,0.13157894736842105
TRAIL_15,2021-2023,37,-0.08106531107142596,21,11,0.05405405405405406
TRAIL_15,2024-2026,26,-0.029963924829853723,3,7,0.038461538461538464
TRAIL_20,2017-2020,24,0.010832511665153088,3,13,0.08333333333333333
TRAIL_20,2021-2023,27,-0.06193015194994613,13,11,0.037037037037037035
TRAIL_20,2024-2026,21,-0.05228885335871994,2,1,0.047619047619047616
