date,eligible,trend,capital,momentum,accel,anomaly,buy_a,buy_b,buy_c,sell_a,sell_b,sell_c,position,equity
2023-12-12,0,LIGHT_LONG,LIGHT_LONG,LONG,LIGHT_SHORT,GRAY,0,0,0,0,0,0,0,10000
2023-12-13,1,LIGHT_LONG,LIGHT_LONG,LONG,LIGHT_LONG,GRAY,0,0,0,0,0,0,0,10000
2023-12-14,1,LIGHT_LONG,LONG,LONG,LONG,LONG,0,0,0,0,0,1,0,10000
2023-12-15,1,LIGHT_LONG,LIGHT_LONG,LONG,LONG,GRAY,0,0,0,0,1,0,0,10000
2023-12-18,1,LIGHT_LONG,LIGHT_LONG,LONG,LIGHT_SHORT,GRAY,0,0,0,0,0,0,0,10000
2023-12-19,1,LIGHT_LONG,LIGHT_LONG,LONG,LIGHT_SHORT,GRAY,0,0,0,0,0,0,0,10000
2023-12-20,1,LIGHT_SHORT,LIGHT_LONG,SHORT,SHORT,SHORT,0,0,0,0,0,0,0,10000
2023-12-21,1,LIGHT_LONG,LIGHT_LONG,LIGHT_LONG,LIGHT_LONG,GRAY,0,0,0,0,0,0,0,10000
2023-12-22,1,LIGHT_LONG,LIGHT_LONG,LIGHT_LONG,LONG,GRAY,0,0,0,0,0,0,0,10000
2023-12-26,1,LIGHT_LONG,LIGHT_LONG,LONG,LONG,GRAY,0,0,0,0,0,1,0,10000
2023-12-27,1,LIGHT_LONG,LIGHT_LONG,LONG,LONG,GRAY,0,0,0,0,0,0,0,10000
2023-12-28,1,LONG,LONG,LONG,LONG,LONG,0,0,0,0,0,1,0,10000
2023-12-29,1,LIGHT_LONG,LONG,LONG,LIGHT_SHORT,GRAY,0,0,0,0,0,0,0,10000
