symbol,signal_date,execution_date,action,target_pct,execution_price
AMZN,2025-02-18,2025-02-19,PROBE_LONG,5,225.633
AMZN,2025-02-19,2025-02-20,EXIT_LONG,0,224.668
AMZN,2025-02-20,2025-02-21,PROBE_LONG,5,223.392
AMZN,2025-02-21,2025-02-24,EXIT_LONG,0,217.341
AMZN,2025-02-24,2025-02-25,PROBE_LONG,15,211.736
AMZN,2025-02-25,2025-02-26,EXIT_LONG,0,214.833
AMZN,2025-02-26,2025-02-27,PROBE_LONG,15,218.459
AMZN,2025-02-27,2025-02-28,EXIT_LONG,0,208.546
ORCL,2025-02-24,2025-02-25,PROBE_LONG,5,169.375
ORCL,2025-02-25,2025-02-26,EXIT_LONG,0,170.895
MSFT,2025-02-03,2025-02-04,PROBE_LONG,15,412.896
MSFT,2025-02-04,2025-02-05,EXIT_LONG,0,412.144
MSFT,2025-02-05,2025-02-06,PROBE_LONG,15,414.207
MSFT,2025-02-06,2025-02-07,EXIT_LONG,0,416.272
MSFT,2025-02-07,2025-02-10,PROBE_LONG,15,413.917
MSFT,2025-02-18,2025-02-19,EXIT_LONG,0,407.676
NVDA,2025-02-03,2025-02-04,PROBE_LONG,15,117.018
NVDA,2025-02-04,2025-02-05,EXIT_LONG,0,121.699
NVDA,2025-02-05,2025-02-06,PROBE_LONG,35,127.484
NVDA,2025-02-20,2025-02-21,EXIT_LONG,0,139.970
NVDA,2025-02-27,2025-02-28,PROBE_LONG,5,118.079
GOOGL,2025-02-04,2025-02-05,BREAKOUT_ENTRY,85,191.166
GOOGL,2025-02-05,2025-02-06,EXIT_LONG,0,189.405
GOOGL,2025-02-06,2025-02-07,PROBE_LONG,5,191.146
GOOGL,2025-02-07,2025-02-10,EXIT_LONG,0,187.256
GOOGL,2025-02-10,2025-02-11,PROBE_LONG,5,185.123
GOOGL,2025-02-11,2025-02-12,EXIT_LONG,0,183.128
GOOGL,2025-02-12,2025-02-13,PROBE_LONG,15,184.412
GOOGL,2025-02-13,2025-02-14,EXIT_LONG,0,184.967
GOOGL,2025-02-14,2025-02-18,PROBE_LONG,5,185.693
GOOGL,2025-02-21,2025-02-24,EXIT_LONG,0,181.899
GOOGL,2025-02-24,2025-02-25,PROBE_LONG,15,178.129
GOOGL,2025-02-25,2025-02-26,EXIT_LONG,0,174.982
GOOGL,2025-02-26,2025-02-27,PROBE_LONG,15,174.077
GOOGL,2025-02-27,2025-02-28,EXIT_LONG,0,168.596
META,2025-02-24,2025-02-25,PROBE_LONG,5,666.303
META,2025-02-25,2025-02-26,EXIT_LONG,0,659.320
META,2025-02-26,2025-02-27,PROBE_LONG,5,682.791
META,2025-02-27,2025-02-28,EXIT_LONG,0,657.711
JPM,2025-02-21,2025-02-24,PROBE_LONG,5,265.623
JPM,2025-02-24,2025-02-25,EXIT_LONG,0,262.099
JPM,2025-02-25,2025-02-26,PROBE_LONG,5,257.289
JPM,2025-02-26,2025-02-27,EXIT_LONG,0,260.050
JPM,2025-02-27,2025-02-28,PROBE_LONG,5,260.860
