symbol,base_return,selective_return,delta,base_mdd,selective_mdd,mdd_delta
AAPL,130.91,151.67,20.75,-25.59,-24.54,1.06
MSFT,104.91,122.78,17.87,-28.48,-17.78,10.71
NVDA,12.24,49.30,37.06,-66.28,-58.47,7.81
AMD,119.61,113.69,-5.92,-43.91,-42.26,1.66
AVGO,644.26,539.46,-104.80,-19.29,-24.73,-5.44
ORCL,198.76,156.05,-42.72,-29.01,-33.19,-4.18
INTC,-43.04,-31.00,12.04,-67.89,-66.32,1.57
QCOM,112.01,108.55,-3.46,-34.70,-39.88,-5.18
MU,358.41,389.61,31.20,-37.28,-37.28,-0.00
GOOGL,197.38,146.80,-50.59,-33.99,-32.65,1.34
META,29.11,103.09,73.98,-49.09,-31.09,18.00
NFLX,-12.73,-12.77,-0.03,-65.79,-65.56,0.23
AMZN,267.76,214.07,-53.68,-38.40,-41.40,-2.99
TSLA,26.69,46.30,19.61,-69.34,-63.90,5.44
HD,40.42,42.15,1.73,-21.50,-23.90,-2.40
MCD,3.92,21.92,18.00,-21.30,-13.76,7.54
WMT,65.44,69.24,3.80,-20.34,-20.34,0.00
COST,-11.80,-9.67,2.13,-45.56,-45.34,0.23
PG,-7.44,-7.80,-0.36,-25.74,-24.45,1.28
KO,19.66,7.50,-12.16,-23.20,-25.26,-2.06
PEP,-7.80,-7.17,0.63,-29.05,-31.14,-2.09
ABT,-24.57,-15.33,9.24,-29.67,-23.37,6.31
LLY,210.22,219.34,9.12,-23.52,-23.01,0.50
UNH,32.11,24.22,-7.89,-44.07,-42.91,1.16
JNJ,0.23,-1.12,-1.35,-35.27,-34.79,0.48
TMO,-9.19,0.48,9.68,-38.99,-35.27,3.72
JPM,150.07,155.03,4.95,-18.24,-15.06,3.17
BAC,35.15,59.06,23.91,-32.67,-23.32,9.35
GS,161.66,188.54,26.88,-27.33,-19.63,7.70
V,60.72,49.57,-11.15,-20.81,-23.00,-2.19
MA,17.96,22.18,4.22,-26.74,-23.08,3.66
CAT,274.33,258.88,-15.46,-14.99,-14.99,0.00
BA,2.18,15.72,13.54,-65.32,-54.91,10.40
GE,109.01,164.24,55.23,-33.72,-30.94,2.78
XOM,9.18,18.35,9.17,-34.75,-28.06,6.69
CVX,-21.24,-18.64,2.60,-35.43,-33.93,1.50
LIN,78.04,86.89,8.85,-24.05,-21.48,2.57
NEE,-29.66,-3.11,26.55,-58.95,-40.14,18.81
PLD,-8.63,-7.42,1.22,-48.30,-49.45,-1.16