symbol,asset_class,XMA_ONLY,XMA_VOLUME,XMA_VIX,XMA_BREADTH,XMA_VOLPROFILE,XMA_VOLUME_BREADTH,XMA_VOLUME_BREADTH_VIX,XMA_ORTHO_ALL
ABT,stock,-6.168,-6.777,-6.168,-6.053,-6.586,-6.611,-6.611,-7.028
AAPL,stock,-1.029,-0.897,-1.029,-0.845,-0.845,-0.700,-0.700,-0.714
AMZN,stock,-0.784,-0.617,-0.784,-2.427,-0.764,-1.617,-1.617,-1.485
ORCL,stock,17.845,21.153,17.845,20.582,18.120,21.709,21.709,26.185
INTC,stock,-10.340,-15.216,-10.340,-13.690,-11.245,-17.034,-17.034,-17.769
MSFT,stock,5.111,5.589,5.111,5.281,5.663,5.786,5.786,5.444
NVDA,stock,8.527,9.050,8.527,8.503,9.622,9.083,9.083,10.318
GOOGL,stock,-4.818,-6.015,-4.818,-4.818,-5.213,-6.015,-6.015,-6.286
META,stock,4.344,6.404,4.344,4.878,4.489,6.481,6.481,7.137
JPM,stock,4.176,4.636,4.176,3.431,3.613,4.184,4.184,4.288
XOM,stock,2.784,2.952,2.784,2.643,2.733,3.312,3.312,1.548
BTC,crypto,-2.044,-3.268,-2.044,-2.370,-2.911,-5.998,-5.998,-6.702
ETH,crypto,7.660,7.723,7.660,8.834,8.170,-6.600,-6.600,-6.387
BNB,crypto,-3.141,-3.358,-3.141,-3.556,-3.251,-3.100,-3.100,-1.645
SOL,crypto,0.516,1.102,0.516,0.957,1.540,0.681,0.681,3.292
