symbol,date,family,set,entry_family,confirmed,pos_ret_signal,position_weight,ret1,mfe1,mae1,ret3,mfe3,mae3,ret5,mfe5,mae5,ret10,mfe10,mae10,distinct_exit_date,distinct_sell,wait_ret
BTC,2017-11-23,B,B,A,false,0.07941647201544044,0.6294294089721114,0.014717012657154527,0.043520112918128184,-0.021193346109773525,0.13816136469338414,0.16583977246797676,-0.021193346109773525,0.23401957862685263,0.23928144369617343,-0.021193346109773525,0.39220096833279916,0.4744444181212648,-0.021193346109773525,2017-11-27,C,0.13815887091846957
BTC,2018-01-08,A,A,A,false,0.07195905806495251,0.6268514203125816,-0.03372176823548201,0.040091152246529704,-0.05982134589137167,-0.11164271325559272,0.040091152246529704,-0.23502973318642328,-0.04647127268237505,0.040091152246529704,-0.23502973318642328,-0.2644227091489103,0.040091152246529704,-0.3937275122227486,2018-02-14,B,-0.42726743226322494
BTC,2018-02-11,A,A,A,false,-0.1587673316626358,0.5245072914363024,0.10406730308960266,0.11473222368554858,-0.0013417958238154393,0.17189991840095642,0.1768119824103218,-0.0013417958238154393,0.25994627856276553,0.2802083875880168,-0.0013417958238154393,0.2943741303749341,0.46159140457004266,-0.0013417958238154393,2018-02-14,B,0.05845244561510565
BTC,2018-03-06,A,A,B,false,0.015639654169516515,0.6061595287680275,-0.07525605422676096,0.01703171190540176,-0.12384383678222699,-0.13898966824927583,0.01703171190540176,-0.22278584012660874,-0.11038232703275697,0.01703171190540176,-0.22278584012660874,-0.22922452148466654,0.01703171190540176,-0.2861461972588014,2018-04-13,C,-0.26067234763653735
BTC,2018-04-12,C,C,A,false,-0.10161122351269547,0.5547584626290659,-0.005752878648086157,0.03917712883646196,-0.02410579844225469,0.05452613217989666,0.06393419655963228,-0.02410579844225469,-0.004792382673712736,0.06393419655963228,-0.02410579844225469,0.10905352650956268,0.14035231648657898,-0.02410579844225469,2018-04-26,B,0.11952558314474704
BTC,2018-06-19,B,B,A,false,-0.06659058163737375,0.5714635055839973,0.0031913946587538433,0.011458456973293618,-0.027921364985163177,-0.10311572700296734,0.011458456973293618,-0.12181899109792294,-0.08947032640949548,0.011458456973293618,-0.14688427299703266,-0.08042729970326412,0.011458456973293618,-0.14688427299703266,2018-06-23,A,-0.10297922848664676
BTC,2018-08-27,C,C,B,false,0.015285706360617768,0.6060222285273417,0.024445293792328515,0.03297110576408002,-0.006842076308116396,0.011231660600585558,0.03297110576408002,-0.017727724162692526,0.04238294200594739,0.0532396348190165,-0.017727724162692526,-0.05664329994817052,0.07278428783627655,-0.0929833247915961,2018-09-06,A,-0.030401345830329163
BTC,2018-11-14,B,B,B,false,-0.055748627381889126,0.5763839888408885,-0.027682011762320102,0.003775434327046634,-0.08682822956803893,-0.048825457986885645,0.003775434327046634,-0.08682822956803893,-0.17021057256810657,0.003775434327046634,-0.17951057932806058,-0.33542215912931794,0.003775434327046634,-0.35363178530385986,2018-11-30,C,-0.274028256607855
BTC,2018-11-29,C,C,A,false,-0.010598299651336518,0.5957152692793628,-0.059221736984719664,0.010624528600560401,-0.08210963470617272,-0.031359120240611604,0.010624528600560401,-0.08210963470617272,-0.08009833043121994,0.010624528600560401,-0.11982158986153668,-0.1746738614248602,0.010624528600560401,-0.24995111413220605,2018-12-01,A,-0.059233376477051625
BTC,2019-01-10,A,A,B,false,-0.029164160752496837,0.5879838961136407,0.004302988387787643,0.02011221792140283,-0.03370999587270074,-0.030416522583020078,0.02011221792140283,-0.04031925217798693,-0.00915256506073825,0.023980166653652546,-0.04031925217798693,-0.012995415351322426,0.037402255513290905,-0.04031925217798693,2019-02-14,B,0.006263455553448427
BTC,2019-02-13,B,B,A,false,0.0347602142905743,0.6134370122896174,-0.004927473575106589,0.005005071584163412,-0.01114917108698188,0.002790756968578334,0.012440623666284178,-0.01114917108698188,0.08044142181723446,0.08775780552830392,-0.01114917108698188,0.14117849204897537,0.15344452019488197,-0.01114917108698188,2019-02-19,C,0.08009500213394527
BTC,2019-03-10,B,B,A,true,0.01316738252981109,1,-0.011333021790147502,0.005360074974655182,-0.021958687330662197,-0.012765609718104476,0.005360074974655182,-0.022964818602703274,0.0019841725847105085,0.0059320886927698435,-0.026956146466155406,0.032443903074318436,0.03600366701651447,-0.026956146466155406,2019-04-02,C,0.05836327467639091
BTC,2019-04-01,C,C,A,false,0.033333822582804595,0.6129034090840024,0.17197324672943193,0.18179339564825048,-0.0009651252008666678,0.18195505411939572,0.27276127145593976,-0.0009651252008666678,0.2169963373498629,0.27276127145593976,-0.0009651252008666678,0.2105975572681167,0.308227209774788,-0.0009651252008666678,2019-04-07,B,0.21655720538346834
BTC,2019-04-23,C,C,A,false,0.04201112209520996,0.6161269380736499,-0.013824666585320111,0.016625659499063028,-0.028694697235977173,-0.032200491357534444,0.016625659499063028,-0.0708279684059655,-0.03339883552999401,0.016625659499063028,-0.0708279684059655,0.05131754117259257,0.06430445955224173,-0.0708279684059655,2019-05-13,A,0.2690501210181919
BTC,2019-06-20,C,C,A,true,0.20044132272497017,1,0.06742970731430575,0.06901931696164976,0,0.145829087019834,0.19694979859341077,0,0.2419400592137475,0.24500160747042998,0,0.14036894072951855,0.46773607226682756,0,2019-09-07,A,0.0820177641242017
BTC,2019-08-05,C,C,A,false,-0.00588499719989255,0.5976320658341072,-0.029442941673710865,0.04232459847844461,-0.0509974640743871,0.01435080304311076,0.04232459847844461,-0.0509974640743871,-0.044014370245139545,0.04232459847844461,-0.0509974640743871,-0.12984530853761622,0.04232459847844461,-0.16221470836855456,2019-09-07,A,-0.12944125105663573
BTC,2019-09-06,A,A,B,false,-0.05815403764251126,0.5753021024809837,0.015261134646960661,0.025176939636129214,-0.0009845893320619137,0.0004282089698615099,0.028526873754091575,-0.022353285023075653,-0.013630833376218843,0.028526873754091575,-0.04065654824730469,-0.0046025181794612235,0.028526873754091575,-0.04065654824730469,2019-09-21,B,-0.012699648790965079
BTC,2019-09-17,A,A,B,false,-0.006979884513462098,0.5971884217028001,-0.0029928893111936805,0.00692418537263384,-0.008587010722965749,-0.0018542367690537187,0.013498922206473196,-0.05246439747611775,-0.015569110319725632,0.013498922206473196,-0.05246439747611775,-0.19725879216449993,0.013498922206473196,-0.2392623102082163,2019-09-21,B,-0.0019200037693324346
BTC,2019-12-01,A,A,A,false,-0.0779821498385933,0.5661689196906796,-0.013152945951430683,0.003931542988568015,-0.03252384495704519,-0.02667658797267136,0.0485016573090713,-0.04390177907055404,0.01839545423797606,0.0485016573090713,-0.04390177907055404,-0.02455523236149626,0.0485016573090713,-0.04390177907055404,2019-12-08,B,0.012962186295068845
BTC,2020-03-22,A,A,A,false,-0.25685730384794325,0.461745365901901,0.11197634133131595,0.13479079443952502,-0.022016660792118392,0.14810395371429075,0.19633772061794508,-0.022016660792118392,0.09337264982247384,0.19633772061794508,-0.022016660792118392,0.14217037336336524,0.19633772061794508,-0.022016660792118392,2020-04-01,B,0.1024905219177965
BTC,2020-05-20,A,A,A,false,0.012717966023567673,0.6050233002475525,-0.04655241115163555,0.007048361813102755,-0.07322032544002322,-0.03493481001279519,0.007048361813102755,-0.07322032544002322,-0.06424691134771532,0.007048361813102755,-0.0913332695504252,0.019585908743480207,0.024031086808187663,-0.0913332695504252,2020-06-02,C,0.07267887163128983
BTC,2020-07-26,C,C,A,false,0.031860220027106534,0.6123505953262816,0.11059916186210783,0.14734069439382003,-0.0014428779423938387,0.11770480710947151,0.14734069439382003,-0.0014428779423938387,0.14135974884056224,0.1522885675333332,-0.0014428779423938387,0.18258699053721772,0.22070293227435012,-0.0014428779423938387,2020-08-03,A+B,0.11476769967195422
BTC,2020-09-28,B,B,B,false,-0.043731087870401364,0.5817076191369591,0.013497430374220132,0.016027322082514228,-0.005631954046845022,-0.007197009006078003,0.020931908890241324,-0.024224694772211675,-0.014402432286130251,0.020931908890241324,-0.030114686554270742,0.021452658957321846,0.023736666881698065,-0.030114686554270742,2020-10-02,A,-0.0071970090060781144
BTC,2020-11-17,C,C,A,false,0.09230486040155106,0.6338018674997448,0.006610651110061427,0.04629550980838504,-0.025195108775053265,0.056417042953942786,0.06545190148238511,-0.025195108775053265,0.042756314208086454,0.07398447737123282,-0.025195108775053265,-0.02943817959633921,0.10333488491668441,-0.08332002595787624,2020-11-20,A,0.00812202919921301
BTC,2020-12-16,C,C,A,true,0.15816478085366725,1,0.06850735299631783,0.11551066015733391,-0.004945743061336216,0.11652352508867847,0.13292153179299127,-0.004945743061336216,0.0648772563312261,0.13871140708077423,-0.004945743061336216,0.24175037683637424,0.25926295679692823,-0.004945743061336216,2020-12-21,B,0.09936575251036772
BTC,2021-02-05,C,C,A,false,0.014445136055068808,0.6056957781319715,0.0234430906581784,0.06963273309633089,-0.0019164613004356568,0.21116985101850871,0.22212799809450767,-0.024506050251088318,0.17023702693074738,0.25732684727751765,-0.024506050251088318,0.25129148284691394,0.2982061316314837,-0.024506050251088318,2021-02-13,B,0.23528310244214334
BTC,2021-04-16,A,A,B,false,0.0342898728561134,0.613261223475552,-0.02165409821926556,0.019095844594611222,-0.028595507184256297,-0.09295977276199274,0.019095844594611222,-0.1696183619057432,-0.12304888529042479,0.019095844594611222,-0.1696183619057432,-0.11956375180749723,0.019095844594611222,-0.23485537821018765,2021-05-27,C,-0.3602014908010639
BTC,2021-05-10,A,A,A,false,0.02231694814228402,0.6087319096813714,0.01529808403089139,0.018745294819742186,-0.025908993348518927,-0.11009664946375719,0.039126138066874594,-0.1758656187977169,-0.16219591680829237,0.039126138066874594,-0.1758656187977169,-0.27392614394331105,0.039126138066874594,-0.46252105573764146,2021-05-27,C,-0.29694314225240237
BTC,2021-06-14,C,C,B,false,0.08355210603594143,0.6308437796652374,-0.009187417995926483,0.020083778668722907,-0.02492528929111948,-0.059810772361134745,0.020083778668722907,-0.07777811783312782,-0.12421081106162757,0.020083778668722907,-0.14099912430262607,-0.14446513845792364,0.020083778668722907,-0.2890512159556603,2021-06-17,A,-0.05349158412371524
BTC,2021-09-05,C,C,A,false,0.03253865802971223,0.6126053035503009,0.017524626677651423,0.019767806714778846,-0.015216334524028374,-0.11029586791166701,0.022472761109247674,-0.17222502592891986,-0.13343095642550318,0.022472761109247674,-0.17222502592891986,-0.07024128966042764,0.022472761109247674,-0.17222502592891986,2021-09-07,B,0.01756906521413204
BTC,2021-10-05,C,C,A,false,0.08836408829049502,0.6324759294214822,0.07466216091509192,0.08311335932416841,-0.02116840635071604,0.048170665249196665,0.08991317413606903,-0.02116840635071604,0.06191736515335822,0.09887552433857705,-0.02116840635071604,0.19817438571930102,0.2226649873066886,-0.02116840635071604,2021-10-19,B,0.20464742085938403
BTC,2021-12-21,C,C,A,false,-0.13519601416170235,0.5374674416974847,-0.006124867272041645,0.014084146917448859,-0.00952634400673047,0.03952761835876961,0.05977815637874562,-0.019783548340182033,0.03861716235142709,0.05977815637874562,-0.019783548340182033,-0.05462858774588797,0.06546467109546628,-0.06565244881165133,2021-12-23,B,-0.0061246627211526405
BTC,2022-01-17,A,A,A,false,0.007209110255473439,0.6028630043878951,0.00356597600614017,0.01159599759535368,-0.0225496029418768,-0.03603462709852667,0.03088435209730056,-0.03905820699342655,-0.16895579625715873,0.03088435209730056,-0.19415434901448114,-0.11946292121891977,0.03088435209730056,-0.2200024027507942,2022-02-07,C,0.004247229313180778
BTC,2022-02-02,A,A,A,false,0.010484959081797252,0.6041504661648105,0.0112542236539801,0.0132975140914946,-0.01751852553516786,0.12158973904478931,0.13598410900584534,-0.01751852553516786,0.18819249698547558,0.20609425805302783,-0.01751852553516786,0.14422828045143743,0.2418836866607743,-0.01751852553516786,2022-02-07,C,0.1486460592193759
BTC,2022-03-01,C,C,A,false,0.09681324487259402,0.6353071027634571,-0.011891169081429398,0.022034524056081306,-0.024472774260938523,-0.11869422708076305,0.022034524056081306,-0.13217112549863574,-0.1350794215374641,0.022034524056081306,-0.1425587332174727,-0.1281286863029364,0.022034524056081306,-0.16357504975101977,2022-03-05,A,-0.11869445219849983
BTC,2022-03-18,C,C,A,false,0.031235699888767288,0.6121158334189309,0.010623717745622097,0.015386214360003647,-0.006183797836604721,-0.018086806421168333,0.015386214360003647,-0.03088234906726961,0.026947248530863055,0.038400038699625494,-0.03088234906726961,0.12847269868342237,0.154040075665431,-0.03088234906726961,2022-04-01,A,0.08987221699761294
BTC,2022-05-15,C,C,A,false,-0.16055672901445828,0.5234937084784975,-0.04643892586044385,3.19194200626427e-7,-0.07155855186698279,-0.08342363869259328,3.19194200626427e-7,-0.08536593540339277,-0.0679206955624665,3.19194200626427e-7,-0.08536593540339277,-0.057031704602365396,3.19194200626427e-7,-0.08536593540339277,2022-05-17,A,-0.04643892586044385
BTC,2022-09-13,MULTI,A+B,A,false,-0.02771746008772724,0.588596952449551,0.002631654606362277,0.018234704529975332,-0.027560745171169132,-0.018356645956452033,0.018234704529975332,-0.04231317929057854,-0.03754606263030624,0.018234704529975332,-0.04231317929057854,-0.04380522682592414,0.018234704529975332,-0.10150087093937521,2022-10-17,C,-0.04514013845804565
BTC,2022-10-07,A,A,B,false,0.0030187447026674974,0.601203863723828,-0.005741396993050318,0.004981543863853188,-0.014999930875894574,-0.020390075007334918,0.004981543863853188,-0.026105358449449056,-0.019178611056067885,0.004981543863853188,-0.034310645777874016,0.0010122841215784995,0.021596418654496574,-0.0686166832820535,2022-10-17,C,-0.013676844295136381
BTC,2022-12-13,C,C,A,false,0.024458274401760738,0.6095497396088847,0.0015374818151849823,0.03443610477603842,-0.006462711706126667,-0.06434021046567762,0.03443610477603842,-0.07023585972405211,-0.058371990715477606,0.03443610477603842,-0.07023585972405211,-0.05610542861032575,0.03443610477603842,-0.08548241375081433,2022-12-16,A+B,-0.02356346992712577
BTC,2023-01-11,C,C,A,false,0.050291147578213735,0.6191532215402087,0.05034536644957499,0.06541620641956936,-0.002853996430971839,0.1678435245323313,0.18473454656511712,-0.002853996430971839,0.18070239187304882,0.19677527940853556,-0.002853996430971839,0.26975532874182284,0.30253922642819653,-0.002853996430971839,2023-01-16,B,0.16327746463017334
BTC,2023-03-14,C,C,A,false,0.0443230216952093,0.6169767479120634,-0.01559560623435119,0.02134378796298897,-0.031351728649827826,0.11044486086773597,0.12510655477553878,-0.031351728649827826,0.1338631988686041,0.15077536206329767,-0.031351728649827826,0.11285017152126775,0.17014877336858203,-0.031351728649827826,2023-04-04,A,0.12685601901225008
BTC,2023-06-07,B,B,B,false,-0.05961467760754491,0.5746424465852452,0.006046848554291717,0.017869088595234395,-0.004910525472544114,-0.018912015259304193,0.017869088595234395,-0.03725757744878955,-0.016482949079210107,0.017869088595234395,-0.03725757744878955,0.006744664065234884,0.019007689638388836,-0.05844261853182353,2023-06-21,C,0.07474219171778795
BTC,2023-06-20,C,C,A,false,0.07557706545834098,0.6281066110036977,0.059555249399463106,0.08803165182987138,-0.0017666384061042484,0.08409283594743533,0.11035537657199379,-0.0017666384061042484,0.07611487918609572,0.11035537657199379,-0.0017666384061042484,0.07644482125194285,0.11035537657199379,-0.0017666384061042484,2023-07-15,A,0.07079270877490451
BTC,2023-07-13,C,C,B,false,0.01672556461561081,0.6065801688076701,-0.036313716787853334,0.005588119626517729,-0.04941243196860956,-0.03885773074082555,0.005588119626517729,-0.04941243196860956,-0.05071178025976153,0.005588119626517729,-0.06174781579456878,-0.04357061037577459,0.005588119626517729,-0.06174781579456878,2023-07-15,A,-0.03631403471011696
BTC,2023-08-13,B,B,A,false,-0.0012828026288096428,0.5994862198699747,0.004336631534764157,0.013358995490353687,-0.006872817053049318,-0.01956534721546832,0.013358995490353687,-0.01981889751687904,-0.11090180983044884,0.013358995490353687,-0.14120499524806462,-0.0979779107523413,0.013358995490353687,-0.14120499524806462,2023-09-19,C,-0.08672409939308312
BTC,2023-09-18,C,C,A,false,0.0211075521909867,0.6082684932241256,0.016730873423633774,0.02694329752452118,-0.003538907052779039,-0.0072646426903315575,0.02694329752452118,-0.014378327884166264,-0.006970200840728635,0.02694329752452118,-0.014378327884166264,0.009673610462400672,0.02694329752452118,-0.028847828117702035,2023-09-22,A,-0.0072646426903315575
BTC,2023-11-20,B,B,A,false,0.021013805919551043,0.6082325256711393,-0.04558598555520754,0.005357983528973875,-0.0457635613860955,-0.0041259009970683325,0.011009968546380255,-0.048513716998599965,0.008862235602271618,0.025774130485924918,-0.048513716998599965,0.007347900960217979,0.026735443254641833,-0.048513716998599965,2023-12-04,C,0.06738455367983853
BTC,2023-12-02,B,B,B,true,0.04325040591729956,1,0.013229540422328379,0.02026978214388464,-0.004448376250147268,0.11718451167099908,0.12769595200042594,-0.004448376250147268,0.09690129491880306,0.12769595200042594,-0.004448376250147268,0.051762278408176376,0.13306979532500973,-0.004448376250147268,2023-12-04,C,0.013229540422328379
BTC,2023-12-24,A,A,A,false,-0.0007286229151548529,0.5997083383225564,0.013598734633590404,0.01886000721072767,-0.006305199865089595,0.010172941162787996,0.01886000721072767,-0.03149227172813229,-0.021505413860879563,0.01886000721072767,-0.03934498679971621,-0.003402300454740992,0.06717909354174667,-0.0521382133677587,2024-02-08,C,0.03158996545828807
BTC,2024-02-07,C,C,B,false,0.024861660932103957,0.6097034212049623,0.021173809910348673,0.02851660443386206,-0.000417140177138009,0.07669719681800968,0.08681927232714615,-0.000417140177138009,0.12554047838086468,0.1349554449194581,-0.000417140177138009,0.16444432418781685,0.19091536338546478,-0.000417140177138009,2024-02-11,B,0.07669697133683284
BTC,2024-03-11,C,C,B,false,0.03275028481009623,0.6126846868180214,-0.008686272251904659,0.01279029275188992,-0.047965748264729435,-0.009561295317162988,0.023570266141865526,-0.048878924388961464,-0.0940295318550296,0.023570266141865526,-0.10125266897989826,-0.09124588467232086,0.023570266141865526,-0.15681739668498484,2024-04-02,B,-0.03368970602721233
BTC,2024-04-01,B,B,B,false,0.03768212624621814,0.6145254988182294,-0.06009808210532086,0.0003506111502673548,-0.07322073096825388,-0.016683749747486765,0.0003506111502673548,-0.0740381057751629,-0.010822857951801934,0.0006057446531440025,-0.0740381057751629,0.005117314749315094,0.045200123302561845,-0.0740381057751629,2024-05-08,A,-0.10535190261107674
BTC,2024-05-07,A,A,B,true,-0.08741496120990677,1,-0.017958639473861226,0.011364571903966558,-0.022853838750662603,-0.02426624568883684,0.018568794135710665,-0.0341017398394885,-0.013289239147407539,0.018568794135710665,-0.0341017398394885,0.07561825501865038,0.08247406963049042,-0.0341017398394885,2024-05-14,C,0.010078625216591197
BTC,2024-07-13,C,C,A,false,-0.04648130427801456,0.580501146128941,0.02692216287376481,0.03744138277120079,-0.00016890747771980408,0.09864162917342933,0.10446859933980823,-0.00016890747771980408,0.08080381717387053,0.1169620098368338,-0.00016890747771980408,0.11370851400099413,0.1565863528500857,-0.00016890747771980408,2024-07-24,A,0.11370834509351635
BTC,2024-08-23,C,C,A,false,0.06029027060720438,0.6227448170670009,0.0018703179587378216,0.0071405326025919535,-0.007905400045348565,-0.018789691748114068,0.015034376871957633,-0.01932063280678553,-0.07811610868925634,0.015034376871957633,-0.09646324544905427,-0.07659777342059093,0.015034376871957633,-0.10789409412398154,2024-08-28,A,-0.07218049997157905
BTC,2024-10-21,MULTI,A+B,B,false,0.013536652366822777,0.6053423434999462,0.0007198248673518926,0.00680509072019575,-0.011963637712886332,0.01218181143556829,0.02185447664279616,-0.03142740529108379,-0.004226039850098395,0.02185447664279616,-0.03142740529108379,0.04325642833290044,0.09265140440057884,-0.03142740529108379,2024-10-29,C,0.038361619234907884
BTC,2024-10-28,C,C,B,false,0.01680837136047275,0.6066122080950154,0.03965297837218107,0.05228408307856469,-0.0028902746211133534,0.0047139734436632,0.05228408307856469,-0.003951418916012139,-0.008396961731197528,0.05228408307856469,-0.016324098395405273,0.0842694934879844,0.09845000608185472,-0.04469855940800049,2025-01-08,A+B,0.3858138557944353
BTC,2024-11-10,C,C,A,false,0.1103596159599205,0.6397563507799275,0.10299836966550102,0.11397945576963342,-0.0019161376239719141,0.1244890973635564,0.16045325862221493,-0.0019161376239719141,0.1326621708769231,0.16045325862221493,-0.0019161376239719141,0.1731560068239384,0.17994224462582498,-0.0019161376239719141,2025-01-08,A+B,0.20635296673473102
BTC,2025-01-06,C,C,A,true,0.060420945546530325,1,-0.05165509861535522,0.004780917801626927,-0.0592141093709041,-0.09471368094871058,0.004780917801626927,-0.10790693261447093,-0.07468641060452519,0.004780917801626927,-0.10790693261447093,-0.0219913611305651,0.004780917801626927,-0.1269509838060323,2025-01-08,A+B,-0.05165519642864136
BTC,2025-01-31,A,A,B,false,-0.013566931851173192,0.5944985900050438,-0.01751359666096397,0.003457498011316451,-0.02099052265771717,-0.01074924074651884,0.003457498011316451,-0.10932937718369573,-0.05679151604282984,0.003457498011316451,-0.10932937718369573,-0.04880173262483989,0.003457498011316451,-0.10932937718369573,2025-03-20,C,-0.15213996818887043
BTC,2025-03-07,A,A,A,false,-0.05589969944358042,0.57631620309383,-0.006673714144440068,0.0011003235649422738,-0.018240072146019193,-0.0945358929440816,0.0011003235649422738,-0.1076226121734426,-0.03596264314517206,0.0011003235649422738,-0.11746008778165051,-0.03216191288331327,0.0011003235649422738,-0.11746008778165051,2025-03-20,C,0.0005090911772045459
BTC,2025-04-12,C,C,A,false,0.019021164806465762,0.6074664454334776,-0.017788050716190384,0.00965196792425993,-0.026298795301096245,-0.019148442409557265,0.014300588518040724,-0.026298795301096245,-0.0038580197148325723,0.014300588518040724,-0.026298795301096245,0.09575956727325141,0.10097797868145086,-0.026298795301096245,2025-07-02,A,0.2392701611725847
BTC,2025-04-21,C,C,B,false,0.02129248463592126,0.6083394267386631,0.06772196056913793,0.07280684654798852,-0.005029810473989871,0.07386345068377032,0.082039992129459,-0.005029810473989871,0.08126242198303357,0.09417477125954465,-0.005029810473989871,0.1025374496293372,0.113211013912621,-0.005029810473989871,2025-07-02,A,0.20756049564297907
BTC,2025-07-01,A,A,A,false,-0.02086971342886723,0.5914741832766907,0.02998141673920407,0.03831213765409203,-0.005497102462852177,0.021793010729540763,0.0458743202310572,-0.005497102462852177,0.03333338695375421,0.0458743202310572,-0.005497102462852177,0.11209692780537073,0.12479853309668432,-0.005497102462852177,2025-07-10,C,0.0525436281765721
BTC,2025-08-13,C,C,B,false,0.030595788958208914,0.6118749908687816,-0.04064142959605355,0.009468767405822476,-0.049684671781944245,-0.04805734396354322,0.009468767405822476,-0.05273406644454248,-0.05741297859219685,0.009468767405822476,-0.07028262270810837,-0.06381167115034703,0.009468767405822476,-0.0942501462210733,2025-08-15,A+B,-0.04064142959605366
BTC,2025-09-10,C,C,A,false,-0.0019331980109317248,0.5992252229982686,0.013361618111618068,0.013409003159003063,-0.004650754650754596,0.017184011934011867,0.02374192699192701,-0.004650754650754596,0.012194717444717451,0.024552386802386916,-0.004650754650754596,0.015142418392418477,0.034573534573534515,-0.004650754650754596,2025-10-08,A,0.06469778869778864
BTC,2025-11-10,B,B,A,false,-0.04797170558391661,0.5798444202277245,-0.027847453375886122,0.01404446872701004,-0.03334593263933705,-0.05960798644444221,0.01404446872701004,-0.0755649902043305,-0.0982433636920953,0.01404446872701004,-0.11318321010256194,-0.1827534523969323,0.01404446872701004,-0.18782112783818083,2025-11-27,C,-0.146466885128005
BTC,2025-11-26,C,C,A,false,-0.024332212587223068,0.5900243862096765,0.009393261859194757,0.016201647119750806,-0.004355465678410941,0.0035191853234621817,0.028822661595126142,-0.004355465678410941,-0.046394937624890886,0.028822661595126142,-0.07361797957451266,-0.013783871868631836,0.04051533525094664,-0.07361797957451266,2025-12-01,B,-0.0013704078764856797
BTC,2026-03-04,C,C,A,false,-0.11363675882672408,0.5487177475111429,-0.02444102029029227,0.012266679804262548,-0.027816015490987223,-0.07436494012325023,0.012266679804262548,-0.079149107632003,-0.058274366674065714,0.012266679804262548,-0.09699454097106552,-0.02002043024617728,0.01716011321268307,-0.09699454097106552,2026-03-07,A,-0.06265243384286923
BTC,2026-04-12,A,A,A,true,-0.0008552625838748051,1,0.05196987456878266,0.05878354958527909,-0.0024677148765166468,0.05751117165072417,0.07487027427724247,-0.0024677148765166468,0.08948685892705788,0.1073123069380999,-0.0024677148765166468,0.10512448410806874,0.12342475908080064,-0.0024677148765166468,2026-04-18,C,0.08948700028667722
ETH,2017-11-13,C,C,A,false,0.03891398299760884,0.6149825620347622,0.07223642172523959,0.07840255591054324,-0.0001916932907348734,0.05907348242811494,0.08306709265175716,-0.0001916932907348734,0.10753993610223644,0.11789137380191694,-0.0001916932907348734,0.29392971246006394,0.35782747603833864,-0.0001916932907348734,2017-11-29,B,0.4893610223642173
ETH,2017-12-12,C,C,A,false,0.21304605837074053,0.6702515974230642,0.09966237942122191,0.134549839228296,-0.1319453376205788,0.0851286173633441,0.2019292604501608,-0.1319453376205788,0.13768488745980711,0.2019292604501608,-0.1319453376205788,0.022459807073955007,0.3905144694533762,-0.1881189710610932,2017-12-18,B,0.13765273311897097
ETH,2018-01-02,C,C,A,true,0.18140114830727527,1,0.09226667290353507,0.110953890051805,-0.05277560137055182,0.12181773531509821,0.22203641551576947,-0.05277560137055182,0.31335586402067506,0.31558944254090027,-0.05277560137055182,0.46629167495000745,0.6839544864523524,-0.05277560137055182,2018-01-15,B,0.5763568112450739
ETH,2018-02-18,A,A,B,false,-0.16937041422772747,0.5184375721121197,0.029758507135016377,0.04963776070252468,-0.005444566410537921,-0.0824478594950604,0.05488474204171245,-0.10771679473106477,-0.06520307354555432,0.05488474204171245,-0.13722283205268937,-0.06311745334796925,0.05488474204171245,-0.13722283205268937,2018-02-21,B,-0.030746432491767228
ETH,2018-04-09,MULTI,B+C,A,false,-0.2001131364271289,0.49992927973174633,0.04212899185973695,0.048666249217282465,-0.019661865998747752,0.24150281778334381,0.24984345648090178,-0.019661865998747752,0.25906073888541026,0.32748904195366313,-0.019661865998747752,0.4230181590482154,0.43170945522855364,-0.019661865998747752,2018-04-26,A+B,0.5472260488415779
ETH,2018-07-02,C,C,A,true,-0.32105879168848805,1,-0.030441719852200233,0.022379912663755608,-0.04056096741686255,-0.017740174672489006,0.022379912663755608,-0.04056096741686255,0.01941971783674834,0.024500335908632875,-0.052548706751763485,-0.09485220020154517,0.04127477326167295,-0.12466409136714818,2018-07-10,A,-0.009636378904937848
ETH,2018-08-28,C,C,A,false,-0.1757090562434669,0.5147344477945082,-0.02382886542106699,0.005280259951259136,-0.04024505821825075,-0.04748849174113179,0.005280259951259136,-0.07974546439209318,-0.00010154346060109454,0.02220417005144859,-0.07974546439209318,-0.27152721364744115,0.02220417005144859,-0.28242621175196314,2018-08-30,B,-0.02399810452206863
ETH,2018-10-02,A,A,B,false,0.00997037647745147,0.6039487797700467,-0.02184315463003983,0.003234381922906593,-0.040717766947275136,0.011829862649534784,0.026805494018608877,-0.040717766947275136,0.0019494904740806618,0.026805494018608877,-0.040717766947275136,-0.12733717323881255,0.03101462117855558,-0.16256092157731505,2018-10-07,B,-0.0013735046521931027
ETH,2018-11-06,C,C,B,false,-0.020412385751082285,0.5916649065569358,-0.007700321601667004,0.01825429179689264,-0.01703129954251037,-0.04529600942156997,0.01825429179689264,-0.05286044299497217,-0.03727861575395219,0.01825429179689264,-0.05331340308918786,-0.19875888934184904,0.01825429179689264,-0.22548353490057527,2018-11-10,A,-0.04525071341214848
ETH,2018-12-18,C,C,A,false,0.06604600122772997,0.6247816702662613,-0.016435899990038916,0.0713218448052595,-0.0262974399840622,0.0727164060165355,0.17541587807550552,-0.0262974399840622,0.285287379221038,0.314274330112561,-0.0262974399840622,0.34774379918318576,0.5705747584420757,-0.0262974399840622,2019-01-08,B,0.48710030879569644
ETH,2019-02-17,C,C,A,false,0.03182272589581525,0.612336509013479,0.08910817074082367,0.10861927188457798,-0.010091948867459233,0.10966584435972182,0.1213276519398967,-0.010091948867459233,0.1015922852657547,0.1213276519398967,-0.010091948867459233,0.00934439709949908,0.24093593481348563,-0.05180533751962324,2019-04-07,B,0.2376467070344621
ETH,2019-03-29,C,C,A,false,0.03484367777683728,0.6134681898435876,-0.005514834205933572,0.01842931937172776,-0.022268760907504292,-0.014031413612565435,0.01842931937172776,-0.025689354275741705,0.11664921465968603,0.2412565445026178,-0.025689354275741705,0.24760907504362994,0.297521815008726,-0.025689354275741705,2019-04-07,B,0.15574171029668404
ETH,2019-04-21,MULTI,A+B,B,false,0.03225219358302844,0.6124977960942194,0.0114478913340057,0.022006050180912284,-0.00943116436324809,-0.02259920517231151,0.04294442137730603,-0.05534136069755036,-0.06311169108488057,0.04294442137730603,-0.10819147043122368,-0.04982501927753724,0.04294442137730603,-0.10819147043122368,2019-05-11,C,0.025683611127587547
ETH,2019-06-21,C,C,A,true,0.18447668336759016,1,0.05621070518266791,0.06844519966015294,-0.015497026338147868,0.05909940526762947,0.09328802039082418,-0.015497026338147868,0.15340696686491073,0.24655904842820742,-0.015497026338147868,0.002786745964316051,0.24655904842820742,-0.04839422259983006,2019-08-09,A,-0.24764655904842825
ETH,2019-08-05,C,C,A,false,-0.12182057081671183,0.544512218451755,-0.03104526185072587,0.024065430565666013,-0.044962103370016715,-0.051984755705905106,0.024065430565666013,-0.07716353359311445,-0.11583094249132875,0.024065430565666013,-0.1324455102128207,-0.1948357812700724,0.024065430565666013,-0.22395409583351178,2019-08-09,A,-0.05202757675673364
ETH,2019-09-04,B,B,A,false,0.021911266588927836,0.6085765828424873,-0.005437893531768712,0.008528906697195193,-0.03777904979965652,0.01671436748712085,0.034917000572409984,-0.055523755008586084,0.03342873497424148,0.061133371493989674,-0.055523755008586084,0.07687464224384666,0.08065254722381221,-0.055523755008586084,2019-09-09,C,0.037092157985117336
ETH,2019-11-14,A,A,B,false,-0.0004943684498976975,0.5998021548116218,-0.026658735737846828,0.009571189098577682,-0.039258097658573576,-0.00600227112961671,0.009571189098577682,-0.039258097658573576,-0.04861298869842645,0.009571189098577682,-0.06640350402855133,-0.24317309252149455,0.009571189098577682,-0.25377169739901584,2019-12-24,B,-0.30892770237387124
ETH,2019-12-23,B,B,A,false,-0.16436264900574205,0.5213234550561052,-0.0003912363067292146,0.014788732394366289,-0.009311424100156507,-0.017370892018779283,0.034898278560250295,-0.03701095461658843,0.002425665101721597,0.034898278560250295,-0.04608763693270734,-0.004773082942096996,0.08035993740219083,-0.04608763693270734,2019-12-30,C,0.05133020344287975
ETH,2020-01-28,C,C,B,false,0.0467997195752754,0.6178829698556907,-0.010593461669894166,0.0163458252648363,-0.0128146713748718,0.02511675589474871,0.0650415764893495,-0.026483654174735194,0.07324296616926751,0.10166305957398336,-0.026483654174735194,0.27195580362228045,0.2814671374871853,-0.026483654174735194,2020-02-11,B,0.2694498234423053
ETH,2020-03-23,C,C,A,false,-0.31160754182772754,0.41893610940766773,0.018617999852822198,0.05497093237177153,-0.027154315990874922,0.01847082198837313,0.05497093237177153,-0.027154315990874922,-0.0361321657222754,0.05497093237177153,-0.08102141437927735,0.03966443446905599,0.10206784899551113,-0.08889543012730872,2020-03-28,A,-0.03355655309441452
ETH,2020-05-30,C,C,A,true,0.15021135958529785,1,-0.049813302695827066,0.006893438923310402,-0.05797874522998647,-0.024619424726108896,0.04140166591440653,-0.07677157277091629,-0.0020516187271757413,0.04140166591440653,-0.07677157277091629,0.00036929137089170005,0.04140166591440653,-0.07677157277091629,2020-06-03,B,-0.024619424726109007
ETH,2020-07-08,C,C,B,false,0.03337589609095892,0.6129191695750646,-0.02008585081396297,0.0038875840285090835,-0.03668907426905321,-0.03138414189681704,0.0038875840285090835,-0.04543613833319837,-0.030128776220944342,0.0038875840285090835,-0.04543613833319837,-0.04563861666801661,0.0038875840285090835,-0.06851866850247024,2020-07-16,B,-0.03381388191463508
ETH,2020-10-09,C,C,A,false,0.02038415396241211,0.6079907763691763,0.01509547683625101,0.03668392646776808,-0.0008218952905399979,0.05890249582203233,0.08161420235062056,-0.0008218952905399979,0.037478425248623326,0.08161420235062056,-0.0008218952905399979,0.03914961233938796,0.08161420235062056,-0.010492863209227155,2020-10-21,A,0.009643571409002405
ETH,2020-12-16,C,C,A,false,0.06302911842246561,0.6237167984696413,0.0086631721020749,0.06131705326595327,-0.017922721993785085,0.032722307668162864,0.06131705326595327,-0.017922721993785085,-0.046454690982139946,0.06131705326595327,-0.06478546093725479,0.0004080479613297605,0.06131705326595327,-0.13481276876235915,2020-12-21,B,0.0014438620170125205
ETH,2020-12-28,C,C,A,true,0.15696339866394782,1,0.0021905805038335835,0.014211391018619901,-0.05640744797371289,0.008242059145673553,0.038800657174151265,-0.05640744797371289,0.060460021905804906,0.07843647316538904,-0.05640744797371289,0.676985213581599,0.7647864184008764,-0.05640744797371289,2021-01-01,B,0.008242059145673553
ETH,2021-01-19,C,C,A,false,0.06467509006619832,0.6242985266283171,0.008517900041014936,0.031178590261909056,-0.09516903966719392,-0.09721978086365501,0.031178590261909056,-0.23660426554168867,0.019884865529970153,0.031178590261909056,-0.23660426554168867,0.010356243042128233,0.08030116599285186,-0.23660426554168867,2021-02-07,B,0.22777143024550295
ETH,2021-02-02,C,C,B,false,0.0908214908508258,0.6333038876159238,0.1009041423875443,0.10411857691824355,-0.0023413782384105186,0.1370830660149609,0.16439914546308354,-0.0023413782384105186,0.06593559225625523,0.16439914546308354,-0.014200392875331591,0.2171595245811644,0.23344334724491222,-0.014200392875331591,2021-02-07,B,0.10874842089250158
ETH,2021-03-08,C,C,A,false,0.1417671926208981,0.6496658840916509,0.020341257459552065,0.02048308440885438,-0.019102999094489426,-0.004058432703112569,0.02425786321336232,-0.059032740205758216,0.04861936919736842,0.06059283664808368,-0.06191291825312839,-0.031169199550517668,0.06059283664808368,-0.06629864391616935,2021-03-15,B,0.008116865406225138
ETH,2021-03-21,A,A,B,false,0.0020842004782553047,0.6008319462485331,-0.05734537889111335,0.013615742220577154,-0.07182472255401706,-0.11293551588970585,0.013615742220577154,-0.13812576055808834,-0.04732423747918113,0.013615742220577154,-0.13812576055808834,0.07634461062229758,0.09200159261564678,-0.13812576055808834,2021-04-01,C,0.0763446106222978
ETH,2021-03-31,C,C,A,false,0.07754849000589736,0.6287870070721266,0.025362488733282396,0.03407368042638992,-0.017896497288172664,0.04644753226319054,0.11807520175891062,-0.017896497288172664,0.09795401616155308,0.11807520175891062,-0.017896497288172664,0.11155743811771557,0.14620943330363612,-0.017896497288172664,2021-04-04,B,0.046484002563341065
ETH,2021-04-28,C,C,A,true,0.17342000951908543,1,0.003205699668513917,0.018109837968437903,-0.029193335346750504,0.0715151206412854,0.07497552970457355,-0.029193335346750504,0.24845445977956726,0.25680892792815735,-0.029193335346750504,0.4228285114419099,0.44031976945161055,-0.029193335346750504,2021-05-10,B,0.4278098994625632
ETH,2021-06-30,C,C,A,false,-0.21898435785778436,0.48784636514723767,-0.0743821626942277,0.00010985727343038043,-0.08901075722421425,-0.021395802573296763,0.00010985727343038043,-0.11301237432327915,-0.03478081276805156,0.05020477395767409,-0.11301237432327915,-0.07250140617309986,0.058584686774941996,-0.11301237432327915,2021-07-06,A,-0.03464019545806074
ETH,2021-07-05,A,A,B,false,0.025357537381062167,0.6098921737858697,0.05719552996335664,0.06971345335366541,-0.0017525092746432103,-0.03665247968682428,0.09657008899105546,-0.0510093998224731,-0.03921979197487302,0.09657008899105546,-0.06843434918178293,-0.1262443953843002,0.09657008899105546,-0.15105719552996333,2021-07-24,C,-0.033042765778273364
ETH,2021-09-01,C,C,A,false,0.10098400610165048,0.6366886369073474,-0.010713856413418932,0.0026079094391688873,-0.028687003830856983,0.015339106621163223,0.05253970659712248,-0.03182015354785439,0.026118291427347007,0.05253970659712248,-0.03182015354785439,-0.14623368750032661,0.05253970659712248,-0.21475271896770687,2021-09-05,B,0.015362624842558459
ETH,2021-10-10,B,B,A,false,0.03808163232219064,0.614673848813605,0.037460972052181685,0.061384445056264836,-0.012658821048438518,0.056586863178119895,0.061384445056264836,-0.012658821048438518,0.13319879796849654,0.14455717557743797,-0.012658821048438518,0.21877031942874203,0.22106952686118642,-0.012658821048438518,2021-10-16,C,0.133020133441899
ETH,2021-12-08,C,C,B,false,0.02464858844611073,0.6096222602457261,-0.07466232130018402,0.011514770414545294,-0.0813065849882012,-0.0783292877250158,0.011514770414545294,-0.13718781764786758,-0.14762075408335984,0.011514770414545294,-0.17252096616789614,-0.10750274402681148,0.011514770414545294,-0.1787685573969271,2021-12-10,A,-0.07466232130018402
ETH,2022-01-17,A,A,A,false,-0.10120638296292672,0.5549590112593101,-0.015524912140774116,0.010652152239475576,-0.03977966650881082,-0.06486627950449886,0.019843099623638505,-0.06933089903043288,-0.24846713691084465,0.019843099623638505,-0.2834176615737394,-0.244706637421799,0.019843099623638505,-0.3273472744946536,2022-01-30,C,-0.18950487275990124
ETH,2022-03-23,C,C,A,false,0.10577573174106059,0.638262996267612,0.024627880855997653,0.030672037786685813,-0.012147602594211326,0.03590591536862786,0.051808471042394943,-0.012147602594211326,0.09780335244846006,0.13015853148396417,-0.012147602594211326,0.13431533041940202,0.16344256733388463,-0.012147602594211326,2022-04-01,A,0.08086983158706063
ETH,2022-06-07,B,B,A,false,-0.2129615212894107,0.491765636852568,-0.011829065862253296,0.014029437554113233,-0.026498210474651618,-0.08295235836830572,0.014029437554113233,-0.08680163015005538,-0.20872648662957105,0.014029437554113233,-0.21525591039689407,-0.40058345695488407,0.014029437554113233,-0.44058720696177744,2022-06-23,A,-0.4208500383272763
ETH,2022-08-01,A,A,B,false,0.07857158948895426,0.629139128178291,0.00038643668572269085,0.029271045464582812,-0.04355080108938347,-0.013690899722746952,0.0335831881639963,-0.04355080108938347,0.03699977917903663,0.07339230070908065,-0.04355080108938347,0.15329268591898337,0.1912064185293325,-0.04355080108938347,2022-08-11,C,0.13697033638393408
ETH,2022-09-10,C,C,A,false,0.08562114073747562,0.6315473372890703,-0.004514914436453021,0.008387256780826524,-0.030448898608887776,-0.11257412125448096,0.008387256780826524,-0.12038644511081542,-0.16987013279823227,0.008387256780826524,-0.17818411381417265,-0.2543176335309899,0.008387256780826524,-0.2785155457353504,2022-09-14,A,-0.11257412125448107
ETH,2022-10-07,A,A,A,false,-0.019860121829374466,0.5918949846764966,-0.011734655548042872,0.004695364735932683,-0.020727218090301203,-0.030854180752760807,0.005183682668469691,-0.032379235218991775,-0.027541131395086627,0.005183682668469691,-0.04814814814814805,0.00022537750732487538,0.0090301254601457,-0.10600255427841632,2022-10-17,C,-0.018886635113815498
ETH,2022-12-12,C,C,A,false,-0.006788248951492659,0.5972661423128244,0.03550230906139995,0.05769909284073349,-0.015924291012302083,-0.006954626355446525,0.06061580197740324,-0.015924291012302083,-0.06919343583631932,0.06061580197740324,-0.0941579570491059,-0.045240354082216716,0.06061580197740324,-0.09792929332528366,2022-12-16,A,-0.0069624669714054566
ETH,2023-01-09,C,C,A,false,0.06532628740874702,0.624528180025537,0.011526810057558068,0.020667979400181835,-0.002726446531354232,0.07234171463192962,0.08906392002423491,-0.002726446531354232,0.1738109663738261,0.2117388670099969,-0.002726446531354232,0.17471220842169033,0.21932747652226592,-0.002726446531354232,2023-01-16,B,0.17579521357164496
ETH,2023-02-05,MULTI,A+B,A,false,0.023750032390857267,0.6092796216417758,-0.009036163068366743,0.018139851811836527,-0.014732874567989107,0.013149090551930254,0.04229562740560233,-0.014732874567989107,-0.0711782002565976,0.04229562740560233,-0.08533403723734045,0.02818276130901598,0.04229562740560233,-0.1025653617841511,2023-03-19,C,0.07969871271508455
ETH,2023-03-18,C,C,B,false,0.05708343406229144,0.6216003513905896,0.012417275022173824,0.046917286393304725,-0.0005230720247434428,0.024101112096609256,0.046917286393304725,-0.023782720429373905,0.031242182347456238,0.05590047986172708,-0.02770007504946448,0.008045075163175763,0.05590047986172708,-0.04133974665120177,2023-03-23,B,-0.013929635441541022
ETH,2023-04-04,C,C,B,false,0.053949760912828326,0.6204752685236542,0.02048246880313087,0.038815641741250406,-0.0031009741335986662,-0.0035607737465114253,0.038815641741250406,-0.01546209861097747,-0.006127097167420548,0.038815641741250406,-0.02479175354740759,0.12276115014061295,0.13814305114468728,-0.02479175354740759,2023-04-16,B,0.11774612645558657
ETH,2023-05-23,C,C,B,false,-0.007654449238165939,0.5969146032922545,-0.029216961694874977,0.000016180706126078803,-0.041239226346504454,-0.014168904997680754,0.000016180706126078803,-0.049971414085843935,0.029438098011930647,0.034837060289311106,-0.049971414085843935,0.028380958545030976,0.03967509142098957,-0.049971414085843935,2023-05-25,A+B,-0.029216961694874977
ETH,2023-08-13,B,B,A,false,-0.01646743617138058,0.5933027388102832,0.0025913632091616456,0.00856725320932461,-0.003112895427357598,-0.017884208982306027,0.00856725320932461,-0.023121261673357818,-0.09732008496629063,0.00856725320932461,-0.15794277270430757,-0.08753049062056906,0.00856725320932461,-0.15794277270430757,2023-08-30,C,-0.06047600680164933
ETH,2023-09-20,B,B,A,false,0.005165161461667678,0.6020554478645703,-0.023627386316704357,0.001867753210008205,-0.03359490097209461,-0.01751249791958187,0.001867753210008205,-0.03359490097209461,-0.020921301632897182,0.001867753210008205,-0.03652906113039134,0.029970350188316397,0.044413075505310484,-0.03652906113039134,2023-11-10,C,0.30763066567217523
ETH,2023-10-27,B,B,A,false,0.08104773035026214,0.6299885853602422,-0.0018039687312086938,0.013386459556819386,-0.0052882697073749485,0.016651586761904147,0.028340854552913575,-0.009413232475933064,0.037978880640212154,0.04397525022338855,-0.009413232475933064,0.06830353881342699,0.07576668671076359,-0.009413232475933064,2023-11-10,C,0.19215357899528485
ETH,2023-12-02,C,C,B,false,0.023203351998812183,0.6090708662959262,0.013026908418986016,0.02426146206259383,-0.007275666936135794,0.059397159025291524,0.06696847210994328,-0.007275666936135794,0.08822265850560118,0.1007275666936136,-0.007275666936135794,0.01788197251414725,0.11005889825614967,-0.007275666936135794,2023-12-07,B,0.031389305924471644
ETH,2023-12-29,C,C,A,false,-0.004475154748524557,0.5982018912858396,-0.0032707028531663296,0.010281837160751817,-0.013569937369519725,0.022981906750173975,0.023125434933890077,-0.01753653444676395,-0.03891788448155886,0.05745476687543505,-0.08663883089770352,0.013587334725121858,0.05745476687543505,-0.08663883089770352,2024-01-18,B,0.10046972860125236
ETH,2024-04-10,C,C,A,false,0.0484741624113163,0.618493221540084,-0.012161415146489718,0.02049277422411766,-0.020058437968885734,-0.15191333581525468,0.02049277422411766,-0.1956318182330975,-0.12512550625557028,0.02049277422411766,-0.1956318182330975,-0.10995194097539507,0.02049277422411766,-0.1956318182330975,2024-04-22,B,-0.11224489795918369
ETH,2024-04-21,B,B,A,false,0.012039443136019568,0.6047584877121835,0.016691764675981435,0.027747596627335946,-0.005880558891366849,-0.0021793967582266482,0.04635189315237365,-0.013584694662066354,-0.005197511802418231,0.04635189315237365,-0.02397336434049424,-0.05566039534130107,0.06663362624934077,-0.1050494653170927,2024-04-23,C,0.016688587712777148
ETH,2024-05-17,C,C,A,false,-0.002348712674259623,0.599058303154981,0.01000646830530405,0.017781371280724434,-0.0027134540750323177,0.18427554980595096,0.19469598965071144,-0.014336998706338866,0.20883893919793017,0.24241267787839593,-0.014336998706338866,0.25945019404915914,0.286222509702458,-0.014336998706338866,2024-05-28,B,0.25944695989650723
ETH,2024-07-15,C,C,B,false,-0.052545061022958084,0.5778163334797999,-0.01121669728984831,0.004418350941662874,-0.039231166743224466,-0.0162781350482315,0.009703720716582431,-0.039231166743224466,0.009847266881028993,0.016384359209921984,-0.039231166743224466,-0.08834405144694524,0.02285829122645855,-0.11359382177308208,2024-07-23,A+B,-0.012514354616444567
ETH,2024-08-13,B,B,A,false,-0.041856396892387515,0.5825260444231399,-0.015167774307662807,0.028699989638992784,-0.02599132635692203,-0.0405966459939906,0.028699989638992784,-0.06909681621053565,-0.03341054750521755,0.028699989638992784,-0.06909681621053565,0.02221695948846225,0.03577877769719229,-0.06909681621053565,2024-08-15,C,-0.015167774307662696
ETH,2024-11-07,C,C,A,false,0.11675629204303162,0.6418197928679439,0.022890929624551415,0.029777549068026987,-0.00313247935568306,0.09937592169837717,0.12193184526173662,-0.00313247935568306,0.1203017126753172,0.1889261501586963,-0.00313247935568306,0.062349117759811,0.1889261501586963,-0.00313247935568306,2024-11-29,B,0.23599968226229273
ETH,2024-11-27,C,C,B,false,0.11224957289137505,0.6403684840622862,-0.020387214741861448,0.002367741776545529,-0.03380806784059209,0.01377669868364495,0.023461173140775227,-0.03380806784059209,-0.0026962146241585883,0.029214922521467068,-0.03380806784059209,0.09387480257413228,0.11892359447837153,-0.04195419446140036,2024-11-29,B,-0.020384477468131212
ETH,2025-01-07,A,A,B,false,-0.09358237979520534,0.558702312175237,-0.01597605661710988,0.009993168328251478,-0.05119613404272316,-0.033794594402761,0.009993168328251478,-0.06604245100271788,-0.033717701127669364,0.009993168328251478,-0.06604245100271788,0.027303027524835155,0.04270829944607257,-0.13642937204811156,2025-01-23,B,-0.041019604827714606
ETH,2025-01-18,A,A,B,false,-0.0003596743363001309,0.5998560785006102,-0.027992175855803603,0.04271232967823657,-0.053580876195313376,0.005995084212340185,0.044133252310510906,-0.053580876195313376,0.009220880911567253,0.044133252310510906,-0.053580876195313376,-0.06953148855250313,0.044133252310510906,-0.08697860453304551,2025-01-23,B,-0.0196812900768204
ETH,2025-02-13,B,B,A,false,-0.1058417431344929,0.5526518969894552,0.01871540844659858,0.043316753056015456,-0.004264033753508145,-0.005403849962815843,0.043316753056015456,-0.009197008823298436,-0.0014499957023323962,0.0649620497258836,-0.02632041167919208,0.053747005646761714,0.06781719590264101,-0.02632041167919208,2025-02-17,A,-0.005403849962815732
ETH,2025-03-24,C,C,A,false,0.04889413233926443,0.6186459742053165,-0.007231404958677579,0.007928118393234707,-0.021199308091485625,-0.0372573515279645,0.007928118393234707,-0.04785700557370742,-0.12162214107245817,0.007928118393234707,-0.13645973476840279,-0.12683547953103969,0.007928118393234707,-0.15913895829329228,2025-03-27,A,-0.034441668268306636
ETH,2025-06-04,A,A,A,false,-0.00024005071813448797,0.5999039566574729,-0.0742690820959625,0.012723953859369308,-0.08283991900846732,-0.03184823291201366,0.012723953859369308,-0.0867399374156338,0.02778331697140768,0.033098386305068006,-0.0867399374156338,-0.02949748435390831,0.10413087495398199,-0.0867399374156338,2025-06-30,C,-0.04125889679715278
ETH,2025-06-29,C,C,A,false,-0.010690186651801104,0.595677719352395,-0.005847789479578869,0.009683651388550096,-0.027635005139814983,0.028126987428452432,0.04767428372578597,-0.050834169969881104,0.0031798855241209623,0.05416205016619391,-0.050834169969881104,0.10745613157926304,0.11825574279325934,-0.050834169969881104,2025-07-02,A,-0.03803063089728764
ETH,2025-08-08,C,C,A,true,0.08140436088713265,1,0.06262860050230579,0.07898471384283856,-0.0007182922601515207,0.05330077740172734,0.08902584106287303,-0.0007182922601515207,0.18450883025606624,0.19312584330753646,-0.0007182922601515207,0.07569004691346315,0.1941608825018517,-0.0007182922601515207,2025-10-08,B,0.10928766856797956
ETH,2025-10-01,C,C,A,false,0.0013417961695512126,0.6005359992660584,0.03135212958512268,0.038801480210578054,-0.003518834966640072,0.0319960993829389,0.05601617284149385,-0.003518834966640072,0.07727177595370782,0.0892128159189336,-0.003518834966640072,-0.13827871472827924,0.09359871022049071,-0.2099870516072796,2025-10-08,B,0.022923024910131762
ETH,2025-11-10,B,B,A,false,0.024841990576161654,0.60969593002808,-0.04206735148618912,0.02254018526563617,-0.04557646762055578,-0.0942612497722718,0.02254018526563617,-0.11593256442955846,-0.11210392813599224,0.02254018526563617,-0.1395378168925263,-0.20562243367854594,0.02254018526563617,-0.21801364967697623,2025-11-27,C,-0.15171321664307635
ETH,2026-01-06,C,C,A,false,0.06357512268168741,0.6239099698087671,-0.03885853987011767,0.000003033216756875845,-0.05199236842664012,-0.06322133685995335,0.000003033216756875845,-0.07345844341382479,-0.05258991212771058,0.000003033216756875845,-0.07345844341382479,-0.00016682692161851254,0.03217029692158824,-0.07345844341382479,2026-01-08,B,-0.03885853987011778
ETH,2026-01-13,C,C,B,false,0.04426867564360437,0.6169568145348497,0.008746688796480884,0.023170156021203647,-0.013635693947074867,-0.008885000135304466,0.023170156021203647,-0.021895286289437488,-0.012568291223544081,0.023170156021203647,-0.021895286289437488,-0.11107603214836603,0.023170156021203647,-0.13822714931310376,2026-01-19,B,-0.012565284455308912
ETH,2026-03-04,C,C,A,false,-0.05644452519054721,0.5760715605187089,-0.0255819638223459,0.017101650934526536,-0.034095182580572425,-0.0741275243503442,0.017101650934526536,-0.08423432740400905,-0.06313226279568285,0.017101650934526536,-0.09925350682561773,-0.014629009815351202,0.038429355797074294,-0.09925350682561773,2026-03-07,A,-0.0698544620360273
BNB,2018-02-15,C,C,A,false,-0.1639657002749838,0.5215507304765298,0.034159435211060574,0.034159435211060574,-0.05316958376231784,-0.019791513457861343,0.08895609648477731,-0.05316958376231784,-0.09096926018532137,0.08895609648477731,-0.11016325930283866,-0.14049860273569637,0.08895609648477731,-0.20944256508310044,2018-02-19,A,-0.019791513457861343
BNB,2018-04-03,C,C,A,false,0.11911482882878133,0.642574658385482,-0.08048920083140043,0.015822212850558737,-0.09630388288098324,-0.07673133114438058,0.015822212850558737,-0.09630388288098324,-0.08643100280145799,0.015822212850558737,-0.09630388288098324,0.018164291954092082,0.04075669488206768,-0.13320480766334308,2018-04-17,A,-0.07866674699521048
BNB,2018-04-13,C,C,B,false,0.06872967132282892,0.62572387505168,-0.017100591715976332,0.026627218934911268,-0.04457100591715968,-0.09510355029585804,0.026627218934911268,-0.11161242603550303,-0.09024408284023677,0.026627218934911268,-0.148594674556213,0.009245562130177465,0.026627218934911268,-0.148594674556213,2018-04-17,A,-0.09510355029585793
BNB,2018-05-21,C,C,B,false,0.013792713032083181,0.6054420249247329,-0.05348672373371144,0.012076767897061247,-0.06690611198953167,-0.11204405430456355,0.012076767897061247,-0.17534485578757975,-0.128400850553405,0.012076767897061247,-0.17534485578757975,-0.032222888610217604,0.012076767897061247,-0.20867182814459406,2018-05-23,A+B,-0.05577667520854923
BNB,2018-06-17,C,C,B,false,0.10199174037804792,0.6370208728944045,0.01207669847385695,0.035477559375094225,-0.030131543300924046,-0.03210017759850681,0.035477559375094225,-0.060835013997170395,-0.06324312934589549,0.046326119021101064,-0.08732428283314764,-0.15272267541615236,0.046326119021101064,-0.1967791457210799,2018-06-21,A,-0.03213027904036603
BNB,2018-07-30,A,A,A,false,-0.0421592984610657,0.5823940250635289,0.04779754197051278,0.06772075694586421,-0.015500882194809829,0.0715070007648213,0.07528567209614034,-0.015500882194809829,0.05002385333605952,0.09573896120614589,-0.015500882194809829,-0.03334166306973507,0.09573896120614589,-0.09508772726928527,2018-08-28,C,-0.154228855721393
BNB,2018-09-21,C,C,B,false,0.03303729527446242,0.6127922952735932,-0.017659243420738657,0.011826920323402712,-0.046878132129323014,-0.039833525834995887,0.011826920323402712,-0.05420910453317551,-0.07293744809614278,0.011826920323402712,-0.10642319183665683,-0.04725040807170622,0.011826920323402712,-0.10642319183665683,2018-09-25,A+B,-0.042630368171361455
BNB,2018-11-30,A,A,B,false,-0.28541711361345445,0.4402328860369257,0.03475998591604412,0.05641406830718676,-0.020539102539024245,0.002816791205351832,0.063279996870232,-0.020539102539024245,0.18788388560697955,0.2949415124603889,-0.020539102539024245,-0.09479284848010627,0.2949415124603889,-0.19408473846876095,2018-12-04,A+C,0.0033645006063927063
BNB,2019-01-26,C,C,A,false,0.08780601856258374,0.6322873810456058,0.01357752724864314,0.03893280347861139,-0.022086878896519835,-0.11219097807150147,0.03893280347861139,-0.14474536737073984,-0.10443033418282865,0.03893280347861139,-0.14474536737073984,0.13263645918822808,0.14775459663369483,-0.14474536737073984,2019-02-08,B,0.12406951463579707
BNB,2019-02-04,C,C,A,false,0.053832782925864464,0.6204331403608088,0.10752097764261981,0.12230388015993676,-0.021498563946612648,0.09956636819282538,0.19389536520808703,-0.021498563946612648,0.25374500197105343,0.2559835557808188,-0.021498563946612648,0.23409078110041093,0.39381652306132797,-0.021498563946612648,2019-02-08,B,0.0991439995494734
BNB,2019-02-19,C,C,A,true,0.14466857131359134,1,0.04321453475598691,0.07894007851977802,-0.007250183881475358,0.02759654971486425,0.07894007851977802,-0.03235358736041716,-0.04977695415858707,0.07894007851977802,-0.10303093984926492,0.08046844402838937,0.1033843743731313,-0.11464651771471157,2019-04-04,A,0.770878905690296
BNB,2019-03-02,C,C,A,false,0.08599344042039525,0.6316736500312955,-0.02596883399680161,0.009671327957538223,-0.04816100166717685,0.15876458779898606,0.16957572045864389,-0.07709843149263373,0.28440679119458334,0.32353441529719995,-0.07709843149263373,0.30425130141880175,0.32353441529719995,-0.07709843149263373,2019-04-04,A,0.5769112993773606
BNB,2019-05-15,C,C,A,true,0.16312018345507795,1,-0.02034671396842913,0.035595569931581306,-0.06837390254445719,0.07387049651944477,0.08437178588996375,-0.1375974480897939,0.09062113375169556,0.1118696617824615,-0.1375974480897939,0.30490258917525015,0.3224916898952106,-0.1375974480897939,2019-07-24,A,0.09701208878024037
BNB,2019-06-20,C,C,A,false,0.06673550046186327,0.6250241978195977,0.0507090464547677,0.055419722901385526,-0.012866069002988478,0.012866069002988256,0.07563433849497403,-0.012866069002988478,-0.019448519424069666,0.07563433849497403,-0.029883183917413736,-0.1275740287965228,0.07563433849497403,-0.1301276826949198,2019-07-24,A,-0.2002689486552568
BNB,2019-07-20,C,C,A,false,-0.014966516747900949,0.5939224332969926,-0.021958601898323327,0.013042137123982167,-0.059189260399329036,-0.052351697502104666,0.04748378970638334,-0.06988901812853854,-0.07067302440058865,0.04748378970638334,-0.10859129495986786,-0.13287942369112726,0.04748378970638334,-0.15809293687464243,2019-07-24,A,-0.05411249847375832
BNB,2019-09-18,C,C,B,false,-0.12512089920265013,0.5427939704635225,-0.02991649325730339,0.010652289454008423,-0.09907304813123263,-0.05563512868325993,0.010652289454008423,-0.09907304813123263,-0.1296741705627471,0.010652289454008423,-0.136943851399436,-0.2912916970696069,0.010652289454008423,-0.3579124215153726,2019-10-02,B,-0.2852426379843075
BNB,2019-10-01,B,B,B,false,-0.15829704027497216,0.5247729672583376,0.0003339866027260996,0.0012792317047811697,-0.023246727876538364,-0.016106976539016493,0.003787282042233553,-0.04152146651626765,-0.05041937374361172,0.003787282042233553,-0.06105653195873684,0.043966500513583195,0.1342878208319418,-0.06386075909483335,2019-10-04,A+B,-0.013863594830139547
BNB,2019-11-15,A,A,A,false,0.004945888808433052,0.6019686189529259,-0.006112258528818693,0.015418665063020587,-0.01908109093956256,-0.05941706798901758,0.015418665063020587,-0.08316122067717902,-0.10866511231275044,0.015418665063020587,-0.12388660774580884,-0.2534319838715242,0.015418665063020587,-0.3158213840322175,2019-12-23,C,-0.3209083604852344
BNB,2019-12-22,C,C,A,false,-0.15330849756285003,0.5275729130992525,-0.0346234248882179,0.01218715521746705,-0.04186748737007151,-0.05155043261134662,0.01218715521746705,-0.06727251611404683,-0.03542186864874275,0.01218715521746705,-0.06727251611404683,-0.004239010510423191,0.043754718076766785,-0.06727251611404683,2020-01-19,B,0.29169328145868434
BNB,2020-01-30,C,C,A,true,0.05600044646441926,1,-0.015698680189914826,0.017477109459626883,-0.040726030276411085,-0.006596355836751111,0.017477109459626883,-0.040726030276411085,-0.020365709728008108,0.017477109459626883,-0.040726030276411085,0.3138819877450054,0.31395743625947814,-0.040726030276411085,2020-02-01,B,-0.015698680189914826
BNB,2020-03-19,C,C,A,false,-0.29443857811837426,0.43307557982229167,-0.028140982242632395,0.1134040800345848,-0.15157793420719923,-0.08912942404789681,0.1134040800345848,-0.15157793420719923,0.013564769121593434,0.1134040800345848,-0.15157793420719923,-0.07821561702162372,0.1134040800345848,-0.15157793420719923,2020-03-21,B,-0.029609207403117677
BNB,2020-05-28,C,C,A,true,0.0008155257814101979,1,-0.00432162746165865,0.007091451024483497,-0.0259766116801059,0.0008608119740702858,0.06549783625833738,-0.0259766116801059,0.011126141161452052,0.06576720599171981,-0.0259766116801059,0.019710837447077578,0.06576720599171981,-0.0259766116801059,2020-07-16,A,0.03268743155959242
BNB,2020-07-07,C,C,A,false,0.05155365992088323,0.6196104723461329,0.02871514033155753,0.03901901842316735,-0.013762314354593741,0.030524717997559625,0.04169766957349941,-0.023256644542992255,0.08928241911961665,0.10658055299264868,-0.023256644542992255,0.01595880829786611,0.13098008869311606,-0.023256644542992255,2020-07-16,A,0.049739575582606665
BNB,2020-09-13,C,C,A,true,0.36214329236131104,1,0.0027819133916882066,0.07133506173473325,-0.06948687013887112,-0.10576083887362997,0.07133506173473325,-0.17152244782709147,-0.11347768051954721,0.07133506173473325,-0.17152244782709147,-0.26736209153682267,0.07133506173473325,-0.29088482172651897,2020-09-16,A+B,-0.12997664091177463
BNB,2020-10-25,A,A,B,false,0.004186224621259393,0.6016675092800993,0.030281208726297804,0.04300097563565641,-0.005780807189173731,0.006623703300568717,0.07448679573375094,-0.011090388993236888,-0.054532723616356193,0.07448679573375094,-0.08704727518898792,-0.10533546601535793,0.07448679573375094,-0.1454924968972131,2020-10-27,C,0.030178335578844084
BNB,2021-02-01,C,C,A,false,0.137279102023927,0.6482833463763193,-0.009112949285300709,0.029602029675850128,-0.04504994541166585,0.08710238906523782,0.10837047023673074,-0.04504994541166585,0.4149373885407237,0.4666972309533337,-0.04504994541166585,1.4105314689118464,1.8828856830923808,-0.04504994541166585,2021-02-08,B,0.32789522148099515
BNB,2021-03-30,C,C,B,false,0.20688393043315378,0.6685679625741318,-0.02866658828472679,0.0173580660477064,-0.0876856190342189,0.08672447655962401,0.14677981934890316,-0.0876856190342189,0.12067445731750004,0.14677981934890316,-0.0876856190342189,0.4583978217530442,0.4583978217530442,-0.0876856190342189,2021-04-15,A,0.7668644846933566
BNB,2021-04-28,B,B,A,true,0.08344199569487798,1,0.06560289988983281,0.0933046661217527,-0.015601122996552808,0.10167383346956194,0.14710899463378246,-0.015601122996552808,0.20144639112974883,0.20828743025693885,-0.015601122996552808,0.14805074807207097,0.20828743025693885,-0.015601122996552808,2021-04-30,C,0.06553182415864112
BNB,2021-06-07,B,B,B,false,-0.2561450173519678,0.46226077752944617,-0.015198077890149153,0.02343968262837337,-0.10828630496731295,-0.016762585908252747,0.05819411074481762,-0.10828630496731295,-0.03978320388891998,0.05819411074481762,-0.10828630496731295,-0.014220260378834393,0.06045705984243166,-0.10828630496731295,2021-06-17,A,-0.029949153489411517
BNB,2021-09-06,B,B,A,true,0.017920050857369807,1,-0.15601693207014722,0.017536786938117332,-0.25619834710743805,-0.1507760532150776,0.017536786938117332,-0.25619834710743805,-0.18343075992743396,0.017536786938117332,-0.25619834710743805,-0.14472888530538197,0.017536786938117332,-0.25619834710743805,2021-10-02,C,-0.15057448095142112
BNB,2021-10-01,C,C,A,false,0.029729978060297313,0.6115486501097306,0.013526340768865719,0.039867109634551534,-0.025628856193640193,0.011627906976744207,0.039867109634551534,-0.025628856193640193,0.03203607024205035,0.053630754627432387,-0.025628856193640193,-0.01969625059326041,0.06786900806834373,-0.051257712387280385,2021-10-22,A+B,0.11746559088751773
BNB,2021-11-02,B,B,B,false,0.09876789222034632,0.6359558712698676,0.025252525252525304,0.0283189033189033,-0.030483405483405446,0.0954184704184704,0.1127344877344878,-0.030483405483405446,0.1717171717171717,0.20725108225108224,-0.030483405483405446,0.13077200577200587,0.20725108225108224,-0.030483405483405446,2021-11-04,C,0.025252525252525304
BNB,2021-12-27,C,C,A,false,-0.07952120937221918,0.5654435451715364,-0.052332801135355655,0,-0.06262196203654435,-0.08018449529891791,0,-0.09827922653893917,-0.06457335462125258,0,-0.10235941103423818,-0.16161078587901367,0,-0.18928508071669337,2021-12-29,A+B,-0.052332801135355544
BNB,2022-01-12,C,C,A,false,-0.04532853027411199,0.5810076946000587,-0.02583025830258312,0.0041000410004099486,-0.04366543665436662,0.013735137351373439,0.026855268552685496,-0.04366543665436662,-0.02583025830258312,0.037310373103730976,-0.04366543665436662,-0.2654776547765477,0.037310373103730976,-0.3105781057810578,2022-01-18,A,-0.026035260352603506
BNB,2022-01-17,A,A,B,false,-0.00017362398573395055,0.5999305383454971,-0.007787834140181138,0.009471690170490321,-0.037676278678173136,-0.07345821932224805,0.009471690170490321,-0.07766785939802157,-0.2458429804251736,0.009471690170490321,-0.29214902125868236,-0.1793306672279521,0.009471690170490321,-0.2927804672700485,2022-02-06,C,-0.12902546832245831
BNB,2022-02-05,C,C,A,false,0.06836193971979543,0.6255950487108235,0.014741420976317032,0.021024649589173494,-0.01643305944900919,-0.014499758337361057,0.07636539391010144,-0.018366360560657324,0.0021749637506041086,0.07636539391010144,-0.018366360560657324,0.04494925084581913,0.07636539391010144,-0.05630739487675207,2022-02-09,A,-0.014258095698405082
BNB,2022-02-15,C,C,B,false,0.048275862068965614,0.6184210526315789,-0.011794634597594778,0.0025439407955596405,-0.023589269195189666,-0.0767807585568917,0.0025439407955596405,-0.0929694727104533,-0.11979648473635518,0.0025439407955596405,-0.13274745605920435,-0.13274745605920435,0.0025439407955596405,-0.25185013876040696,2022-02-18,A,-0.06938020351526364
BNB,2022-04-05,B,B,B,false,0.11670695154975586,0.6418039670614716,-0.05531819203957722,0.008769957274567197,-0.05936586462783899,-0.05217000224870694,0.011918147065437479,-0.06408814931414442,-0.059815606026534685,0.011918147065437479,-0.06408814931414442,-0.06161457162131767,0.011918147065437479,-0.12030582415111313,2022-05-16,C,-0.2975039352372386
BNB,2022-05-15,C,C,A,false,-0.15062046813005103,0.5290680020044971,-0.04865556978233032,0.0003201024327785795,-0.07074263764404598,-0.07906530089628683,0.0003201024327785795,-0.08194622279129316,-0.0326504481434059,0.011843790012804334,-0.08194622279129316,0.04257362355953909,0.08162612035851469,-0.08194622279129316,2022-05-17,A,-0.04833546734955185
BNB,2022-06-24,C,C,A,false,0.016643732928056654,0.6065485016585389,-0.0024968789013734005,0.0074906367041198685,-0.04411152725759482,-0.027049521431543933,0.020391177694548457,-0.04411152725759482,-0.08572617561381612,0.020391177694548457,-0.10362047440699129,-0.03662089055347484,0.020391177694548457,-0.1452351227632127,2022-07-11,A,-0.023304203079484
BNB,2022-07-28,C,C,B,false,0.07934974074058188,0.6294064982815069,0.059163059163059195,0.08946608946608947,-0.008658008658008587,0.022366522366522368,0.08946608946608947,-0.008658008658008587,0.023809523809523947,0.08946608946608947,-0.010822510822510845,0.16450216450216448,0.17568542568542567,-0.010822510822510845,2022-09-14,A,0.00108225108225124
BNB,2022-10-04,C,C,A,false,0.0670341134352086,0.6251291360196158,-0.007087411407357469,0.0003374957813027102,-0.0239622004724942,-0.04724940938238276,0.006074924063449227,-0.05973675329058381,-0.06108673641579487,0.006074924063449227,-0.07154910563617956,-0.09078636517043548,0.006074924063449227,-0.13331083361457985,2022-10-07,A,-0.03172460344245709
BNB,2022-10-25,C,C,A,false,0.027521290900941242,0.6107136625370789,0.02111189303307537,0.027445460942997935,-0.00035186488388450066,0.04820548909218858,0.05946516537649549,-0.00035186488388450066,0.10309641097818445,0.12174524982406765,-0.00035186488388450066,0.2477128782547504,0.2628430682617875,-0.00035186488388450066,2022-11-02,B,0.1393384940182969
BNB,2023-01-04,C,C,A,false,0.018328828417332632,0.6071995716534192,-0.008497489378138212,0.0011587485515642815,-0.014291232135959842,0.009269988412514696,0.01931247585940521,-0.018153727307840817,0.05291618385477026,0.09501738122827352,-0.018153727307840817,0.178447276940904,0.2143684820393974,-0.018153727307840817,2023-01-31,B,0.18655851680185398
BNB,2023-03-13,C,C,B,false,-0.007230574119039934,0.5970867055610123,0.0016239038648913073,0.03767456966547589,-0.019162065605716094,0.06982786619032155,0.08087041247158178,-0.02565768106528088,0.07502435855797351,0.12471581682364419,-0.02565768106528088,0.06982786619032155,0.12471581682364419,-0.02565768106528088,2023-03-23,B,0.04319584280610589
BNB,2024-01-16,B,B,B,false,0.03709298030458985,0.6143065206337414,-0.018089495398286415,0.0038083148206917716,-0.026340844176451994,-0.001269438273564072,0.0038083148206917716,-0.03205331640748976,0.011107584893684574,0.020945731513805077,-0.03205331640748976,-0.04093938432243738,0.020945731513805077,-0.08759124087591252,2024-02-09,C,0.01301174230403035
BNB,2024-02-08,C,C,B,false,0.003291168786863974,0.6013121490108773,0.015037593984962516,0.02224310776942362,-0.004072681704260672,0.0046992481203007586,0.02224310776942362,-0.004072681704260672,0.017230576441102707,0.0407268170426065,-0.011278195488721665,0.09586466165413543,0.14912280701754388,-0.011278195488721665,2024-02-14,B,0.016917293233082775
BNB,2024-03-07,C,C,A,false,0.08665305465481987,0.6318972294914665,0.02359882005899694,0.031605562579013924,-0.025495153813737903,0.11441213653603022,0.1325326590813316,-0.025495153813737903,0.1325326590813316,0.1557100716392752,-0.025495153813737903,0.20459334176148336,0.35946059839865163,-0.025495153813737903,2024-03-12,B,0.10198061525495139
BNB,2024-03-29,C,C,A,false,0.05981020626744282,0.6225739310354782,-0.019265306122448922,0.0006530612244897149,-0.025469387755102102,-0.059918367346938894,0.0006530612244897149,-0.07151020408163256,-0.08326530612244898,0.0006530612244897149,-0.12,-0.04261224489795923,0.0006530612244897149,-0.12,2024-05-15,A,-0.07412244897959186
BNB,2024-05-14,A,A,B,false,-0.0338439237181809,0.5859882167906342,0.024510668312466954,0.035619820137541724,-0.012519837771116205,0.024334332569211803,0.035619820137541724,-0.012519837771116205,0.01304884500088166,0.035619820137541724,-0.012519837771116205,0.058543466760712315,0.11338388291306645,-0.012519837771116205,2024-05-22,C,0.09063657203315101
BNB,2024-06-04,C,C,A,false,0.08319387407143752,0.6307216929721856,0.01910456467843069,0.04418842059209549,-0.0014583637159107932,-0.0024792183170483373,0.052646930144377935,-0.0390841475864081,-0.018521219192066618,0.052646930144377935,-0.0390841475864081,-0.12016917019104578,0.052646930144377935,-0.13956540761265868,2024-07-21,B,-0.1348986437217442
BNB,2024-08-14,C,C,B,false,-0.055536758940564424,0.5764790172761972,-0.008024455483377824,0.020061138708444837,-0.02560183416125328,0.034772640427971124,0.04642720672525802,-0.025792892625143282,0.06687046236148264,0.07126480703095162,-0.025792892625143282,0.10909438288116169,0.14749713412304177,-0.025792892625143282,2024-09-17,A,0.01967902178066505
BNB,2024-09-13,C,C,A,false,0.043163383612742745,0.6165509580918214,-0.005571531272465902,0.005032350826743581,-0.01599568655643413,-0.040797987059669194,0.009884974838245908,-0.05283968368080516,0.005571531272465791,0.009884974838245908,-0.05283968368080516,0.08644859813084116,0.10711718188353703,-0.05283968368080516,2024-09-17,A,-0.040797987059669194
BNB,2024-11-09,C,C,A,false,0.06513147076964865,0.624459504786798,0.004258248355131666,0.03126450766004463,-0.020891030464084914,0.0010565578625516547,0.06840411737397356,-0.023484399763074815,-0.003794003233707377,0.06840411737397356,-0.04173403557078126,-0.014679750908479616,0.06840411737397356,-0.04173403557078126,2024-11-14,A,-0.0063873725326973885
BNB,2024-11-23,C,C,B,false,0.03373405175428168,0.6130532806564837,0.014190830540266264,0.057393684081055385,-0.02050982442114313,-0.05674794748008971,0.057393684081055385,-0.07748839211586356,0.005242766212601113,0.057393684081055385,-0.07748839211586356,0.12948556317456417,0.15311644783370748,-0.07748839211586356,2024-11-29,B,0.005258140893576568
BNB,2025-01-03,C,C,A,false,0.02459191302089314,0.6096006664539784,-0.0020423293745716053,0.009750024479975528,-0.009861932938855955,0.02035335095891555,0.04255319148936154,-0.017289856897058198,-0.026354442066389705,0.04255319148936154,-0.05616405780071898,-0.03669198595548839,0.04255319148936154,-0.07675521423475595,2025-01-08,B,-0.023598696266453945
BNB,2025-02-12,C,C,A,false,0.014856970190888275,0.6058557887967578,-0.04620329449578131,0.050335763071801765,-0.055443953394937684,-0.049804855650576685,0.050335763071801765,-0.06445503070653724,-0.04219996556276184,0.050335763071801765,-0.06445503070653724,-0.04067898754519872,0.050335763071801765,-0.09652470871836072,2025-03-29,B,-0.11064397635309653
BNB,2025-03-17,C,C,B,false,-0.02463725079183643,0.5898961690666009,-0.006126519756838866,0.018442882472137878,-0.018047112462006076,-0.0019155268490373967,0.018442882472137878,-0.04324974670719339,-0.007392983789260343,0.018442882472137878,-0.04324974670719339,0.008991894630192565,0.020896656534954428,-0.04324974670719339,2025-03-29,B,-0.018791160081053637
BNB,2025-03-28,B,B,B,false,-0.007186249142697165,0.5971046939523181,-0.027137348542295103,0.006501992546102953,-0.036850002420096395,-0.02420096481179712,0.006501992546102953,-0.052516093641599815,-0.04699827366451004,0.006501992546102953,-0.05640438198802844,-0.10520966102515272,0.006501992546102953,-0.16103321985769825,2025-04-23,C,-0.002113550926896912
BNB,2025-04-22,C,C,B,false,0.026830262835257024,0.6104516837130117,-0.020679062247372593,0.0024090541632983964,-0.027679870654810035,-0.030056588520614436,0.0024090541632983964,-0.04189167340339528,-0.02431689571544049,0.0024090541632983964,-0.04189167340339528,-0.028795472918350717,0.0024090541632983964,-0.043783346806790635,2025-04-28,B,-0.02431689571544049
BNB,2025-07-02,C,C,B,false,0.0021829645916171536,0.6008712838548425,0.00589661967561006,0.007382143398514396,-0.004547521600727578,-0.0053660754888587014,0.007382143398514396,-0.014385326663635012,0.002061543125662979,0.008018796422616381,-0.014385326663635012,0.03965438835834467,0.05690465363043806,-0.014385326663635012,2025-07-20,A,0.11141427921782632
BNB,2025-09-12,C,C,B,false,0.0485215962144514,0.6185104804286845,0.00959115926514631,0.020598825704739365,-0.002919518603821225,-0.005547085347260561,0.02177744617813393,-0.0153220661541289,0.07046852867075404,0.07637244406959276,-0.0153220661541289,0.07362593397562756,0.17155956358603408,-0.0153220661541289,2025-09-14,B,0.00959115926514631
BNB,2025-10-03,C,C,A,true,0.18981399682238442,1,-0.03249537581974116,0.0008996132503782395,-0.04579619976458715,0.028409281990919855,0.042492012779552724,-0.04579619976458715,0.09920968555574228,0.13501765596098858,-0.04579619976458715,0.08840591895073135,0.15613754834370264,-0.27685387590381705,2025-11-28,B,-0.2468891878257946
BNB,2025-11-26,C,C,A,false,-0.0425211611348143,0.5822361980614794,0.004451820536685469,0.01467867275194279,-0.00893728203460542,-0.021160164616436994,0.016517711966089976,-0.026374513607768768,-0.07306816780111458,0.016517711966089976,-0.10100137927941055,-0.0015586978705270926,0.04089619520728438,-0.10100137927941055,2025-11-28,B,0.0044630341904303705
BNB,2026-02-21,B,B,A,false,-0.11523579244566406,0.5479021454702836,-0.017279135563689985,0.002014034302520784,-0.024919678393887645,-0.06715046114991763,0.002014034302520784,-0.077604258243954,0.00020779718994257124,0.023880692444174345,-0.077604258243954,0.012707597384952196,0.04357347229104391,-0.077604258243954,2026-03-03,C,0.01946899825770032
SOL,2020-11-01,C,C,A,false,-0.10714615093557167,0.5519983473004707,-0.08322965911918379,0.022144812142324,-0.09050758895247568,-0.13461059965165456,0.022144812142324,-0.20794973874098022,0.1818860413038068,0.21186862403582984,-0.20794973874098022,0.24409056979348098,0.5535580990296094,-0.20794973874098022,2020-11-03,A,-0.08378949987559092
SOL,2020-11-16,C,C,B,false,0.10656194502207339,0.6385200107419011,-0.029428634458416036,0.02801676593867186,-0.06243106110743446,-0.08007941760423565,0.02801676593867186,-0.11753805426869623,0.051047871166997494,0.10743437017427726,-0.11753805426869623,-0.156805647474079,0.10743437017427726,-0.24059121994264288,2020-11-20,A,-0.08047650562541364
SOL,2020-12-29,C,C,A,false,0.0034573074908330614,0.6013781582793903,-0.08270586829209992,0.010099199235090284,-0.08957810445798964,0.1008127166248356,0.1115095016134815,-0.15142822995099803,0.301482012668818,0.4222540934624117,-0.15142822995099803,0.9250627465041235,1.2708258635114138,-0.15142822995099803,2021-01-07,A,0.15955539619935455
SOL,2021-01-03,C,C,B,false,0.25159219959688284,0.6804070845688928,0.1431915186562025,0.14686309605764358,-0.14635825416494563,-0.10899995410528251,0.1516361466795173,-0.14635825416494563,0.4784524301252926,0.7439992656845196,-0.14635825416494563,0.617421634769838,0.7807150396989306,-0.14635825416494563,2021-01-07,A,-0.10945890128046265
SOL,2021-01-26,C,C,B,false,0.13612232491330079,0.6479252354885952,-0.09075164530654667,0.00009896580731361126,-0.13122866049779802,-0.05257558513533578,0.00009896580731361126,-0.13122866049779802,0.05213023900242475,0.18882676035429746,-0.13122866049779802,0.6578009797614923,0.7674798357167596,-0.13122866049779802,2021-01-28,A,-0.09347320500766987
SOL,2021-02-23,C,C,B,false,0.4995453679194002,0.7332524853482794,0.1266626856269153,0.194653157380126,-0.029345950167006696,-0.10779649449763429,0.194653157380126,-0.14035789984841418,-0.14109942318671298,0.194653157380126,-0.25079894218086607,-0.17722407785338834,0.194653157380126,-0.25079894218086607,2021-04-09,B,0.7669319964039403
SOL,2021-03-28,C,C,A,false,0.12227185715758093,0.643580120584067,0.04904093664369347,0.05178665338094057,-0.023283235074317066,0.073160065321487,0.1553046029505385,-0.023283235074317066,0.0933100833125744,0.1553046029505385,-0.023283235074317066,0.4690968474078996,0.5234465387915526,-0.023283235074317066,2021-04-09,B,0.49055329513687096
SOL,2021-04-24,C,C,B,true,0.48618627479384746,1,0.16039410072822968,0.1907227219876384,-0.006866164861391466,0.056165473349244266,0.1907227219876384,-0.006866164861391466,0.03993635640413684,0.1907227219876384,-0.008236950003059795,0.04365705893152194,0.22367052199987758,-0.008236950003059795,2021-04-27,B,0.07420598494584185
SOL,2021-05-18,C,C,A,true,0.2376764984887847,1,-0.37486823062766894,0.03076703174971862,-0.5265236112848184,-0.3045257195947757,0.03076703174971862,-0.5265236112848184,-0.5616144651503511,0.03076703174971862,-0.6584359198842216,-0.4820525648126641,0.03076703174971862,-0.6584359198842216,2021-06-08,A,-0.31747931890868153
SOL,2021-06-07,A,A,A,false,0.1297751506169258,0.6459472490773268,0.07971204188481651,0.11507853403141355,-0.12041884816753934,0.07604712041884798,0.15183246073298418,-0.12041884816753934,-0.045130890052356154,0.15183246073298418,-0.12041884816753934,0.027879581151832422,0.15183246073298418,-0.12041884816753934,2021-07-08,C,-0.04013089005235615
SOL,2021-07-30,C,C,A,false,0.1386158076316062,0.6486962526613558,0.13568646844285093,0.14372256907955738,-0.021666563639735403,0.02512826852939365,0.14372256907955738,-0.021666563639735403,0.10527291834085428,0.14372256907955738,-0.021666563639735403,0.19447363540829588,0.251777214563887,-0.021666563639735403,2021-08-18,A,0.982289670519874
SOL,2021-10-15,C,C,B,false,0.040522780892574994,0.6155778543773214,-0.03438553478394124,0.010113392583512182,-0.04161814281336185,-0.036959852896107925,0.02758197977321486,-0.06141587496169176,0.08317499233833892,0.08409439166411281,-0.06184492798038621,0.285320257431811,0.34189396261109417,-0.06184492798038621,2021-10-20,A,-0.045234446828072206
SOL,2021-12-18,C,C,A,false,-0.14626544662928076,0.531470293171668,-0.01559251559251551,0.03638253638253652,-0.02620636831163148,-0.01723383302330672,0.03638253638253652,-0.0781814202866834,0.0396651712441185,0.05864974286026925,-0.0781814202866834,-0.029871977240398362,0.1201991465149359,-0.0781814202866834,2021-12-20,B,-0.015756647335594676
SOL,2022-01-02,B,B,A,false,-0.009376067020661405,0.5962140761156607,-0.03510264262220708,0.0008506294658048308,-0.05529091527730523,-0.12373823295905628,0.0008506294658048308,-0.17817851877055702,-0.22621072927299546,0.0008506294658048308,-0.2453215379380741,-0.14080753090620401,0.0008506294658048308,-0.2627877963025973,2022-02-01,C,-0.43574912101621865
SOL,2022-01-30,B,B,A,false,-0.20271249121923895,0.49829892530024256,0.06680248766888264,0.0872828651082993,-0.04374865966116237,0.09242976624490651,0.21874329830581152,-0.04374865966116237,0.2075916791764958,0.21874329830581152,-0.04374865966116237,0.22163843019515328,0.3074201158052756,-0.04374865966116237,2022-02-01,C,0.06690971477589525
SOL,2022-02-26,C,C,A,false,0.05233206181719274,0.6198918435410299,-0.05119113573407208,0.02149584487534617,-0.06836565096952907,0.0931855955678671,0.1412742382271468,-0.06836565096952907,0.059501385041551336,0.17927977839335196,-0.06836565096952907,-0.08786703601108037,0.17927977839335196,-0.11445983379501379,2022-02-28,A,-0.05141274238227145
SOL,2022-05-23,B,B,A,false,-0.30798914268356015,0.4219743870043217,0.010168802115110731,0.034167175106772474,-0.0420988407565589,-0.11653447223917035,0.034167175106772474,-0.15212527964205824,-0.10006101281269064,0.034167175106772474,-0.18791946308724838,-0.16920886719544437,0.034167175106772474,-0.2245271507016473,2022-06-20,C,-0.3046573113687209
SOL,2022-08-01,A,A,A,false,0.020867791309416184,0.6081764912115212,-0.0446578631452581,0.019207683073229287,-0.05162064825930368,-0.06770708283313331,0.019207683073229287,-0.10132052821128446,-0.037935174069627764,0.019207683073229287,-0.10132052821128446,0.026890756302521135,0.08811524609843935,-0.10132052821128446,2022-08-13,C,0.09219687875150062
SOL,2022-08-12,C,C,A,false,0.07261067370137364,0.6270781096931688,0.02440096724554852,0.0635304462519235,-0.004836227742360921,-0.038909650472631396,0.0635304462519235,-0.06023301824576832,-0.10881512420312167,0.0635304462519235,-0.11672895141789408,-0.2215871620136295,0.0635304462519235,-0.25851835568256765,2022-08-16,A,-0.038909650472631285
SOL,2022-09-09,C,C,A,false,-0.030054709487361442,0.5876056063032269,0.010092272202998798,0.02104959630911174,-0.011822376009227087,0.07958477508650508,0.10697808535178788,-0.018454440599769306,-0.016147635524798254,0.1248558246828142,-0.05795847750865046,-0.05940023068050759,0.1248558246828142,-0.12053056516724336,2022-09-14,A+B,-0.04844290657439454
SOL,2022-12-06,C,C,A,false,-0.07899683208213626,0.5656909618407822,-0.056643356643356624,0.002797202797202747,-0.0636363636363636,-0.04965034965034976,0.002797202797202747,-0.07202797202797206,-0.06153846153846154,0.002797202797202747,-0.07202797202797206,-0.14335664335664344,0.04615384615384621,-0.16083916083916083,2022-12-08,A+B,-0.056643356643356624
SOL,2023-02-20,C,C,B,false,0.047538073068728925,0.6181523036883871,-0.04874333587204882,0.013328255902513186,-0.06702208682406707,-0.08948971820258955,0.013328255902513186,-0.11614623000761615,-0.14813404417364817,0.013328255902513186,-0.1846915460776848,-0.1622239146991623,0.013328255902513186,-0.1846915460776848,2023-03-16,A,-0.266945925361767
SOL,2023-06-01,A,A,A,false,-0.012626382793306967,0.5948848611819192,0.03757930697901424,0.04294777940458783,-0.009272816007808604,0.0649097120546609,0.08833577354807232,-0.009272816007808604,-0.005368472425573478,0.08833577354807232,-0.0712542703757929,-0.24109321620302582,0.08833577354807232,-0.375305026842362,2023-06-05,C,0.06539775500244027
SOL,2023-09-18,C,C,B,false,-0.11370309890471775,0.5486839686501424,0.019338422391857568,0.03918575063613239,-0.003562340966921096,-0.009669211195928673,0.045292620865140076,-0.018320610687022842,-0.008142493638676807,0.045292620865140076,-0.025445292620865145,0.015776081424936583,0.045292620865140076,-0.04681933842239172,2023-09-22,A,-0.010178117048346036
SOL,2023-12-03,B,B,A,false,0.018152462230423216,0.6071315300620724,-0.02143197332909985,0.03587871090649308,-0.051436735989839666,-0.01809811081123991,0.058580727099539764,-0.06159707890141297,0.1897126528020321,0.195427845689792,-0.06159707890141297,0.12113033814891261,0.2347991744721385,-0.06159707890141297,2023-12-08,C,0.07540879504683273
SOL,2023-12-21,C,C,A,false,0.17611173726335005,0.6598962604261184,0.04304282974643092,0.060089494992542125,-0.037502663541444714,0.19806094182825484,0.2582569784785851,-0.037502663541444714,0.19848710845940754,0.3462603878116344,-0.037502663541444714,0.08374174302152149,0.3462603878116344,-0.037502663541444714,2023-12-27,B,0.19838056680161942
SOL,2024-01-29,C,C,A,false,-0.04530600159758191,0.5810175818960225,-0.0026556506344054265,0.04740828169568201,-0.007081735025081137,-0.037965968328907196,0.04740828169568201,-0.08419396085374253,-0.036490606865348774,0.04740828169568201,-0.08419396085374253,0.010720959968525623,0.04740828169568201,-0.0864561817645324,2024-02-04,B,-0.03658896429625258
SOL,2024-03-30,B,B,A,true,0.041042744740687365,0.9999999999999999,0.04253566095061534,0.04624336989546318,-0.0025747978783665637,-0.06519388228024103,0.052886348421648854,-0.09408311447551376,-0.05247438076111022,0.052886348421648854,-0.09408311447551376,-0.1121066996240796,0.052886348421648854,-0.13569184818991709,2024-04-01,C,0.04253566095061534
SOL,2024-04-23,B,B,A,false,-0.061602377438652045,0.573741460567426,-0.04504038772213248,0.03263327948303729,-0.05925686591276247,-0.10029079159935383,0.03263327948303729,-0.10345718901453949,-0.10830371567043617,0.03263327948303729,-0.1413247172859451,-0.07147011308562201,0.03263327948303729,-0.23444264943457194,2024-05-07,C,-0.012536348949919285
SOL,2024-05-06,C,C,A,false,0.08067570492828469,0.6298612079684491,-0.03128067534847201,0.04175119429356711,-0.03304757542045689,-0.0015705778417642868,0.04175119429356711,-0.08382959230416864,-0.04836070937765857,0.04175119429356711,-0.08382959230416864,0.04292912767489043,0.07839801060140039,-0.09835743734048819,2024-05-09,A,-0.0696289509848832
SOL,2024-05-14,B,B,B,false,-0.01668667104606847,0.5932120635184229,0.11610223192283331,0.11863690769555713,-0.005773428148982518,0.19298739702879675,0.22509329014996826,-0.005773428148982518,0.1964373723861157,0.23959726818277827,-0.005773428148982518,0.18073646412729705,0.32993029641625005,-0.005773428148982518,2024-05-16,C,0.11610223192283309
SOL,2024-06-27,C,C,A,false,-0.06774300779418208,0.5709337625309111,-0.06465833945628219,0.0075479259902477835,-0.07147151158907228,-0.020706699619263857,0.0075479259902477835,-0.08429630619197115,0.02885578785652254,0.03533498096319554,-0.08429630619197115,-0.1207000200387417,0.03533498096319554,-0.19177075679647326,2024-07-04,A+B,-0.0592478792331842
SOL,2024-07-02,C,C,B,false,0.05965731695317822,0.6225194753053601,-0.08563266896059207,0.0030513536324092705,-0.0975134714016751,-0.12796208530805697,0.0030513536324092705,-0.21443874569888988,-0.14536129325456093,0.0030513536324092705,-0.21443874569888988,-0.09459196260468739,0.0030513536324092705,-0.21443874569888988,2024-07-04,A+B,-0.08563266896059207
SOL,2024-07-14,C,C,A,false,0.07268097947380014,0.6271025517799164,0.07937152918867674,0.08323174861167537,-0.004469727752945962,0.053094947853176144,0.10930516050386041,-0.004469727752945962,0.1454015982662875,0.16768251388324518,-0.004469727752945962,0.20587836922660174,0.25402952729242845,-0.004469727752945962,2024-07-26,B,0.16389001760801847
SOL,2024-10-20,C,C,A,true,0.14704917184867528,1,-0.007347670250896221,0.026045400238948524,-0.03829151732377534,0.020609318996415604,0.04121863799283165,-0.03829151732377534,-0.014934289127837563,0.07108721624850656,-0.04946236559139783,0.044623655913978544,0.09545997610513735,-0.04946236559139783,2024-10-26,A+B,-0.014874551971326144
SOL,2025-01-02,C,C,B,false,-0.07418327203095987,0.5679490465921067,0.04651944311089773,0.05535285645703314,-0.01281805088814214,0.02453192510801716,0.05535285645703314,-0.01281805088814214,-0.029428708593375097,0.07143542966874694,-0.031204992798847808,-0.09500720115218442,0.07143542966874694,-0.12626020163226126,2025-03-07,B,-0.3120499279884782
SOL,2025-03-02,C,C,B,false,-0.1543581280173668,0.5269865255581683,-0.20456580125335722,0.004196508504923813,-0.22107206803939117,-0.18151298119964188,0.004196508504923813,-0.2689122649955238,-0.2200649059982096,0.004196508504923813,-0.2689122649955238,-0.2915174574753805,0.004196508504923813,-0.37332139659803043,2025-03-07,B,-0.19818710832587283
SOL,2025-04-11,C,C,A,false,0.09079312336241752,0.6332943512084285,0.08920187793427248,0.10460423358866655,-0.016473107651758467,0.06597479614529278,0.1212420723169425,-0.016473107651758467,0.08170661395272227,0.1212420723169425,-0.016473107651758467,0.12478379046207078,0.1798863355572029,-0.016473107651758467,2025-05-12,B,0.42657112264228636
SOL,2025-06-24,B,B,A,false,-0.09504762909947229,0.5579877871340834,-0.016172137326115332,0.013842253135064597,-0.025217570067840755,-0.026313986157746938,0.014184883163160356,-0.06023435893921758,0.05064071815253879,0.06057698896731312,-0.06023435893921758,0.01212910299458625,0.09634756390050025,-0.06023435893921758,2025-06-27,A,-0.047145891865963185
SOL,2025-07-09,C,C,B,false,0.037706740779518855,0.6145346423214689,0.046351712721252936,0.053291735642429616,-0.009041130778046691,0.02311218642556989,0.07092830765312619,-0.009041130778046691,0.03279001655418323,0.07379345473067622,-0.009041130778046691,0.12670317076276594,0.1757926906914553,-0.009041130778046691,2025-07-24,B,0.2059085699732588
SOL,2025-08-12,C,C,A,false,0.009682436135621808,0.6038358342342487,0.05079000886478591,0.06878030974604998,-0.0015122281900193935,-0.031548208791781884,0.09433175157741047,-0.044167492308494594,-0.0040673723731553535,0.09433175157741047,-0.044167492308494594,0.046514053293007285,0.09433175157741047,-0.08385044584658707,2025-08-19,B,-0.04604474109610479
SOL,2025-11-10,B,B,A,false,-0.11921111656544137,0.5458616616047249,-0.07578746040284501,0.0276731815193354,-0.07997131074054153,-0.13495905803598118,0.0276731815193354,-0.15701392624469557,-0.16556093479170397,0.0276731815193354,-0.18857211164903476,-0.2010638933715858,0.0276731815193354,-0.23005199928276854,2025-11-27,C,-0.14523937600860692
SOL,2026-02-14,C,C,A,false,-0.09483838528411315,0.5580899659277393,-0.021576198046786343,0.03633885986827168,-0.03599818305700664,-0.03384056325232798,0.03633885986827168,-0.06257097433568026,-0.06313876902112203,0.03633885986827168,-0.09595730183965478,-0.10299795593913252,0.03633885986827168,-0.1411537588008177,2026-03-07,A,-0.038269361798773716
SOL,2026-03-04,C,C,B,false,0.03418413014421673,0.6132216804136995,-0.02300242130750607,0.02311248073959926,-0.032467532467532534,-0.08408540611930448,0.02311248073959926,-0.09443099273607747,-0.06493506493506496,0.02311248073959926,-0.11666299801893021,-0.031146819282412475,0.023332599603786086,-0.11666299801893021,2026-03-07,A,-0.06790666960158487
SOL,2026-04-12,B,B,A,false,-0.007709833756653017,0.5968921051446712,0.06095168015697805,0.06463085602158447,-0.0017169487368162706,0.04120676968359094,0.07517782683345597,-0.0017169487368162706,0.08854549914152554,0.11270542065244049,-0.0017169487368162706,0.02366936472896719,0.11270542065244049,-0.0017169487368162706,2026-04-14,C,0.06095168015697805
