symbol,entry_family,entry_signal,c_signal,c_exec,sell_signal,sell_set,sell_exec,leg_return,days,period
BTC,A,2019-03-05,2019-03-07,2019-03-08,2019-03-10,B,2019-03-11,0.00992504886024026,3,2017-2020
BTC,A,2019-05-20,2019-05-21,2019-05-22,2019-06-20,C,2019-06-21,0.2029313372482029,30,2017-2020
BTC,A,2020-11-29,2020-12-01,2020-12-02,2020-12-16,C,2020-12-17,0.13585081675787136,15,2017-2020
BTC,B,2023-11-25,2023-11-28,2023-11-29,2023-12-02,B,2023-12-03,0.042096417591355184,4,2021-2023
BTC,B,2024-04-05,2024-04-06,2024-04-07,2024-05-07,A,2024-05-08,-0.09646729751415495,31,2024-2026
BTC,A,2024-11-28,2024-11-29,2024-11-30,2025-01-06,C,2025-01-07,0.04795213925973618,38,2024-2026
BTC,A,2026-03-23,2026-03-24,2026-03-25,2026-04-12,A,2026-04-13,0.0016173336963052343,19,2024-2026
ETH,A,2017-12-25,2017-12-27,2017-12-28,2018-01-02,C,2018-01-03,0.1545977068906519,6,2017-2020
ETH,A,2018-05-12,2018-05-14,2018-05-15,2018-07-02,C,2018-07-03,-0.34591002207455845,49,2017-2020
ETH,A,2019-06-11,2019-06-13,2019-06-14,2019-06-21,C,2019-06-22,0.15426197452182966,8,2017-2020
ETH,A,2020-05-07,2020-05-08,2020-05-09,2020-05-30,C,2020-05-31,0.15212195624693825,22,2017-2020
ETH,A,2020-12-25,2020-12-26,2020-12-27,2020-12-28,C,2020-12-29,0.14468807263035144,2,2017-2020
ETH,A,2021-04-20,2021-04-21,2021-04-22,2021-04-28,C,2021-04-29,0.1647913686661715,7,2021-2023
ETH,A,2025-08-04,2025-08-06,2025-08-07,2025-08-08,C,2025-08-09,0.0874736293586813,2,2024-2026
BNB,A,2019-02-16,2019-02-17,2019-02-18,2019-02-19,C,2019-02-20,0.13470510396716118,2,2017-2020
BNB,A,2019-04-26,2019-04-28,2019-04-29,2019-05-15,C,2019-05-16,0.16472366077937917,17,2017-2020
BNB,A,2020-01-26,2020-01-27,2020-01-28,2020-01-30,C,2020-01-31,0.04907490510545531,3,2017-2020
BNB,A,2020-05-07,2020-05-08,2020-05-09,2020-05-28,C,2020-05-29,-0.004508835556604862,20,2017-2020
BNB,A,2020-09-06,2020-09-07,2020-09-08,2020-09-13,C,2020-09-14,0.38728010653806577,6,2017-2020
BNB,A,2021-04-19,2021-04-21,2021-04-22,2021-04-28,B,2021-04-29,0.034091210276463446,7,2021-2023
BNB,A,2021-09-01,2021-09-02,2021-09-03,2021-09-06,B,2021-09-07,0.02482247296533724,4,2021-2023
BNB,A,2025-09-28,2025-09-30,2025-10-01,2025-10-03,C,2025-10-04,0.17818484140246382,3,2024-2026
SOL,B,2021-04-16,2021-04-19,2021-04-20,2021-04-24,C,2021-04-25,0.29436345090411375,5,2021-2023
SOL,A,2021-05-08,2021-05-11,2021-05-12,2021-05-18,C,2021-05-19,0.25424659526940374,7,2021-2023
SOL,A,2024-03-24,2024-03-26,2024-03-27,2024-03-30,B,2024-03-31,0.018565090026655406,4,2024-2026
SOL,A,2024-10-11,2024-10-12,2024-10-13,2024-10-20,C,2024-10-21,0.14237778303279547,8,2024-2026
