symbol,initial,static_return,topup_return,return_delta,static_mdd,topup_mdd,mdd_delta,static_p5,topup_p5,p5_delta,static_cvar10,topup_cvar10,cvar10_delta,static_worst,topup_worst,static_win,topup_win,static_exposure,topup_exposure,confirmations,trades
AAPL,0.5,1.0625648112822277,0.7416864383682826,-0.32087837291394505,-0.21126836420539763,-0.3247727675240706,-0.11350440331867295,-0.07718948963230209,-0.11229628391652058,-0.03510679428421849,-0.08493173753792373,-0.116035948869324,-0.031104211331400275,-0.15106583796128636,-0.19932016980989176,0.7375,0.7375,0.4345309862551242,0.4345309862551242,9,80
AAPL,0.6,1.3406559369477393,1.0397848046720863,-0.300871132275653,-0.24966699821667881,-0.32188525029404746,-0.07221825207736865,-0.09262738755876244,-0.11970415087667853,-0.027076763317916086,-0.10191808504550844,-0.12680145411062876,-0.024883369065120328,-0.18127900555354348,-0.196392688455703,0.7375,0.7375,0.4345309862551242,0.4345309862551242,9,80
AAPL,0.7,1.6394510569976295,1.3764508642966575,-0.26300019270097197,-0.2868328911581799,-0.33940563932392764,-0.05257274816574775,-0.1080652854852229,-0.12307438331281928,-0.01500909782759638,-0.11890443255309319,-0.13756695935193347,-0.018662526798840284,-0.21149217314580082,-0.21149217314580093,0.7375,0.7375,0.4345309862551242,0.4345309862551242,9,80
MSFT,0.5,0.9647612627463815,0.9483629923481389,-0.016398270398242598,-0.15089449203557026,-0.1793883027693246,-0.028493810733754343,-0.043318716555875166,-0.043318716555875054,1.1102230246251565e-16,-0.04747880868596938,-0.053518687297388255,-0.006039878611418872,-0.09162134088389251,-0.09905750703029859,0.5952380952380952,0.5833333333333334,0.4719074029418857,0.4719074029418857,4,84
MSFT,0.6,1.2274254497642647,1.2114293372605198,-0.015996112503744886,-0.17900479499618682,-0.19028689536779342,-0.011282100371606596,-0.05198245986705017,-0.05198245986705019,-2.0816681711721685e-17,-0.056974570423163194,-0.06180647331229838,-0.004831902889135188,-0.10994560906067097,-0.10994560906067086,0.5952380952380952,0.5952380952380952,0.4719074029418857,0.4719074029418857,4,84
MSFT,0.7,1.5171539623818382,1.5026467201469473,-0.01450724223489086,-0.2064458017966324,-0.20644580179663274,-3.3306690738754696e-16,-0.06064620317822524,-0.060646203178225146,9.71445146547012e-17,-0.0664703321603571,-0.07009425932720852,-0.0036239271668514206,-0.12826987723744931,-0.12826987723744931,0.5952380952380952,0.5952380952380952,0.4719074029418857,0.4719074029418857,4,84
NVDA,0.5,0.746354135142461,1.347680823209366,0.601326688066905,-0.3912560620772618,-0.40567283625508266,-0.014416774177820835,-0.11429920840192576,-0.11893967368858842,-0.004640465286662662,-0.10522832895318726,-0.111324582603385,-0.006096253650197739,-0.1607028261757465,-0.1607028261757466,0.6941176470588235,0.6941176470588235,0.3814805883771401,0.3814805883771401,15,85
NVDA,0.6,0.8917884707584045,1.3917579471613424,0.4999694764029379,-0.4543779158167326,-0.4647458822577549,-0.010367966441022336,-0.1371590500823108,-0.1382018266562687,-0.0010427765739579042,-0.1262739947438247,-0.13107517591848572,-0.004801181174661023,-0.1928433914108959,-0.1928433914108959,0.6941176470588235,0.6941176470588235,0.3814805883771401,0.3814805883771401,15,85
NVDA,0.7,1.026898988324524,1.4127044011818564,0.3858054128573323,-0.5129052428020147,-0.5198676327498531,-0.006962389947838488,-0.16001889176269604,-0.16001889176269604,0,-0.1473196605344621,-0.15082576923358643,-0.0035061086991243218,-0.2249839566460452,-0.2249839566460453,0.6941176470588235,0.6941176470588235,0.3814805883771401,0.3814805883771401,15,85
AMD,0.5,3.1224497371052475,4.8635485281861435,1.741098791080896,-0.3703149982093449,-0.38253638186824757,-0.012221383658902685,-0.09732314466357711,-0.09732314466357704,6.938893903907228e-17,-0.10830406855223958,-0.10830406855223955,2.7755575615628914e-17,-0.17753781337179508,-0.17753781337179497,0.7021276595744681,0.7127659574468085,0.37207619966240657,0.37207619966240657,8,94
AMD,0.6,4.2080566951436875,5.887111161089156,1.6790544659454687,-0.4330687389648197,-0.43963366939768844,-0.006564930432868765,-0.11678777359629249,-0.11678777359629246,2.7755575615628914e-17,-0.12996488226268746,-0.12996488226268746,0,-0.21304537604615426,-0.21304537604615414,0.7021276595744681,0.7127659574468085,0.37207619966240657,0.37207619966240657,8,94
AMD,0.7,5.471479063830216,6.96638353849751,1.494904474667294,-0.4923307647190369,-0.49423493191234025,-0.00190416719330333,-0.13625240252900794,-0.13625240252900794,0,-0.15162569597313538,-0.1516256959731354,-2.7755575615628914e-17,-0.2485529387205131,-0.2485529387205131,0.7021276595744681,0.7127659574468085,0.37207619966240657,0.37207619966240657,8,94
AVGO,0.5,3.9787159115373116,4.7358032228965135,0.7570873113592018,-0.16742256169906167,-0.16742256169906145,2.220446049250313e-16,-0.041698191085560866,-0.04169819108556081,5.551115123125783e-17,-0.040980013294127864,-0.04119320632288756,-0.00021319302875969642,-0.05585228910923212,-0.05585228910923212,0.7333333333333333,0.7333333333333333,0.38365083192669397,0.38365083192669397,12,90
AVGO,0.6,5.766884146716875,6.574539461917683,0.8076553152008081,-0.19795038034712065,-0.19795038034712065,0,-0.050037829302673,-0.050037829302673,0,-0.04917601595295343,-0.049176015952953414,1.3877787807814457e-17,-0.06702274693107868,-0.06702274693107846,0.7333333333333333,0.7333333333333333,0.38365083192669397,0.38365083192669397,12,90
AVGO,0.7,8.155617256716237,8.95988437043829,0.8042671137220534,-0.22754961153837927,-0.22754961153837905,2.220446049250313e-16,-0.05837746751978511,-0.058377467519785176,-6.245004513516506e-17,-0.05737201861177896,-0.05737201861177897,-1.3877787807814457e-17,-0.07819320475292502,-0.07819320475292513,0.7333333333333333,0.7333333333333333,0.38365083192669397,0.38365083192669397,12,90
ORCL,0.5,1.1094081389730186,1.0876993341146144,-0.021708804858404207,-0.22408778135798768,-0.22408778135798768,0,-0.03931662249655649,-0.053087320806771546,-0.013770698310215053,-0.05825401824248912,-0.06827391824756916,-0.010019900005080046,-0.1553790227944969,-0.1553790227944969,0.620253164556962,0.620253164556962,0.4328430190499156,0.4328430190499156,8,79
ORCL,0.6,1.402075552297553,1.381032455116296,-0.021043097181256964,-0.2653261851719598,-0.2653261851719598,0,-0.047179946995867784,-0.051746670497105116,-0.004566723501237331,-0.06990482189098694,-0.07724961789050912,-0.0073447959995221745,-0.18645482735339625,-0.18645482735339625,0.620253164556962,0.620253164556962,0.4328430190499156,0.4328430190499156,8,79
ORCL,0.7,1.7180925352050083,1.6991597953607989,-0.0189327398442094,-0.3054285193868148,-0.3054285193868146,2.220446049250313e-16,-0.055043271495179166,-0.05659815778744831,-0.0015548862922691448,-0.0815556255394848,-0.08622531753344917,-0.004669691993964373,-0.2175306319122955,-0.2175306319122956,0.620253164556962,0.620253164556962,0.4328430190499156,0.4328430190499156,8,79
INTC,0.5,0.8821836595692483,1.057355771858767,0.17517211228951868,-0.3842484824641279,-0.4114909144963219,-0.02724243203219401,-0.04409770255339829,-0.06227708516126935,-0.01817938260787106,-0.06900427418743775,-0.07372594277768654,-0.004721668590248793,-0.16514571222184005,-0.16514571222184005,0.6597938144329897,0.6494845360824743,0.459850494333253,0.459850494333253,11,97
INTC,0.6,1.0939252593835964,1.246405695621048,0.15248043623745167,-0.44738177824766,-0.46225500557727095,-0.014873227329610939,-0.05291724306407781,-0.062152343460245355,-0.009235100396167546,-0.08280512902492526,-0.0863019996228381,-0.0034968705979128434,-0.1981748546662081,-0.198174854666208,0.6597938144329897,0.6494845360824743,0.459850494333253,0.459850494333253,11,97
INTC,0.7,1.3134392596344093,1.4370415526155518,0.12360229298114245,-0.5062231877020674,-0.5152082335433765,-0.008985045841309103,-0.06173678357475754,-0.06490454267220529,-0.0031677590974477504,-0.09660598386241283,-0.09887805646798967,-0.0022720726055768387,-0.23120399711057604,-0.23120399711057604,0.6597938144329897,0.6494845360824743,0.459850494333253,0.459850494333253,11,97
QCOM,0.5,0.761763899276084,1.2237218429489993,0.4619579436729153,-0.28286090831769517,-0.28286090831769506,1.1102230246251565e-16,-0.08204506000289374,-0.08204506000289384,-9.71445146547012e-17,-0.08271579873286543,-0.0827157987328654,2.7755575615628914e-17,-0.12212068494684902,-0.12212068494684891,0.6582278481012658,0.6582278481012658,0.4473113093802749,0.4473113093802749,8,79
QCOM,0.6,0.9239994831758174,1.3145840834561042,0.39058460028028685,-0.33168772042312333,-0.3316877204231231,2.220446049250313e-16,-0.09845407200347261,-0.09845407200347252,9.71445146547012e-17,-0.09925895847943854,-0.09925895847943852,1.3877787807814457e-17,-0.14654482193621887,-0.14654482193621876,0.6582278481012658,0.6582278481012658,0.4473113093802749,0.4473113093802749,8,79
QCOM,0.7,1.0840958000181034,1.3913850102457976,0.3072892102276943,-0.37810951525313996,-0.37810951525313996,0,-0.11486308400405118,-0.11486308400405129,-1.1102230246251565e-16,-0.11580211822601154,-0.1158021182260116,-5.551115123125783e-17,-0.1709689589255885,-0.1709689589255886,0.6582278481012658,0.6582278481012658,0.4473113093802749,0.4473113093802749,8,79
MU,0.5,2.3667102232563235,1.9831512445307182,-0.3835589787256053,-0.35109249509966634,-0.5139770702292767,-0.1628845751296104,-0.10869769670148739,-0.11639733988395022,-0.007699643182462829,-0.11173596506225275,-0.14096030736963933,-0.029224342307386575,-0.1553085442750779,-0.32539528537729623,0.6777777777777778,0.6777777777777778,0.3397636845912708,0.3397636845912708,12,90
MU,0.6,3.0987606964140975,2.696784352508669,-0.40197634390542847,-0.4101655543746743,-0.5255409128509584,-0.1153753584762841,-0.1304372360417847,-0.13967680786074016,-0.009239571818955461,-0.13408315807470328,-0.1574626319206125,-0.023379473845909216,-0.18637025313009348,-0.32243964601186803,0.6777777777777778,0.6777777777777778,0.3397636845912708,0.3397636845912708,12,90
MU,0.7,3.9140109213416476,3.5256431686428664,-0.3883677526987812,-0.4657176753812612,-0.537757589284263,-0.0720399139030018,-0.15217677538208227,-0.16295627583753025,-0.010779500455447982,-0.1564303510871538,-0.17396495647158577,-0.017534605384431967,-0.21743196198510906,-0.31948400664644017,0.6777777777777778,0.6777777777777778,0.3397636845912708,0.3397636845912708,12,90
GOOGL,0.5,1.7576316771302039,2.26916873010203,0.5115370529718262,-0.1698137835440241,-0.1698137835440242,-1.1102230246251565e-16,-0.050242575499559614,-0.050242575499559614,0,-0.0549196485415223,-0.0549196485415223,0,-0.07861783063923544,-0.07861783063923533,0.6463414634146342,0.6463414634146342,0.41475765613696647,0.41475765613696647,7,82
GOOGL,0.6,2.327432482898523,2.8092390620454624,0.4818065791469395,-0.20139438063894188,-0.201394380638942,-1.1102230246251565e-16,-0.06029109059947141,-0.06029109059947141,0,-0.0659035782498267,-0.06590357824982669,1.3877787807814457e-17,-0.09434139676708231,-0.09434139676708242,0.6463414634146342,0.6463414634146342,0.41475765613696647,0.41475765613696647,7,82
GOOGL,0.7,2.995421232242539,3.418974522942583,0.4235532907000441,-0.23220348449720352,-0.23220348449720352,0,-0.07033960569938341,-0.07033960569938341,0,-0.07688750795813121,-0.07688750795813117,4.163336342344337e-17,-0.11006496289492951,-0.1100649628949294,0.6463414634146342,0.6463414634146342,0.41475765613696647,0.41475765613696647,7,82
META,0.5,1.6529749770803637,1.6520109853727982,-0.000963991707565448,-0.2603554847685773,-0.32961435032139574,-0.06925886555281846,-0.07058336946254475,-0.07058336946254463,1.1102230246251565e-16,-0.08909122744651941,-0.10395564726882797,-0.014864419822308558,-0.18419986314474623,-0.24657138039387239,0.7532467532467533,0.7532467532467533,0.37232243517474634,0.37232243517474634,10,77
META,0.6,2.1461081904593464,2.136584434447156,-0.009523756012190354,-0.30906288836528184,-0.32961435032139574,-0.020551461956113903,-0.08470004335505363,-0.08470004335505371,-8.326672684688674e-17,-0.10690947293582334,-0.1186482326655309,-0.01173875972970756,-0.22103983577369568,-0.2489306175538164,0.7532467532467533,0.7532467532467533,0.37232243517474634,0.37232243517474634,10,77
META,0.7,2.6989031851713023,2.6827187966865838,-0.016184388484718593,-0.3565176380745442,-0.35089271067658045,0.005624927397963719,-0.0988167172475626,-0.09881671724756258,1.3877787807814457e-17,-0.12472771842512718,-0.13353178822240785,-0.00880406979728067,-0.2578798084026448,-0.2578798084026448,0.7532467532467533,0.7532467532467533,0.37232243517474634,0.37232243517474634,10,77
NFLX,0.5,2.3117909904123612,2.145436709222558,-0.1663542811898031,-0.38003052919245894,-0.3800305291924586,3.3306690738754696e-16,-0.07605958690462684,-0.07794588888854577,-0.0018863019839189255,-0.09605805877747817,-0.10574465011464276,-0.009686591337164596,-0.2384234720874857,-0.2384234720874857,0.759493670886076,0.7468354430379747,0.3257776706052568,0.3257776706052568,7,79
NFLX,0.6,3.0721662573074164,2.9060880345926052,-0.1660782227148112,-0.4447287642375295,-0.44472876423752916,3.3306690738754696e-16,-0.09127150428555214,-0.09167581841786832,-0.00040431413231617475,-0.1152696705329738,-0.12274082833562518,-0.007471157802651382,-0.28610816650498283,-0.2861081665049826,0.759493670886076,0.7468354430379747,0.3257776706052568,0.3257776706052568,7,79
NFLX,0.7,3.947278428064939,3.7936862583117863,-0.1535921697531526,-0.5057527677294302,-0.5057527677294302,0,-0.10648342166647745,-0.10648342166647747,-1.3877787807814457e-17,-0.1344812822884694,-0.1397370065566077,-0.0052557242681383065,-0.33379286092247984,-0.33379286092247984,0.759493670886076,0.7468354430379747,0.3257776706052568,0.3257776706052568,7,79
AMZN,0.5,3.0276212053931273,4.820713641941146,1.7930924365480188,-0.1877714605480595,-0.1877714605480595,0,-0.05540347877134054,-0.0614416321581906,-0.006038153386850063,-0.06352885365574303,-0.06575869017783141,-0.0022298365220883853,-0.0946006873694547,-0.0946006873694546,0.7380952380952381,0.7380952380952381,0.42946708463949845,0.42946708463949845,14,84
AMZN,0.6,4.222664762865143,6.0004339568549945,1.777769193989852,-0.2220145608811902,-0.2220145608811901,1.1102230246251565e-16,-0.06648417452560865,-0.06648417452560854,1.1102230246251565e-16,-0.0762346243868916,-0.07729345203096233,-0.0010588276440707256,-0.11352082484334547,-0.11352082484334558,0.7380952380952381,0.7380952380952381,0.42946708463949845,0.42946708463949845,14,84
AMZN,0.7,5.730711538530836,7.3745507620340565,1.6438392235032202,-0.25520365132958156,-0.25520365132958167,-1.1102230246251565e-16,-0.07756487027987671,-0.07756487027987671,0,-0.08894039511804015,-0.0889403951180402,-4.163336342344337e-17,-0.13244096231723645,-0.13244096231723657,0.7380952380952381,0.7380952380952381,0.42946708463949845,0.42946708463949845,14,84
TSLA,0.5,0.9003889586672951,1.1071752814358158,0.20678632276852071,-0.43322628103643934,-0.48371863832697914,-0.0504923572905398,-0.09839477215143894,-0.0983947721514389,4.163336342344337e-17,-0.10032892200074112,-0.1112506102350097,-0.01092168823426859,-0.1304837123870458,-0.2100968530487034,0.5955056179775281,0.5955056179775281,0.3426086956521739,0.3426086956521739,9,89
TSLA,0.6,1.0818696305139448,1.254711765269481,0.17284213475553623,-0.500709364080693,-0.5372731188266648,-0.036563754745971844,-0.11807372658172674,-0.11807372658172675,-1.3877787807814457e-17,-0.12039470640088938,-0.1291320569883042,-0.00873735058741483,-0.15658045486445504,-0.2127981460150773,0.5955056179775281,0.5955056179775281,0.3426086956521739,0.3426086956521739,9,89
TSLA,0.7,1.2526345185814898,1.3863108659609558,0.133676347379466,-0.5622719979121253,-0.5869914058666446,-0.024719407954519212,-0.13775268101201454,-0.13775268101201454,0,-0.14046049080103756,-0.14701350374159874,-0.0065530129405611814,-0.18267719734186416,-0.21549943898145119,0.5955056179775281,0.5955056179775281,0.3426086956521739,0.3426086956521739,9,89
HD,0.5,0.18467689613943117,0.2024840817904514,0.01780718565102024,-0.2143847569241195,-0.2143847569241194,1.1102230246251565e-16,-0.052314273915699,-0.052314273915699046,-4.85722573273506e-17,-0.058113796335227494,-0.05811379633522748,1.3877787807814457e-17,-0.1029001106870635,-0.1029001106870635,0.5972222222222222,0.5972222222222222,0.4699782975645045,0.4699782975645045,6,72
HD,0.6,0.21354399514077294,0.22794933684314556,0.01440534170237262,-0.25266054366352575,-0.25266054366352586,-1.1102230246251565e-16,-0.0627771286988389,-0.0627771286988389,0,-0.06973655560227304,-0.06973655560227301,2.7755575615628914e-17,-0.12348013282447645,-0.12348013282447645,0.5972222222222222,0.5972222222222222,0.4699782975645045,0.4699782975645045,6,72
HD,0.7,0.23897403582470944,0.24986334367532836,0.010889307850618923,-0.28951183091861854,-0.28951183091861843,1.1102230246251565e-16,-0.07323998348197865,-0.07323998348197865,0,-0.08135931486931848,-0.08135931486931852,-4.163336342344337e-17,-0.14406015496188906,-0.14406015496188906,0.5972222222222222,0.5972222222222222,0.4699782975645045,0.4699782975645045,6,72
MCD,0.5,0.07399838174278583,0.13976142145492298,0.06576303971213715,-0.22798513986995872,-0.2279851398699586,1.1102230246251565e-16,-0.04123371656239583,-0.04123371656239594,-1.1102230246251565e-16,-0.05265180764572319,-0.05265180764572319,0,-0.1415623206915061,-0.14156232069150598,0.6197183098591549,0.6197183098591549,0.4535809018567639,0.4535809018567639,6,71
MCD,0.6,0.08100293313811924,0.13338157945943796,0.05237864632131872,-0.2710935683362826,-0.2710935683362826,0,-0.04948045987487504,-0.04948045987487509,-5.551115123125783e-17,-0.0631821691748678,-0.0631821691748678,0,-0.16987478482980722,-0.16987478482980722,0.6197183098591549,0.6197183098591549,0.4535809018567639,0.4535809018567639,6,71
MCD,0.7,0.08505735371707934,0.12406488469938592,0.03900753098230658,-0.31337987006563717,-0.31337987006563717,0,-0.05772720318735414,-0.05772720318735419,-5.551115123125783e-17,-0.0737125307040124,-0.07371253070401243,-2.7755575615628914e-17,-0.19818724896810846,-0.19818724896810835,0.6197183098591549,0.6197183098591549,0.4535809018567639,0.4535809018567639,6,71
WMT,0.5,0.1921161655776955,0.2527458721769509,0.06062970659925537,-0.20852171494782745,-0.27770001393097066,-0.0691782989831432,-0.041457072994798005,-0.04145707299479806,-5.551115123125783e-17,-0.049998682658063134,-0.04999868265806315,-1.3877787807814457e-17,-0.08017234690887465,-0.08017234690887487,0.5131578947368421,0.5131578947368421,0.4719074029418857,0.4719074029418857,5,76
WMT,0.6,0.2255827401224384,0.27497387484912683,0.049391134726688435,-0.24553708454060963,-0.2988170152353571,-0.05327993069474746,-0.049748487593757496,-0.04974848759375769,-1.942890293094024e-16,-0.0599984191896758,-0.059998419189675814,-1.3877787807814457e-17,-0.09620681629064975,-0.09620681629064964,0.5131578947368421,0.5131578947368421,0.4719074029418857,0.4719074029418857,5,76
WMT,0.7,0.2568550606087012,0.29448515453726887,0.03763009392856764,-0.2811043931288282,-0.31956303947521925,-0.03845864634639107,-0.05803990219271707,-0.05803990219271718,-1.1102230246251565e-16,-0.06999815572128838,-0.06999815572128842,-4.163336342344337e-17,-0.11224128567242464,-0.11224128567242464,0.5131578947368421,0.5131578947368421,0.4719074029418857,0.4719074029418857,5,76
COST,0.5,0.49154992345201687,0.48600965650407946,-0.005540266947937411,-0.25162027616997173,-0.24221434190023017,0.009405934269741567,-0.039624900995737566,-0.04237585815858973,-0.0027509571628521606,-0.051597820535382644,-0.0565094727640809,-0.004911652228698257,-0.10885966063129704,-0.10885966063129704,0.6493506493506493,0.6493506493506493,0.43477212442729685,0.43477212442729685,5,77
COST,0.6,0.6034127685107737,0.5982504315415753,-0.005162336969198433,-0.2960514058231687,-0.2890101635109502,0.007041242312218476,-0.047549881194885214,-0.05085102979030764,-0.0033011485954224234,-0.06191738464245916,-0.06584670642541779,-0.003929321782958628,-0.13063159275755643,-0.13063159275755654,0.6493506493506493,0.6493506493506493,0.43477212442729685,0.43477212442729685,5,77
COST,0.7,0.7191818775366625,0.7147089647633136,-0.004472912773348936,-0.3386242572788395,-0.33368836587790696,0.004935891400932535,-0.0554748613940327,-0.05932620142202551,-0.0038513400279928042,-0.07223694874953566,-0.07518394008675462,-0.002946991337218957,-0.1524035248838157,-0.1524035248838158,0.6493506493506493,0.6493506493506493,0.43477212442729685,0.43477212442729685,5,77
PG,0.5,0.017031800508452877,-0.02775961273449279,-0.044791413242945666,-0.16707429028026588,-0.20093169465750527,-0.033857404377239386,-0.043244403806931134,-0.04370184360463749,-0.0004574397977063563,-0.048022713953908384,-0.05011379889075539,-0.0020910849368470028,-0.06804320838467293,-0.06804320838467293,0.6,0.6,0.5184470701712081,0.5184470701712081,6,65
PG,0.6,0.015377750810852797,-0.020653755252570738,-0.036031506063423535,-0.19797325512920794,-0.2242274511076774,-0.026254195978469452,-0.05189328456831725,-0.052364125200250244,-0.0004708406319329922,-0.05762725674469008,-0.05847266396617988,-0.0008454072214897981,-0.08165185006160769,-0.08165185006160769,0.6,0.6,0.5184470701712081,0.5184470701712081,6,65
PG,0.7,0.01200718441116111,-0.0151209282083975,-0.02712811261955861,-0.2280546445175603,-0.24713320574455366,-0.019078561226993362,-0.060542165329703315,-0.06054216532970347,-1.5265566588595902e-16,-0.06723179953547168,-0.06723179953547168,0,-0.09526049173854234,-0.09526049173854234,0.6,0.6,0.5184470701712081,0.5184470701712081,6,65
KO,0.5,0.1948074697154787,0.24610441452160847,0.051296944806129785,-0.18507470154472894,-0.18507470154472894,0,-0.030070062436765844,-0.030070062436765806,3.8163916471489756e-17,-0.04718434798343193,-0.04718434798343193,0,-0.09023523367548114,-0.09023523367548114,0.6029411764705882,0.6029411764705882,0.5032553653243308,0.5032553653243308,2,68
KO,0.6,0.2314228715501676,0.2733406387213644,0.041917767171196774,-0.22110587579828012,-0.22110587579828012,0,-0.03608407492411894,-0.03608407492411898,-4.163336342344337e-17,-0.05662121758011835,-0.056621217580118385,-3.469446951953614e-17,-0.1082822804105773,-0.1082822804105773,0.6029411764705882,0.6029411764705882,0.5032553653243308,0.5032553653243308,2,68
KO,0.7,0.2668274528069168,0.2988836364035026,0.0320561835965858,-0.25678644702259024,-0.25678644702259024,0,-0.04209808741147207,-0.04209808741147207,0,-0.06605808717680473,-0.06605808717680468,4.163336342344337e-17,-0.12632932714567358,-0.12632932714567358,0.6029411764705882,0.6029411764705882,0.5032553653243308,0.5032553653243308,2,68
PEP,0.5,-0.0004439424932944913,0.01439295115227135,0.01483689364556584,-0.14749335901924276,-0.14749335901924288,-1.1102230246251565e-16,-0.0454727012289052,-0.04547270122890531,-1.1102230246251565e-16,-0.041231010460175715,-0.0412310104601757,1.3877787807814457e-17,-0.06703317008828913,-0.06703317008828913,0.5694444444444444,0.5694444444444444,0.4371835061490234,0.4371835061490234,2,72
PEP,0.6,-0.004433644879035636,0.007306353574987767,0.011739998454023404,-0.17527220912428476,-0.17527220912428465,1.1102230246251565e-16,-0.05456724147468636,-0.05456724147468629,6.938893903907228e-17,-0.04947721255221095,-0.049477212552210895,5.551115123125783e-17,-0.08043980410594698,-0.08043980410594698,0.5694444444444444,0.5694444444444444,0.4371835061490234,0.4371835061490234,2,72
PEP,0.7,-0.009728845588157453,-0.0010312460260877288,0.008697599562069724,-0.2024863274645684,-0.20248632746456874,-3.3306690738754696e-16,-0.06366178172046742,-0.06366178172046731,1.1102230246251565e-16,-0.05772341464424606,-0.057723414644246046,1.3877787807814457e-17,-0.09384643812360471,-0.09384643812360471,0.5694444444444444,0.5694444444444444,0.4371835061490234,0.4371835061490234,2,72
ABT,0.5,-0.10370094311834488,-0.06785904933290299,0.03584189378544189,-0.2289472677476807,-0.22894726774768126,-5.551115123125783e-16,-0.05496379973026127,-0.058338843417174394,-0.003375043686913125,-0.0597244885046979,-0.06206071570075593,-0.002336227196058027,-0.0877612452944655,-0.0877612452944655,0.5512820512820513,0.5512820512820513,0.41379310344827586,0.41379310344827586,6,78
ABT,0.6,-0.12992185691285907,-0.10245307916360502,0.027468777749254047,-0.2701308636951696,-0.2701308636951705,-8.881784197001252e-16,-0.06595655967631349,-0.06595655967631349,0,-0.07166938620563751,-0.07282667517547366,-0.0011572889698361483,-0.1053134943533588,-0.10531349435335868,0.5512820512820513,0.5512820512820513,0.41379310344827586,0.41379310344827586,6,78
ABT,0.7,-0.15763904498842862,-0.13795478138687212,0.019684263601556506,-0.31312389427079634,-0.30981684915911334,0.0033070451116830046,-0.07694931962236552,-0.07694931962236562,-9.71445146547012e-17,-0.08361428390657705,-0.08361428390657705,0,-0.12286574341225176,-0.12286574341225187,0.5512820512820513,0.5512820512820513,0.41379310344827586,0.41379310344827586,6,78
LLY,0.5,1.3267681465616836,1.2980990044198757,-0.028669142141807935,-0.1370396963701468,-0.20673459968205787,-0.06969490331191108,-0.041949394382495155,-0.04559370552915355,-0.003644311146658398,-0.049015645743492195,-0.062225126027865424,-0.013209480284373229,-0.09877844095624655,-0.10533761234357353,0.6666666666666666,0.6666666666666666,0.4820352061731372,0.4820352061731372,8,75
LLY,0.6,1.721332299227393,1.6928595346844775,-0.028472764542915474,-0.16433364540703121,-0.20673459968205787,-0.04240095427502666,-0.05033927325899421,-0.0547124466349843,-0.004373173375990087,-0.05881877489219063,-0.06938635911968917,-0.010567584227498539,-0.11853412914749606,-0.11853412914749595,0.6666666666666666,0.6666666666666666,0.4820352061731372,0.4820352061731372,8,75
LLY,0.7,2.1701432708238078,2.1438187683656045,-0.02632450245820328,-0.19152214159278858,-0.20673459968205787,-0.015212458089269298,-0.05872915213549322,-0.06383118774081513,-0.0051020356053219085,-0.06862190404088907,-0.076547592211513,-0.007925688170623932,-0.13828981733874535,-0.13828981733874512,0.6666666666666666,0.6666666666666666,0.4820352061731372,0.4820352061731372,8,75
UNH,0.5,1.5054997560143342,1.7421141593247973,0.23661440331046313,-0.2335526068966307,-0.23355260689663038,3.3306690738754696e-16,-0.04085025053070976,-0.040850250530709675,8.326672684688674e-17,-0.05843398113848655,-0.05843398113848651,4.163336342344337e-17,-0.15666877938706547,-0.15666877938706547,0.6741573033707865,0.6741573033707865,0.43742464432119604,0.43742464432119604,5,89
UNH,0.6,1.9668874461064787,2.1878929307210577,0.22100548461457903,-0.27647471040678284,-0.2764747104067832,-3.3306690738754696e-16,-0.04902030063685152,-0.04902030063685159,-6.938893903907228e-17,-0.07012077736618375,-0.07012077736618381,-6.938893903907228e-17,-0.18800253526447852,-0.18800253526447863,0.6741573033707865,0.6741573033707865,0.43742464432119604,0.43742464432119604,5,89
UNH,0.7,2.495489045008992,2.6880647256764356,0.19257568066744346,-0.3181650613089969,-0.3181650613089967,2.220446049250313e-16,-0.05719035074299354,-0.05719035074299356,-2.0816681711721685e-17,-0.0818075735938811,-0.08180757359388112,-1.3877787807814457e-17,-0.21933629114189168,-0.21933629114189168,0.6741573033707865,0.6741573033707865,0.43742464432119604,0.43742464432119604,5,89
JNJ,0.5,0.4062793537755507,0.46379239615967527,0.05751304238412458,-0.19316880638834744,-0.2116600200039781,-0.018491213615630664,-0.04011170652218736,-0.042013916838488846,-0.0019022103163014864,-0.043496588171762454,-0.04771533256881483,-0.004218744397052374,-0.05946371643201398,-0.0682794064870067,0.6233766233766234,0.6233766233766234,0.4880636604774536,0.4880636604774536,6,77
JNJ,0.6,0.4960093411157167,0.5440729615839177,0.04806362046820101,-0.22911746266630706,-0.23166245042830613,-0.0025449877619990735,-0.0481340478266248,-0.05041670020618658,-0.002282652379561774,-0.0521959058061149,-0.05557090132375679,-0.0033749955176418933,-0.07135645971841664,-0.07135645971841653,0.6233766233766234,0.6233766233766234,0.4880636604774536,0.4880636604774536,6,77
JNJ,0.7,0.588155996654478,0.6257355002959777,0.037579503641499645,-0.2642019537582284,-0.2642019537582285,-1.1102230246251565e-16,-0.056156389131062155,-0.058819483573884355,-0.0026630944428222003,-0.06089522344046734,-0.0634264700786988,-0.0025312466382314547,-0.0832492030048193,-0.08324920300481942,0.6233766233766234,0.6233766233766234,0.4880636604774536,0.4880636604774536,6,77
TMO,0.5,0.8355450863334977,0.7226470097678772,-0.11289807656562045,-0.20262719503685112,-0.30160944489294805,-0.09898224985609694,-0.04398943016460183,-0.04679427417849673,-0.0028048440138949,-0.050738393592006575,-0.0672068740618626,-0.016468480469856023,-0.09933550917928735,-0.2027415772457506,0.6951219512195121,0.6829268292682927,0.4200626959247649,0.4200626959247649,8,82
TMO,0.6,1.0545148606993076,0.9500024457766074,-0.10451241492270014,-0.24022986667546542,-0.3066180159823212,-0.06638814930685577,-0.052787316197522166,-0.05615312901419588,-0.0033658128166737106,-0.060886072310407865,-0.0740608566862927,-0.013174784375884832,-0.11920261101514473,-0.20192746546831541,0.6951219512195121,0.6829268292682927,0.4200626959247649,0.4200626959247649,8,82
TMO,0.7,1.292782567103226,1.2023325475868178,-0.09045001951640819,-0.276834481944948,-0.3236539202105029,-0.0468194382655549,-0.06158520223044262,-0.06551198384989536,-0.003926781619452736,-0.07103375102880916,-0.08091483931072284,-0.009881088281913683,-0.13906971285100211,-0.20111335369088013,0.6951219512195121,0.6829268292682927,0.4200626959247649,0.4200626959247649,8,82
JPM,0.5,0.9342719179806314,0.8831015059884324,-0.05117041199219896,-0.20176371468382048,-0.22469456681146804,-0.02293085212764756,-0.041274813113477415,-0.041274813113477304,1.1102230246251565e-16,-0.047510670001992494,-0.04893961672391771,-0.0014289467219252144,-0.08547497335669518,-0.08547497335669518,0.7105263157894737,0.6842105263157895,0.43838919700988666,0.43838919700988666,9,76
JPM,0.6,1.1875846952173124,1.140699745237499,-0.046884949979813406,-0.23847503034687256,-0.25611478152521483,-0.017639751178342267,-0.04952977573617284,-0.04952977573617273,1.1102230246251565e-16,-0.05701280400239095,-0.05815596137993109,-0.0011431573775401438,-0.10256996802803409,-0.10256996802803409,0.7105263157894737,0.6842105263157895,0.43838919700988666,0.43838919700988666,9,76
JPM,0.7,1.466779332999279,1.426625670515016,-0.04015366248426311,-0.2740232798843172,-0.28673631232443886,-0.012713032440121674,-0.05778473835886827,-0.057784738358868326,-5.551115123125783e-17,-0.06651493800278949,-0.06737230603594464,-0.0008573680331551564,-0.11966496269937321,-0.11966496269937321,0.7105263157894737,0.6973684210526315,0.43838919700988666,0.43838919700988666,9,76
BAC,0.5,-0.1839426646303376,-0.08146331070018165,0.10247935393015595,-0.38183987588173074,-0.3488381655741435,0.03300171030758725,-0.07168332665853341,-0.0855075392260667,-0.013824212567533287,-0.09256341098468725,-0.0988711907846972,-0.006307779800009947,-0.15397269954400294,-0.15397269954400306,0.5373134328358209,0.5373134328358209,0.4644321196045334,0.4644321196045334,6,67
BAC,0.6,-0.23225035318669118,-0.15691136588832288,0.0753389872983683,-0.44557128686423064,-0.42215112740358485,0.023420159460645795,-0.08601999199024017,-0.1015252320496532,-0.015505240059413034,-0.1110760931816247,-0.1154281835310513,-0.004352090349426602,-0.1847672394528036,-0.1847672394528036,0.5373134328358209,0.5373134328358209,0.4644321196045334,0.4644321196045334,6,67
BAC,0.7,-0.28280416909739803,-0.2312316458358986,0.051572523261499414,-0.5051049369265049,-0.4895957414009383,0.015509195525566621,-0.10035665732194694,-0.10530901863137171,-0.004952361309424766,-0.1295887753785622,-0.13198517627740533,-0.002396400898843132,-0.21556177936160414,-0.21556177936160414,0.5373134328358209,0.5373134328358209,0.4644321196045334,0.4644321196045334,6,67
GS,0.5,0.36550489988142765,0.35806702916635813,-0.007437870715069517,-0.29110053291468685,-0.29110053291468707,-2.220446049250313e-16,-0.0457192927291884,-0.07151665688485179,-0.025797364155663388,-0.06285960917840071,-0.0758290883524647,-0.012969479174063991,-0.15588107596411827,-0.15588107596411827,0.6027397260273972,0.6027397260273972,0.4034241620448517,0.4034241620448517,8,73
GS,0.6,0.43581634967755645,0.42827827366627513,-0.007538076011281314,-0.343898461293079,-0.3438984612930792,-2.220446049250313e-16,-0.05486315127502599,-0.078791458669313,-0.023928307394287016,-0.07543153101408086,-0.08534592117818236,-0.009914390164101505,-0.18705729115694192,-0.18705729115694203,0.6027397260273972,0.6027397260273972,0.4034241620448517,0.4034241620448517,8,73
GS,0.7,0.5033685781783928,0.49644767782930876,-0.0069209003490839915,-0.39490742702426396,-0.39490742702426385,1.1102230246251565e-16,-0.06400700982086353,-0.08329489387083429,-0.019287884049970755,-0.08800345284976092,-0.09543924547283712,-0.007435792623076198,-0.21823350634976557,-0.21823350634976568,0.6027397260273972,0.6027397260273972,0.4034241620448517,0.4034241620448517,8,73
V,0.5,1.9587927620550691,1.9605115708688965,0.001718808813827355,-0.16835769494157704,-0.16835769494157726,-2.220446049250313e-16,-0.02961865203177827,-0.02961865203177816,1.1102230246251565e-16,-0.033534736631560466,-0.037898360782901715,-0.0043636241513412485,-0.06548412863035669,-0.0758957926286501,0.7160493827160493,0.7160493827160493,0.47865927176272005,0.47865927176272005,6,81
V,0.6,2.644153680063119,2.6448589790979096,0.0007052990347906629,-0.20056399268353187,-0.20056399268353198,-1.1102230246251565e-16,-0.0355423824381339,-0.03554238243813401,-1.1102230246251565e-16,-0.04024168395787258,-0.04373258327894564,-0.0034908993210730627,-0.07858095435642809,-0.0785809543564282,0.7160493827160493,0.7160493827160493,0.47865927176272005,0.47865927176272005,6,81
V,0.7,3.4757449722817615,3.4754853179271654,-0.0002596543545960728,-0.23230355014652115,-0.23230355014652104,1.1102230246251565e-16,-0.041466112844489644,-0.04146611284448953,1.1102230246251565e-16,-0.04694863128418471,-0.049566805774989495,-0.0026181744908047866,-0.0916777800824995,-0.0916777800824996,0.7160493827160493,0.7160493827160493,0.47865927176272005,0.47865927176272005,6,81
MA,0.5,1.083007048473855,1.1197197020097627,0.03671265353590769,-0.22288371753215352,-0.26478897551044334,-0.04190525797828981,-0.026551443760412984,-0.02655144376041314,-1.5612511283791264e-16,-0.04620151012731724,-0.05246073313138269,-0.006259223004065451,-0.1430197928565179,-0.1430197928565179,0.7051282051282052,0.7051282051282052,0.4354955389438148,0.4354955389438148,8,78
MA,0.6,1.3822822639631513,1.4149924145067008,0.03271015054354942,-0.2639726125913664,-0.2930154976432545,-0.029042885051888123,-0.031861732512495626,-0.03186173251249544,1.8735013540549517e-16,-0.05544181215278063,-0.06044919055603298,-0.005007378403252355,-0.17162375142782127,-0.17162375142782116,0.7051282051282052,0.7051282051282052,0.4354955389438148,0.4354955389438148,8,78
MA,0.7,1.713313900558672,1.7405050145323617,0.027191113973689784,-0.3039160372230073,-0.32472939995623085,-0.02081336273322354,-0.03717202126457813,-0.03717202126457813,0,-0.06468211417824411,-0.06843764798068334,-0.0037555338024392315,-0.20022770999912487,-0.20022770999912476,0.7051282051282052,0.7051282051282052,0.4354955389438148,0.4354955389438148,8,78
CAT,0.5,1.1564565077810323,1.3656036566385206,0.2091471488574883,-0.24627823738529864,-0.2685633803330236,-0.02228514294772499,-0.06274506904769661,-0.06891700178464072,-0.006171932736944108,-0.06027738554620549,-0.06341342335346703,-0.0031360378072615366,-0.08809704493076698,-0.08809704493076709,0.6627906976744186,0.6627906976744186,0.40559440559440557,0.40559440559440557,4,86
CAT,0.6,1.481570539260257,1.6708996858127358,0.1893291465524789,-0.29036514759411847,-0.30731166361291007,-0.016946516018791602,-0.07529408285723588,-0.07782537542483225,-0.002531292567596377,-0.07233286265544658,-0.07484169290125578,-0.002508830245809196,-0.10571645391692042,-0.10571645391692042,0.6627906976744186,0.6627906976744186,0.40559440559440557,0.40559440559440557,4,86
CAT,0.7,1.8431086080605845,2.0031008255438976,0.15999221748331305,-0.33280158445320496,-0.3448672964255427,-0.012065711972337745,-0.08784309666677517,-0.08844424297352488,-0.0006011463067497058,-0.08438833976468767,-0.08626996244904458,-0.0018816226843569178,-0.12333586290307375,-0.12333586290307375,0.6627906976744186,0.6627906976744186,0.40559440559440557,0.40559440559440557,4,86
BA,0.5,0.3569695312162897,0.4161356576414481,0.059166126425158394,-0.39951656214477893,-0.3984604118020205,0.0010561503427584107,-0.07402395923330427,-0.08030716043692804,-0.006283201203623773,-0.07973024655202654,-0.0827960263825844,-0.003065779830557863,-0.11471797333651523,-0.11471797333651523,0.5487804878048781,0.5487804878048781,0.4740776464914396,0.4740776464914396,6,82
BA,0.6,0.40955335665002757,0.4579342725799347,0.04838091592990712,-0.46133919930294875,-0.45576669285318183,0.005572506449766923,-0.08882875107996528,-0.08882875107996518,9.71445146547012e-17,-0.09567629586243188,-0.09685270487244071,-0.0011764090100088304,-0.13766156800381824,-0.13766156800381824,0.5487804878048781,0.5487804878048781,0.4740776464914396,0.4740776464914396,6,82
BA,0.7,0.45313354374496995,0.4899456229664043,0.03681207922143437,-0.517959266169818,-0.5085602682520491,0.009398997917768881,-0.10363354292662587,-0.10363354292662587,0,-0.11162234517283712,-0.11162234517283712,0,-0.16060516267112124,-0.16060516267112124,0.5487804878048781,0.5487804878048781,0.4740776464914396,0.4740776464914396,6,82
GE,0.5,0.01283190870211337,-0.1482017510315753,-0.16103365973368866,-0.4074501242107482,-0.4559797603087513,-0.04852963609800309,-0.06596494453665297,-0.06729915005230347,-0.0013342055156504995,-0.08206339492470688,-0.09901855438766932,-0.016955159462962444,-0.18269453230606925,-0.18269453230606925,0.5813953488372093,0.5813953488372093,0.390643838919701,0.390643838919701,5,86
GE,0.6,-0.004235728862365451,-0.13402434510903383,-0.12978861624666838,-0.4744628400747156,-0.5095372351087848,-0.03507439503406917,-0.07915793344398364,-0.08075898006276402,-0.001601046618780383,-0.09847607390964822,-0.11204020148001817,-0.013564127570369955,-0.21923343876728296,-0.21923343876728296,0.5813953488372093,0.5813953488372093,0.390643838919701,0.390643838919701,5,86
GE,0.7,-0.02780010340325567,-0.12523472357245824,-0.09743462016920257,-0.5365640694910714,-0.5602011541129319,-0.023637084621860538,-0.09235092235131426,-0.09421881007322483,-0.0018678877219105716,-0.11488875289458961,-0.12506184857236707,-0.010173095677777466,-0.2557723452284968,-0.2557723452284968,0.5813953488372093,0.5813953488372093,0.390643838919701,0.390643838919701,5,86
XOM,0.5,0.005841581659450146,0.07304761346882116,0.06720603180937101,-0.3854613314579949,-0.38431588064465316,0.0011454508133417196,-0.060360295966414845,-0.060360295966414845,0,-0.05835188317496677,-0.0583518831749668,-2.7755575615628914e-17,-0.07893878206299643,-0.07893878206299643,0.5555555555555556,0.5555555555555556,0.47841813359054736,0.47841813359054736,4,72
XOM,0.6,-0.0014022442728097717,0.05138207298274189,0.05278431725555166,-0.4445143539663674,-0.4436874372800803,0.0008269166862870936,-0.07243235515969773,-0.07243235515969779,-5.551115123125783e-17,-0.07002225980996009,-0.07002225980996016,-6.938893903907228e-17,-0.09472653847559576,-0.09472653847559576,0.5555555555555556,0.5555555555555556,0.47841813359054736,0.47841813359054736,4,72
XOM,0.7,-0.011405691676446783,0.027354505333776036,0.03876019701022282,-0.4985355798473734,-0.49797664238430805,0.0005589374630653454,-0.08450441435298067,-0.08450441435298071,-4.163336342344337e-17,-0.08169263644495349,-0.08169263644495343,5.551115123125783e-17,-0.11051429488819497,-0.11051429488819497,0.5555555555555556,0.5555555555555556,0.47841813359054736,0.47841813359054736,4,72
CVX,0.5,0.5172225803916626,0.42226145899644796,-0.09496112139521462,-0.26753970605064836,-0.31338350760608247,-0.045843801555434105,-0.04866878386073411,-0.04866878386073411,0,-0.05361435396926054,-0.060811221363609835,-0.007196867394349292,-0.10633062689992923,-0.132970382462533,0.5747126436781609,0.5747126436781609,0.43308415722208826,0.43308415722208826,2,87
CVX,0.6,0.6320405876439561,0.5490541183309836,-0.08298646931297249,-0.3141707193810551,-0.34904396394428316,-0.034873244563228045,-0.058402540632880987,-0.058402540632880987,0,-0.0643372247631127,-0.07009471867859213,-0.005757493915479431,-0.12759675227991496,-0.1336557363353822,0.5747126436781609,0.5747126436781609,0.43308415722208826,0.43308415722208826,2,87
CVX,0.7,0.7494544940040513,0.6816867871501622,-0.06776770685388911,-0.3586486829982427,-0.3834923746689277,-0.02484369167068501,-0.06813629740502779,-0.06813629740502772,6.938893903907228e-17,-0.07506009555696476,-0.07937821599357431,-0.004318120436609549,-0.1488628776599008,-0.1488628776599008,0.5747126436781609,0.5747126436781609,0.43308415722208826,0.43308415722208826,2,87
LIN,0.5,1.1328757166961512,1.3791496172100444,0.2462739005138932,-0.11890659093617229,-0.11890659093617262,-3.3306690738754696e-16,-0.021189070642842676,-0.02118907064284263,4.5102810375396984e-17,-0.02895308316803961,-0.028953083168039646,-3.469446951953614e-17,-0.06334656877591982,-0.06334656877591993,0.6853932584269663,0.6853932584269663,0.4728719556305763,0.4728719556305763,4,89
LIN,0.6,1.4671533224356277,1.6915581872393872,0.22440486480375954,-0.14208520872223396,-0.14208520872223418,-2.220446049250313e-16,-0.025426884771411085,-0.025426884771411126,-4.163336342344337e-17,-0.034743699801647515,-0.03474369980164755,-3.469446951953614e-17,-0.0760158825311037,-0.0760158825311037,0.6853932584269663,0.6853932584269663,0.4728719556305763,0.4728719556305763,4,89
LIN,0.7,1.8483269430041878,2.039688241932291,0.19136129892810327,-0.16506839351765612,-0.165068393517656,1.1102230246251565e-16,-0.02966469889997958,-0.02966469889997958,0,-0.040534316435255416,-0.040534316435255416,0,-0.08868519628628768,-0.08868519628628779,0.6853932584269663,0.6853932584269663,0.4728719556305763,0.4728719556305763,4,89
NEE,0.5,0.20152861631343733,0.16494159216937643,-0.0365870241440609,-0.3452494305098889,-0.38772753299364715,-0.04247810248375827,-0.04968998919227473,-0.04968998919227463,9.71445146547012e-17,-0.06715039516093789,-0.07474868539443498,-0.00759829023349709,-0.13631327018753947,-0.13631327018753947,0.5316455696202531,0.5189873417721519,0.4415239932481312,0.4415239932481312,5,79
NEE,0.6,0.23289616547990843,0.20215751319513076,-0.03073865228477768,-0.4031048138335953,-0.4345071462320599,-0.03140233239846457,-0.05962798703072942,-0.059627987030729517,-9.71445146547012e-17,-0.08058047419312546,-0.08665910637992309,-0.006078632186797633,-0.1635759242250474,-0.1635759242250473,0.5316455696202531,0.5316455696202531,0.4415239932481312,0.4415239932481312,5,79
NEE,0.7,0.26025718668194164,0.23613969430050963,-0.024117492381432015,-0.4574509222535261,-0.4791544121982755,-0.021703489944749355,-0.06956598486918442,-0.06956598486918433,8.326672684688674e-17,-0.09401055322531301,-0.09856952736541122,-0.004558974140098204,-0.19083857826255513,-0.19083857826255524,0.5316455696202531,0.5316455696202531,0.4415239932481312,0.4415239932481312,5,79
PLD,0.5,0.8625150538193058,1.1499939611939363,0.28747890737463044,-0.23885414621890688,-0.2733436144880175,-0.03448946826911059,-0.04389203278244379,-0.04389203278244386,-6.938893903907228e-17,-0.058778663719271554,-0.05877866371927157,-1.3877787807814457e-17,-0.10775497619317076,-0.10775497619317065,0.6363636363636364,0.6363636363636364,0.4198215577525922,0.4198215577525922,6,88
PLD,0.6,1.0835447824745765,1.3357182234456757,0.25217344097109917,-0.2821023877514376,-0.308154021734692,-0.026051633983254385,-0.05267043933893259,-0.05267043933893259,0,-0.07053439646312588,-0.07053439646312588,0,-0.1293059714318049,-0.1293059714318049,0.6363636363636364,0.6363636363636364,0.4198215577525922,0.4198215577525922,6,88
PLD,0.7,1.3211614570839543,1.5277373891832915,0.20657593209933722,-0.32389678977411296,-0.3423176995550957,-0.018420909780982764,-0.06144884589542129,-0.06144884589542143,-1.457167719820518e-16,-0.08229012920698017,-0.08229012920698023,-5.551115123125783e-17,-0.15085696667043913,-0.1508569666704389,0.6363636363636364,0.6363636363636364,0.4198215577525922,0.4198215577525922,6,88
