split_id,research_block,role,cohort,tickers,count,official_45,status,notes
S001,Core lifecycle,Initial/Discovery,A,"AAPL MSFT NVDA JPM XOM",5,yes,completed,"Initial lifecycle cohort"
S002,Core lifecycle,Discovery/failure-heavy,B,"ADBE WFC MRK FDX NEE",5,yes,completed,"Failure-heavy cohort"
S003,Core lifecycle,Validation,C,"ORCL WMT GS TMO RTX",5,yes,completed,"Later validation cohort"
S004,Relative structure/OOS,OOS,O1,"AVGO PEP C MDT UNP",5,yes,completed,"OOS cohort 1"
S005,Relative structure/OOS,OOS,O2,"IBM CVX HD AMGN MCD",5,yes,completed,"OOS cohort 2"
S006,Relative structure/OOS,OOS,O3,"LLY GE V TGT COP",5,yes,completed,"OOS cohort 3"
S007,Relative structure/OOS,OOS,O4,"QCOM NKE SCHW GILD CSX",5,yes,completed,"OOS cohort 4"
S008,Broad universe extension,New cohort,N1,"META AMD CRM TXN AMZN",5,yes,completed,"Later included in official baseline"
S009,Failure SELL,Frozen OOS,OOS,"COST DE SPGI CI DUK",5,yes,completed,"Later included in official baseline"
S010,PriceNearWhite,Frozen OOS,OOS6,"QCOM MCD TMO RTX SCHW",5,no,completed,"Historical frozen OOS; overlaps later baseline"
S011,PriceNearWhite,Frozen OOS,OOS7,"CRM PM CVS UPS DUK",5,no,completed,"Historical frozen OOS; overlaps later baseline"
S012,GRB diagnostic,Third OOS,ThirdOOS,"TMO RTX LMT C XLP",5,no,completed,"Included XLP ETF"
S013,2D MTF,Discovery,B,"ADBE WFC MRK FDX NEE",5,no,completed,"Failure-heavy discovery sample"
S014,2D MTF,OOS,OOS1,"AVGO PEP C MDT UNP",5,no,completed,"Looked strong before true frozen OOS"
S015,2D MTF,Frozen OOS,OOS2,"TSLA KO BK CAT CVS",5,no,completed,"Invalidated hard MTF filter"
S016,Broad 50-stock model,Extension,TechConsumer,"META AMD CRM TXN AMZN",5,no,completed,"One of three added blocks"
S017,Broad 50-stock model,Extension,Financial,"BAC MS BLK CME USB",5,no,completed,"Not in current official 45"
S018,Broad 50-stock model,Extension,Health,"JNJ ABBV PFE UNH ISRG",5,no,completed,"Not in current official 45"
S019,Mature SELL refinement,Frozen OOS,OOS2,"NFLX AXP ABT HON SO",5,no,completed,"Added after official 45 baseline"
S020,RTE refinement,Frozen OOS,OOS3,"GOOG MU DIS MA BMY",5,no,completed,"Added after official 45 baseline"
S021,RTE refinement,Planned Frozen OOS,OOS4,"UPS LIN T SBUX PLD",5,no,planned,"Cohort defined; no final retained result"
S022,Crypto validation,Frozen OOS,Crypto,"BTC ETH SOL BNB",4,no,completed,"Not equities; BNB had no strict usable GRB"
S023,Early GRB diagnostic,Discovery,Discovery12,"UNKNOWN",12,no,missing_membership,"Aggregate statistics survive but exact ticker list is not safely reconstructed"
S024,Early GRB diagnostic,Validation,Validation5,"UNKNOWN",5,no,missing_membership,"Aggregate statistics survive but exact ticker list is not safely reconstructed"
S025,E030 ADD research,Discovery,E030_D,"AAPL MSFT NVDA JPM XOM ADBE WFC MRK FDX NEE ORCL WMT GS TMO RTX AVGO PEP C MDT UNP IBM CVX HD AMGN MCD",25,yes,completed_rejected,"Discovery completed; no variant met event-count gate; 2024-09-01 through 2026-09-18"
S026,E030 ADD research,OOS,E030_OOS,"LLY GE V TGT COP QCOM NKE SCHW GILD CSX",10,yes,not_opened,"E030 failed Discovery; OOS intentionally not queried"
S027,E030 ADD research,Frozen OOS,E030_FOOS,"LOW BA PGR ADP MDLZ",5,no,not_opened,"E030 failed Discovery; Frozen OOS remained untouched; early unknown cohorts still prevent absolute non-exposure proof"
S028,E031 ADD research,Discovery,E031_D,"AAPL MSFT NVDA JPM XOM ADBE WFC MRK FDX NEE ORCL WMT GS TMO RTX AVGO PEP C MDT UNP IBM CVX HD AMGN MCD LLY GE V TGT COP",30,yes,completed_rejected,"All 30 retrieved; no variant passed positive-median eligibility gate"
S029,E031 ADD research,OOS,E031_OOS,"QCOM NKE SCHW GILD CSX META AMD CRM TXN AMZN",10,yes,not_opened,"E031 failed Discovery; no E031 OOS outcomes queried"
S030,E031 ADD research,Frozen OOS,E031_FOOS,"LOW BA PGR ADP MDLZ",5,no,not_opened,"E031 failed Discovery; Frozen OOS remained untouched; earliest unknown aggregate membership still cannot be ruled out"
S031,E032 ADD Opportunity Map,Discovery,E032_D,"AAPL MSFT NVDA JPM XOM ADBE WFC MRK FDX NEE ORCL WMT GS TMO RTX AVGO PEP C MDT UNP IBM CVX HD AMGN MCD LLY GE V TGT COP",30,yes,completed_candidate_zones,"30/30 completed; 15 pre-defined cells passed candidate-zone gate"
S032,E032 ADD Opportunity Map,Reserved OOS,E032_OOS,"QCOM NKE SCHW GILD CSX META AMD CRM TXN AMZN",10,yes,not_opened,"E032 Discovery-only by design; no E032 outcomes queried"
S033,E032 ADD Opportunity Map,Reserved Frozen OOS,E032_FOOS,"LOW BA PGR ADP MDLZ",5,no,not_opened,"E032 Discovery-only by design; remains untouched for E030/E031/E032 outcome testing subject to historical-membership caveat"
S034,E033 Selective Early Second Entry,Discovery,E033_D,"AAPL MSFT NVDA JPM XOM ADBE WFC MRK FDX NEE ORCL WMT GS TMO RTX AVGO PEP C MDT UNP IBM CVX HD AMGN MCD LLY GE V TGT COP",30,yes,completed_rejected,"All four candidates failed path-selectivity gate despite positive ADD economics"
S035,E033 Selective Early Second Entry,OOS,E033_OOS,"QCOM NKE SCHW GILD CSX META AMD CRM TXN AMZN",10,yes,not_opened,"E033 failed Discovery; no E033 OOS outcomes queried"
S036,E033 Selective Early Second Entry,Frozen OOS,E033_FOOS,"LOW BA PGR ADP MDLZ",5,no,not_opened,"E033 failed Discovery; Frozen OOS remained untouched; historical-membership caveat remains"
