date,equal_capital_index
2020-01-02,1.0000000000
2020-01-03,1.0000000000
2020-01-06,1.0002722348
2020-01-07,1.0002820149
2020-01-08,1.0003290008
2020-01-09,1.0004041008
2020-01-10,0.9998784113
2020-01-13,1.0009754172
2020-01-14,1.0010374094
2020-01-15,1.0002867280
2020-01-16,1.0011451075
2020-01-17,1.0014015161
2020-01-21,1.0010758461
2020-01-22,1.0016696019
2020-01-23,1.0024911124
2020-01-24,1.0035156716
2020-01-27,1.0013932086
2020-01-28,1.0029710422
2020-01-29,1.0030845625
2020-01-30,1.0025098517
2020-01-31,0.9998673999
2020-02-03,0.9999686603
2020-02-04,1.0022518753
2020-02-05,0.9997235951
2020-02-06,1.0004422323
2020-02-07,0.9974561582
2020-02-10,1.0009682384
2020-02-11,1.0024334888
2020-02-12,1.0050052009
2020-02-13,1.0046943120
2020-02-14,1.0059157361
2020-02-18,1.0065131787
2020-02-19,1.0099101781
2020-02-20,1.0084989960
2020-02-21,1.0064449532
2020-02-24,1.0029350206
2020-02-25,0.9994318648
2020-02-26,0.9995879015
2020-02-27,0.9948559751
2020-02-28,0.9934589483
2020-03-02,0.9983911974
2020-03-03,0.9952059080
2020-03-04,0.9994900582
2020-03-05,0.9960450058
2020-03-06,0.9938746428
2020-03-09,0.9886226826
2020-03-10,0.9906679336
2020-03-11,0.9895148481
2020-03-12,0.9862081928
2020-03-13,0.9877159521
2020-03-16,0.9843971179
2020-03-17,0.9855537998
2020-03-18,0.9845568346
2020-03-19,0.9851267797
2020-03-20,0.9845974348
2020-03-23,0.9847449446
2020-03-24,0.9847355080
2020-03-25,0.9847348350
2020-03-26,0.9847278490
2020-03-27,0.9846988802
2020-03-30,0.9848192087
2020-03-31,0.9848211124
2020-04-01,0.9848261779
2020-04-02,0.9848229072
2020-04-03,0.9848245166
2020-04-06,0.9848162542
2020-04-07,0.9848166865
2020-04-08,0.9848131259
2020-04-09,0.9848124144
2020-04-13,0.9848125052
2020-04-14,0.9848080841
2020-04-15,0.9848099407
2020-04-16,0.9848085187
2020-04-17,0.9844760521
2020-04-20,0.9851523030
2020-04-21,0.9851599373
2020-04-22,0.9850550079
2020-04-23,0.9850555024
2020-04-24,0.9850539973
2020-04-27,0.9850522580
2020-04-28,0.9850537288
2020-04-29,0.9850509021
2020-04-30,0.9849719158
2020-05-01,0.9848928818
2020-05-04,0.9854720425
2020-05-05,0.9858782877
2020-05-06,0.9859861989
2020-05-07,0.9860043027
2020-05-08,0.9866320376
2020-05-11,0.9869600127
2020-05-12,0.9862355390
2020-05-13,0.9860278376
2020-05-14,0.9869128148
2020-05-15,0.9871993177
2020-05-18,0.9887305255
2020-05-19,0.9871722871
2020-05-20,0.9895808476
2020-05-21,0.9879469098
2020-05-22,0.9887420129
2020-05-26,0.9877708056
2020-05-27,0.9888178980
2020-05-28,0.9870374924
2020-05-29,0.9888379668
2020-06-01,0.9883007856
2020-06-02,0.9889161244
2020-06-03,0.9901327059
2020-06-04,0.9897280877
2020-06-05,0.9921324392
2020-06-08,0.9914969696
2020-06-09,0.9913851883
2020-06-10,0.9916779414
2020-06-11,0.9900143586
2020-06-12,0.9885456115
2020-06-15,0.9872510642
2020-06-16,0.9873057156
2020-06-17,0.9858391205
2020-06-18,0.9859411646
2020-06-19,0.9849681620
2020-06-22,0.9855425611
2020-06-23,0.9861799930
2020-06-24,0.9828406085
2020-06-25,0.9848837342
2020-06-26,0.9812265556
2020-06-29,0.9833807248
2020-06-30,0.9858790624
2020-07-01,0.9858347356
2020-07-02,0.9857554267
2020-07-06,0.9893841164
2020-07-07,0.9873320363
2020-07-08,0.9887605172
2020-07-09,0.9900284329
2020-07-10,0.9917202444
2020-07-13,0.9858946252
2020-07-14,0.9883542296
2020-07-15,0.9881828694
2020-07-16,0.9873930048
2020-07-17,0.9870374130
2020-07-20,0.9885251663
2020-07-21,0.9881414000
2020-07-22,0.9907605500
2020-07-23,0.9889550913
2020-07-24,0.9900581735
2020-07-27,0.9905899832
2020-07-28,0.9896287543
2020-07-29,0.9927723691
2020-07-30,0.9948412565
2020-07-31,0.9941845066
2020-08-03,0.9960040786
2020-08-04,0.9971783125
2020-08-05,0.9972808834
2020-08-06,0.9999050215
2020-08-07,0.9984393995
2020-08-10,0.9985186147
2020-08-11,0.9964440531
2020-08-12,0.9968354787
2020-08-13,0.9960035142
2020-08-14,0.9961819268
2020-08-17,0.9963854845
2020-08-18,0.9956980148
2020-08-19,0.9955347490
2020-08-20,0.9952106233
2020-08-21,0.9954769738
2020-08-24,0.9949058827
2020-08-25,0.9948816156
2020-08-26,0.9969868387
2020-08-27,0.9950101917
2020-08-28,0.9959176302
2020-08-31,0.9944058006
2020-09-01,0.9960150994
2020-09-02,0.9977443985
2020-09-03,0.9884263491
2020-09-04,0.9877223516
2020-09-08,0.9856751373
2020-09-09,0.9886365623
2020-09-10,0.9855936138
2020-09-11,0.9861032078
2020-09-14,0.9868501969
2020-09-15,0.9877605428
2020-09-16,0.9845849485
2020-09-17,0.9825644185
2020-09-18,0.9812049517
2020-09-21,0.9804079128
2020-09-22,0.9804028276
2020-09-23,0.9754746170
2020-09-24,0.9757578892
2020-09-25,0.9776622040
2020-09-28,0.9802999189
2020-09-29,0.9797503972
2020-09-30,0.9817590103
2020-10-01,0.9837322534
2020-10-02,0.9812094114
2020-10-05,0.9857058570
2020-10-06,0.9828650217
2020-10-07,0.9869236387
2020-10-08,0.9882283277
2020-10-09,0.9895948674
2020-10-12,0.9911529323
2020-10-13,0.9895444242
2020-10-14,0.9885795481
2020-10-15,0.9881342415
2020-10-16,0.9887409617
2020-10-19,0.9884140883
2020-10-20,0.9886917287
2020-10-21,0.9885442278
2020-10-22,0.9886728982
2020-10-23,0.9890282288
2020-10-26,0.9883940819
2020-10-27,0.9875971492
2020-10-28,0.9852205927
2020-10-29,0.9867751146
2020-10-30,0.9854686427
2020-11-02,0.9857496517
2020-11-03,0.9878502667
2020-11-04,0.9880254783
2020-11-05,0.9940139903
2020-11-06,0.9941561248
2020-11-09,0.9915242455
2020-11-10,0.9867311330
2020-11-11,0.9890894977
2020-11-12,0.9858797268
2020-11-13,0.9890027165
2020-11-16,0.9921307542
2020-11-17,0.9935546396
2020-11-18,0.9917838066
2020-11-19,0.9920002487
2020-11-20,0.9912168249
2020-11-23,0.9922090572
2020-11-24,0.9932929367
2020-11-25,0.9937276844
2020-11-27,0.9944853785
2020-11-30,0.9941161052
2020-12-01,0.9962847861
2020-12-02,0.9960945694
2020-12-03,0.9954572833
2020-12-04,0.9959209066
2020-12-07,0.9959864216
2020-12-08,0.9965218300
2020-12-09,0.9955294582
2020-12-10,0.9947024965
2020-12-11,0.9951412453
2020-12-14,0.9949871653
2020-12-15,0.9966894182
2020-12-16,0.9966392590
2020-12-17,0.9977440717
2020-12-18,0.9968816392
2020-12-21,0.9951641748
2020-12-22,0.9934735805
2020-12-23,0.9943571866
2020-12-24,0.9948227031
2020-12-28,0.9965805228
2020-12-29,0.9961963546
2020-12-30,0.9964211303
2020-12-31,0.9981422465
2021-01-04,0.9954502418
2021-01-05,0.9972084682
2021-01-06,0.9988193244
2021-01-07,1.0008931516
2021-01-08,1.0011166212
2021-01-11,1.0028178873
2021-01-12,1.0038214713
2021-01-13,1.0033894284
2021-01-14,1.0039119135
2021-01-15,1.0007056389
2021-01-19,1.0026191835
2021-01-20,1.0056014599
2021-01-21,1.0058565416
2021-01-22,1.0047740798
2021-01-25,1.0054886543
2021-01-26,1.0060670711
2021-01-27,1.0016864285
2021-01-28,1.0017893730
2021-01-29,1.0000833135
2021-02-01,1.0008860140
2021-02-02,1.0025494688
2021-02-03,1.0020614986
2021-02-04,1.0041692621
2021-02-05,1.0047879700
2021-02-08,1.0080869471
2021-02-09,1.0068813408
2021-02-10,1.0065630328
2021-02-11,1.0079098039
2021-02-12,1.0082032450
2021-02-16,1.0093789821
2021-02-17,1.0089643755
2021-02-18,1.0065357823
2021-02-19,1.0069897228
2021-02-22,1.0078679564
2021-02-23,1.0089845300
2021-02-24,1.0101755505
2021-02-25,1.0056441497
2021-02-26,1.0043575417
2021-03-01,1.0087914042
2021-03-02,1.0075522219
2021-03-03,1.0035878655
2021-03-04,1.0018352791
2021-03-05,1.0030464319
2021-03-08,1.0012627256
2021-03-09,1.0041564239
2021-03-10,1.0036985590
2021-03-11,1.0045316099
2021-03-12,1.0059517854
2021-03-15,1.0055850628
2021-03-16,1.0055165366
2021-03-17,1.0066204569
2021-03-18,1.0042390330
2021-03-19,1.0053027151
2021-03-22,1.0056533260
2021-03-23,1.0046515817
2021-03-24,1.0037477880
2021-03-25,1.0031663553
2021-03-26,1.0043553186
2021-03-29,1.0049463108
2021-03-30,1.0053665477
2021-03-31,1.0046499211
2021-04-01,1.0055282798
2021-04-05,1.0070147194
2021-04-06,1.0065929062
2021-04-07,1.0066027206
2021-04-08,1.0077439997
2021-04-09,1.0084087443
2021-04-12,1.0077622539
2021-04-13,1.0079029243
2021-04-14,1.0079841651
2021-04-15,1.0095611204
2021-04-16,1.0094988819
2021-04-19,1.0086945306
2021-04-20,1.0070799861
2021-04-21,1.0071225224
2021-04-22,1.0054911749
2021-04-23,1.0057420427
2021-04-26,1.0057420860
2021-04-27,1.0058098506
2021-04-28,1.0047230402
2021-04-29,1.0055490767
2021-04-30,1.0046539151
2021-05-03,1.0040522309
2021-05-04,1.0020085509
2021-05-05,1.0020761445
2021-05-06,1.0033249168
2021-05-07,1.0045458412
2021-05-10,1.0029249548
2021-05-11,1.0004945784
2021-05-12,0.9978700071
2021-05-13,0.9998362475
2021-05-14,1.0012721737
2021-05-17,1.0006373602
2021-05-18,0.9999275441
2021-05-19,0.9999189810
2021-05-20,1.0017654539
2021-05-21,1.0014173669
2021-05-24,1.0035249385
2021-05-25,1.0034584213
2021-05-26,1.0039441704
2021-05-27,1.0058204995
2021-05-28,1.0062018016
2021-06-01,1.0064748683
2021-06-02,1.0076310315
2021-06-03,1.0075701896
2021-06-04,1.0091094124
2021-06-07,1.0087816216
2021-06-08,1.0084117771
2021-06-09,1.0088629547
2021-06-10,1.0091670883
2021-06-11,1.0088685579
2021-06-14,1.0095412656
2021-06-15,1.0093245709
2021-06-16,1.0091340694
2021-06-17,1.0090797837
2021-06-18,1.0075419798
2021-06-21,1.0078276885
2021-06-22,1.0083235648
2021-06-23,1.0080424796
2021-06-24,1.0098058337
2021-06-25,1.0096643573
2021-06-28,1.0104475227
2021-06-29,1.0107788088
2021-06-30,1.0135979758
2021-07-01,1.0124975094
2021-07-02,1.0138558908
2021-07-06,1.0128996059
2021-07-07,1.0125145209
2021-07-08,1.0122404506
2021-07-09,1.0138612498
2021-07-12,1.0145285828
2021-07-13,1.0133671025
2021-07-14,1.0135716814
2021-07-15,1.0128216100
2021-07-16,1.0103202260
2021-07-19,1.0068431986
2021-07-20,1.0076746022
2021-07-21,1.0087414078
2021-07-22,1.0078157798
2021-07-23,1.0084229400
2021-07-26,1.0093759679
2021-07-27,1.0089467780
2021-07-28,1.0093610105
2021-07-29,1.0119014063
2021-07-30,1.0122351701
2021-08-02,1.0117857471
2021-08-03,1.0125565142
2021-08-04,1.0137946180
2021-08-05,1.0125975814
2021-08-06,1.0111106366
2021-08-09,1.0115402282
2021-08-10,1.0116588207
2021-08-11,1.0114430598
2021-08-12,1.0112807678
2021-08-13,1.0115076763
2021-08-16,1.0118052421
2021-08-17,1.0114677044
2021-08-18,1.0104704545
2021-08-19,1.0107336207
2021-08-20,1.0115149149
2021-08-23,1.0138149474
2021-08-24,1.0134866289
2021-08-25,1.0137693019
2021-08-26,1.0129167031
2021-08-27,1.0139531208
2021-08-30,1.0139682200
2021-08-31,1.0136776435
2021-09-01,1.0132808387
2021-09-02,1.0139222907
2021-09-03,1.0142334370
2021-09-07,1.0134709822
2021-09-08,1.0134523532
2021-09-09,1.0122295898
2021-09-10,1.0119460035
2021-09-13,1.0118894530
2021-09-14,1.0107668085
2021-09-15,1.0110589908
2021-09-16,1.0111835082
2021-09-17,1.0103110960
2021-09-20,1.0080170777
2021-09-21,1.0078958890
2021-09-22,1.0089297498
2021-09-23,1.0101454288
2021-09-24,1.0109075685
2021-09-27,1.0111863635
2021-09-28,1.0065359756
2021-09-29,1.0072619396
2021-09-30,1.0050385275
2021-10-01,1.0062567271
2021-10-04,1.0052276320
2021-10-05,1.0061404782
2021-10-06,1.0075171942
2021-10-07,1.0085237510
2021-10-08,1.0079499114
2021-10-11,1.0067019747
2021-10-12,1.0066087408
2021-10-13,1.0083293419
2021-10-14,1.0113376485
2021-10-15,1.0120243649
2021-10-18,1.0138198549
2021-10-19,1.0142220435
2021-10-20,1.0142680238
2021-10-21,1.0154754896
2021-10-22,1.0162750054
2021-10-25,1.0188988825
2021-10-26,1.0188515944
2021-10-27,1.0189406141
2021-10-28,1.0195860772
2021-10-29,1.0207894870
2021-11-01,1.0212673576
2021-11-02,1.0215616056
2021-11-03,1.0226537756
2021-11-04,1.0237103833
2021-11-05,1.0225744441
2021-11-08,1.0240478025
2021-11-09,1.0235744606
2021-11-10,1.0196392497
2021-11-11,1.0200942331
2021-11-12,1.0203241199
2021-11-15,1.0201338050
2021-11-16,1.0204545631
2021-11-17,1.0200984498
2021-11-18,1.0203733130
2021-11-19,1.0200976873
2021-11-22,1.0199030646
2021-11-23,1.0211723832
2021-11-24,1.0217509845
2021-11-26,1.0170859482
2021-11-29,1.0189577612
2021-11-30,1.0168598647
2021-12-01,1.0168695002
2021-12-02,1.0179807913
2021-12-03,1.0177642137
2021-12-06,1.0190060898
2021-12-07,1.0222431092
2021-12-08,1.0219652380
2021-12-09,1.0202695804
2021-12-10,1.0237474049
2021-12-13,1.0212222239
2021-12-14,1.0196177172
2021-12-15,1.0231982523
2021-12-16,1.0215656248
2021-12-17,1.0182739258
2021-12-20,1.0172307121
2021-12-21,1.0193505415
2021-12-22,1.0206376199
2021-12-23,1.0225757915
2021-12-27,1.0253345268
2021-12-28,1.0239469235
2021-12-29,1.0242072226
2021-12-30,1.0224348232
2021-12-31,1.0219524346
2022-01-03,1.0255936737
2022-01-04,1.0252887156
2022-01-05,1.0232281081
2022-01-06,1.0239322923
2022-01-07,1.0233429471
2022-01-10,1.0233449802
2022-01-11,1.0246153463
2022-01-12,1.0247208960
2022-01-13,1.0221838650
2022-01-14,1.0224918800
2022-01-18,1.0200429438
2022-01-19,1.0202678897
2022-01-20,1.0179846273
2022-01-21,1.0173677756
2022-01-24,1.0190012892
2022-01-25,1.0156312611
2022-01-26,1.0148218016
2022-01-27,1.0138789075
2022-01-28,1.0169372768
2022-01-31,1.0210423689
2022-02-01,1.0214069970
2022-02-02,1.0260053210
2022-02-03,1.0232697820
2022-02-04,1.0223841534
2022-02-07,1.0218182272
2022-02-08,1.0229860615
2022-02-09,1.0235031450
2022-02-10,1.0230624542
2022-02-11,1.0213174866
2022-02-14,1.0211833887
2022-02-15,1.0235368371
2022-02-16,1.0235141358
2022-02-17,1.0224073850
2022-02-18,1.0226180585
2022-02-22,1.0223876995
2022-02-23,1.0214481240
2022-02-24,1.0210310017
2022-02-25,1.0229616293
2022-02-28,1.0236376684
2022-03-01,1.0235208448
2022-03-02,1.0264488284
2022-03-03,1.0259278980
2022-03-04,1.0257585950
2022-03-07,1.0243474313
2022-03-08,1.0239929146
2022-03-09,1.0242912733
2022-03-10,1.0251402459
2022-03-11,1.0236551306
2022-03-14,1.0228873276
2022-03-15,1.0234106619
2022-03-16,1.0238805499
2022-03-17,1.0238062019
2022-03-18,1.0239779643
2022-03-21,1.0238017420
2022-03-22,1.0240469808
2022-03-23,1.0234639128
2022-03-24,1.0242637031
2022-03-25,1.0243840316
2022-03-28,1.0245302808
2022-03-29,1.0247849135
2022-03-30,1.0245096962
2022-03-31,1.0244663961
2022-04-01,1.0244957913
2022-04-04,1.0244945759
2022-04-05,1.0244964986
2022-04-06,1.0244972247
2022-04-07,1.0246518410
2022-04-08,1.0241936109
2022-04-11,1.0228412930
2022-04-12,1.0221546367
2022-04-13,1.0227846075
2022-04-14,1.0219359727
2022-04-18,1.0224624347
2022-04-19,1.0242392299
2022-04-20,1.0239662587
2022-04-21,1.0229071725
2022-04-22,1.0200509404
2022-04-25,1.0200915278
2022-04-26,1.0175386738
2022-04-27,1.0183749710
2022-04-28,1.0199009839
2022-04-29,1.0174832275
2022-05-02,1.0173878378
2022-05-03,1.0175174438
2022-05-04,1.0204506847
2022-05-05,1.0160475085
2022-05-06,1.0166148017
2022-05-09,1.0108966205
2022-05-10,1.0117704382
2022-05-11,1.0113399482
2022-05-12,1.0115637683
2022-05-13,1.0120754494
2022-05-16,1.0127188602
2022-05-17,1.0135334229
2022-05-18,1.0091426946
2022-05-19,1.0076654903
2022-05-20,1.0075250692
2022-05-23,1.0080933742
2022-05-24,1.0085894882
2022-05-25,1.0083424952
2022-05-26,1.0088850595
2022-05-27,1.0095614142
2022-05-31,1.0083704948
2022-06-01,1.0077242672
2022-06-02,1.0075943077
2022-06-03,1.0072415189
2022-06-06,1.0074768853
2022-06-07,1.0074756781
2022-06-08,1.0074736233
2022-06-09,1.0074534337
2022-06-10,1.0075589597
2022-06-13,1.0073770651
2022-06-14,1.0066983204
2022-06-15,1.0068377029
2022-06-16,1.0057596352
2022-06-17,1.0060558577
2022-06-21,1.0073742803
2022-06-22,1.0070662915
2022-06-23,1.0067467138
2022-06-24,1.0087688601
2022-06-27,1.0088202610
2022-06-28,1.0075684525
2022-06-29,1.0078762616
2022-06-30,1.0074555502
2022-07-01,1.0086293228
2022-07-05,1.0078468697
2022-07-06,1.0076800858
2022-07-07,1.0079877835
2022-07-08,1.0079655033
2022-07-11,1.0079337518
2022-07-12,1.0078488957
2022-07-13,1.0078747070
2022-07-14,1.0077467648
2022-07-15,1.0078548954
2022-07-18,1.0075983788
2022-07-19,1.0078638667
2022-07-20,1.0080670273
2022-07-21,1.0077610122
2022-07-22,1.0076489400
2022-07-25,1.0082564977
2022-07-26,1.0083240159
2022-07-27,1.0086700413
2022-07-28,1.0091799855
2022-07-29,1.0099176045
2022-08-01,1.0094558262
2022-08-02,1.0086616087
2022-08-03,1.0091366484
2022-08-04,1.0090335302
2022-08-05,1.0089350048
2022-08-08,1.0088348351
2022-08-09,1.0088676934
2022-08-10,1.0089237705
2022-08-11,1.0088972558
2022-08-12,1.0089596641
2022-08-15,1.0091085177
2022-08-16,1.0090295078
2022-08-17,1.0090409924
2022-08-18,1.0090000883
2022-08-19,1.0090164346
2022-08-22,1.0089248628
2022-08-23,1.0086884536
2022-08-24,1.0086439622
2022-08-25,1.0109701047
2022-08-26,1.0065239430
2022-08-29,1.0060269290
2022-08-30,1.0047137499
2022-08-31,1.0030820899
2022-09-01,1.0023844425
2022-09-02,1.0009254323
2022-09-06,1.0003474788
2022-09-07,1.0025036314
2022-09-08,1.0042514631
2022-09-09,1.0070665814
2022-09-12,1.0093656020
2022-09-13,0.9970576515
2022-09-14,0.9975362409
2022-09-15,0.9959223813
2022-09-16,0.9945605714
2022-09-19,0.9957664906
2022-09-20,0.9952086784
2022-09-21,0.9937404140
2022-09-22,0.9937781279
2022-09-23,0.9919966895
2022-09-26,0.9914418788
2022-09-27,0.9911392572
2022-09-28,0.9931048855
2022-09-29,0.9919090953
2022-09-30,0.9911018455
2022-10-03,0.9916089228
2022-10-04,0.9925081476
2022-10-05,0.9931677362
2022-10-06,0.9940567221
2022-10-07,0.9932170170
2022-10-10,0.9926468602
2022-10-11,0.9923164006
2022-10-12,0.9922900099
2022-10-13,0.9917614160
2022-10-14,0.9912843647
2022-10-17,0.9919028488
2022-10-18,0.9918167445
2022-10-19,0.9934667807
2022-10-20,0.9931567498
2022-10-21,0.9951208257
2022-10-24,0.9950608281
2022-10-25,0.9956784795
2022-10-26,0.9960712703
2022-10-27,0.9959459204
2022-10-28,0.9961720423
2022-10-31,0.9962461144
2022-11-01,0.9967784626
2022-11-02,0.9966587942
2022-11-03,0.9965039128
2022-11-04,0.9965019185
2022-11-07,0.9964415250
2022-11-08,0.9964676727
2022-11-09,0.9963539837
2022-11-10,0.9966015195
2022-11-11,0.9970845337
2022-11-14,0.9971027727
2022-11-15,0.9980046708
2022-11-16,0.9979606276
2022-11-17,0.9973164906
2022-11-18,0.9975385421
2022-11-21,0.9972693057
2022-11-22,0.9977473905
2022-11-23,0.9979649098
2022-11-25,0.9977829106
2022-11-28,0.9972472018
2022-11-29,0.9972057230
2022-11-30,0.9976200567
2022-12-01,0.9976981825
2022-12-02,0.9978533301
2022-12-05,0.9965994902
2022-12-06,0.9946537375
2022-12-07,0.9947767433
2022-12-08,0.9956010094
2022-12-09,0.9948771898
2022-12-12,0.9966991775
2022-12-13,0.9961539810
2022-12-14,0.9950439214
2022-12-15,0.9903978934
2022-12-16,0.9891821899
2022-12-19,0.9889071135
2022-12-20,0.9894567263
2022-12-21,0.9907158544
2022-12-22,0.9891205995
2022-12-23,0.9898536515
2022-12-27,0.9895818164
2022-12-28,0.9884634567
2022-12-29,0.9901007913
2022-12-30,0.9901264742
2023-01-03,0.9897431144
2023-01-04,0.9909719964
2023-01-05,0.9899854325
2023-01-06,0.9923445233
2023-01-09,0.9925911889
2023-01-10,0.9936540022
2023-01-11,0.9960692848
2023-01-12,0.9967285677
2023-01-13,0.9978276434
2023-01-17,0.9975952577
2023-01-18,0.9949467204
2023-01-19,0.9938737212
2023-01-20,0.9939977522
2023-01-23,0.9939825802
2023-01-24,0.9941101802
2023-01-25,0.9941905882
2023-01-26,0.9940047301
2023-01-27,0.9930668715
2023-01-30,0.9919984494
2023-01-31,0.9919310109
2023-02-01,0.9921760328
2023-02-02,0.9929815590
2023-02-03,0.9929573850
2023-02-06,0.9902753948
2023-02-07,0.9917777660
2023-02-08,0.9898325020
2023-02-09,0.9899510518
2023-02-10,0.9902317830
2023-02-13,0.9907277626
2023-02-14,0.9911156549
2023-02-15,0.9906201275
2023-02-16,0.9883623233
2023-02-17,0.9879024825
2023-02-21,0.9865784936
2023-02-22,0.9858528457
2023-02-23,0.9852721155
2023-02-24,0.9833823549
2023-02-27,0.9829431240
2023-02-28,0.9824206068
2023-03-01,0.9815104576
2023-03-02,0.9835872023
2023-03-03,0.9868482048
2023-03-06,0.9863959416
2023-03-07,0.9828738375
2023-03-08,0.9836271829
2023-03-09,0.9807947202
2023-03-10,0.9793699662
2023-03-13,0.9783498666
2023-03-14,0.9805353857
2023-03-15,0.9800867153
2023-03-16,0.9829522186
2023-03-17,0.9822359815
2023-03-20,0.9834323401
2023-03-21,0.9855121278
2023-03-22,0.9836898634
2023-03-23,0.9864166728
2023-03-24,0.9867747153
2023-03-27,0.9874646135
2023-03-28,0.9867531058
2023-03-29,0.9891239901
2023-03-30,0.9900211690
2023-03-31,0.9920980993
2023-04-03,0.9932279514
2023-04-04,0.9928489926
2023-04-05,0.9924061892
2023-04-06,0.9924062221
2023-04-10,0.9932861658
2023-04-11,0.9932731930
2023-04-12,0.9928309537
2023-04-13,0.9933116949
2023-04-14,0.9930203413
2023-04-17,0.9931417474
2023-04-18,0.9931170248
2023-04-19,0.9928959270
2023-04-20,0.9919844320
2023-04-21,0.9917386185
2023-04-24,0.9916762289
2023-04-25,0.9902596179
2023-04-26,0.9910823147
2023-04-27,0.9945964437
2023-04-28,0.9964255584
2023-05-01,0.9956639800
2023-05-02,0.9933584095
2023-05-03,0.9929161008
2023-05-04,0.9920345021
2023-05-05,0.9933144315
2023-05-08,0.9951001566
2023-05-09,0.9947383102
2023-05-10,0.9954517672
2023-05-11,0.9959623876
2023-05-12,0.9955863033
2023-05-15,0.9958636391
2023-05-16,0.9952266396
2023-05-17,0.9963273868
2023-05-18,0.9984407010
2023-05-19,0.9985130576
2023-05-22,0.9962413411
2023-05-23,0.9943413139
2023-05-24,0.9930826373
2023-05-25,0.9942709868
2023-05-26,0.9973699775
2023-05-30,0.9965785102
2023-05-31,0.9952417359
2023-06-01,0.9964712503
2023-06-02,0.9970367302
2023-06-05,0.9959753695
2023-06-06,0.9960285197
2023-06-07,0.9957370816
2023-06-08,0.9952666624
2023-06-09,0.9948370627
2023-06-12,0.9951553706
2023-06-13,0.9942995914
2023-06-14,0.9958523471
2023-06-15,0.9977063803
2023-06-16,0.9973569788
2023-06-20,0.9958280132
2023-06-21,0.9954917859
2023-06-22,0.9960430903
2023-06-23,0.9955247092
2023-06-26,0.9935465291
2023-06-27,0.9955957767
2023-06-28,0.9950994963
2023-06-29,0.9956539149
2023-06-30,0.9964250525
2023-07-03,0.9971158232
2023-07-05,0.9965557887
2023-07-06,0.9961997857
2023-07-07,0.9956071596
2023-07-10,0.9959233834
2023-07-11,0.9963998397
2023-07-12,0.9970162105
2023-07-13,0.9977652862
2023-07-14,0.9973399372
2023-07-17,0.9985139785
2023-07-18,0.9989573052
2023-07-19,0.9988177746
2023-07-20,0.9966378191
2023-07-21,0.9974495820
2023-07-24,0.9981369354
2023-07-25,0.9983180824
2023-07-26,0.9978756571
2023-07-27,0.9965431203
2023-07-28,0.9980746750
2023-07-31,0.9973392005
2023-08-01,0.9969092462
2023-08-02,0.9951415146
2023-08-03,0.9953431889
2023-08-04,0.9955369435
2023-08-07,0.9967308855
2023-08-08,0.9958311505
2023-08-09,0.9945255415
2023-08-10,0.9943259928
2023-08-11,0.9948555808
2023-08-14,0.9961532747
2023-08-15,0.9943587727
2023-08-16,0.9930615122
2023-08-17,0.9921234156
2023-08-18,0.9921204628
2023-08-21,0.9927443565
2023-08-22,0.9903718480
2023-08-23,0.9937057964
2023-08-24,0.9884181949
2023-08-25,0.9893256659
2023-08-28,0.9910155727
2023-08-29,0.9943070429
2023-08-30,0.9953903836
2023-08-31,0.9951154953
2023-09-01,0.9954237319
2023-09-05,0.9954912695
2023-09-06,0.9942261246
2023-09-07,0.9926828737
2023-09-08,0.9928282049
2023-09-11,0.9938119864
2023-09-12,0.9926133294
2023-09-13,0.9924159411
2023-09-14,0.9930407688
2023-09-15,0.9924598772
2023-09-18,0.9929550081
2023-09-19,0.9926392415
2023-09-20,0.9912701622
2023-09-21,0.9896337107
2023-09-22,0.9895799364
2023-09-25,0.9897617562
2023-09-26,0.9882300663
2023-09-27,0.9883044616
2023-09-28,0.9896235050
2023-09-29,0.9883886879
2023-10-02,0.9893602555
2023-10-03,0.9862599623
2023-10-04,0.9894093271
2023-10-05,0.9890179003
2023-10-06,0.9918511091
2023-10-09,0.9924622241
2023-10-10,0.9941018178
2023-10-11,0.9961288455
2023-10-12,0.9962742843
2023-10-13,0.9943914590
2023-10-16,0.9958339444
2023-10-17,0.9952462937
2023-10-18,0.9943779051
2023-10-19,0.9938336387
2023-10-20,0.9927716360
2023-10-23,0.9918378172
2023-10-24,0.9926671671
2023-10-25,0.9915627318
2023-10-26,0.9897924389
2023-10-27,0.9895868420
2023-10-30,0.9902252274
2023-10-31,0.9907571485
2023-11-01,0.9933447747
2023-11-02,0.9939239629
2023-11-03,0.9966932875
2023-11-06,0.9975673896
2023-11-07,0.9986170961
2023-11-08,0.9996324215
2023-11-09,0.9988051063
2023-11-10,1.0014325480
2023-11-13,1.0020083684
2023-11-14,1.0035292217
2023-11-15,1.0025275023
2023-11-16,1.0019314084
2023-11-17,1.0021057401
2023-11-20,1.0026115475
2023-11-21,1.0021220123
2023-11-22,1.0022341311
2023-11-24,1.0025454465
2023-11-27,1.0021154070
2023-11-28,1.0022988922
2023-11-29,1.0020873464
2023-11-30,1.0025220219
2023-12-01,1.0022524638
2023-12-04,1.0018921878
2023-12-05,1.0017029492
2023-12-06,1.0017360023
2023-12-07,1.0027608413
2023-12-08,1.0031091898
2023-12-11,1.0043008068
2023-12-12,1.0066109070
2023-12-13,1.0078895626
2023-12-14,1.0074963044
2023-12-15,1.0085997928
2023-12-18,1.0112749463
2023-12-19,1.0143386150
2023-12-20,1.0098539309
2023-12-21,1.0138442231
2023-12-22,1.0144946398
2023-12-26,1.0155103811
2023-12-27,1.0157834612
2023-12-28,1.0156894242
2023-12-29,1.0156468673
2024-01-02,1.0157817499
2024-01-03,1.0164405091
2024-01-04,1.0160906979
2024-01-05,1.0158888474
2024-01-08,1.0167972033
2024-01-09,1.0173122264
2024-01-10,1.0189761310
2024-01-11,1.0194696470
2024-01-12,1.0195168004
2024-01-16,1.0198123476
2024-01-17,1.0193112479
2024-01-18,1.0220275883
2024-01-19,1.0288400322
2024-01-22,1.0276037060
2024-01-23,1.0273308451
2024-01-24,1.0290538537
2024-01-25,1.0293188484
2024-01-26,1.0258587226
2024-01-29,1.0270436239
2024-01-30,1.0278977092
2024-01-31,1.0267955748
2024-02-01,1.0279186071
2024-02-02,1.0280151121
2024-02-05,1.0262860646
2024-02-06,1.0256345425
2024-02-07,1.0263929503
2024-02-08,1.0263491072
2024-02-09,1.0268347815
2024-02-12,1.0271929545
2024-02-13,1.0254991991
2024-02-14,1.0262940265
2024-02-15,1.0261678659
2024-02-16,1.0254001862
2024-02-20,1.0241961009
2024-02-21,1.0241595528
2024-02-22,1.0259334364
2024-02-23,1.0251394253
2024-02-26,1.0254930130
2024-02-27,1.0262698681
2024-02-28,1.0248989977
2024-02-29,1.0279109465
2024-03-01,1.0333666699
2024-03-04,1.0338453348
2024-03-05,1.0310690610
2024-03-06,1.0323283499
2024-03-07,1.0334676126
2024-03-08,1.0313392138
2024-03-11,1.0308919983
2024-03-12,1.0336746866
2024-03-13,1.0325834564
2024-03-14,1.0333089373
2024-03-15,1.0326051697
2024-03-18,1.0331822235
2024-03-19,1.0335488388
2024-03-20,1.0341683568
2024-03-21,1.0355460587
2024-03-22,1.0351239672
2024-03-25,1.0357030326
2024-03-26,1.0356261686
2024-03-27,1.0365453939
2024-03-28,1.0368941807
2024-04-01,1.0380004001
2024-04-02,1.0365191666
2024-04-03,1.0357799707
2024-04-04,1.0345995966
2024-04-05,1.0368835451
2024-04-08,1.0367797813
2024-04-09,1.0364792128
2024-04-10,1.0359404838
2024-04-11,1.0365911903
2024-04-12,1.0347769957
2024-04-15,1.0342270300
2024-04-16,1.0340975966
2024-04-17,1.0337177667
2024-04-18,1.0330630850
2024-04-19,1.0320708313
2024-04-22,1.0337238432
2024-04-23,1.0355134124
2024-04-24,1.0355228319
2024-04-25,1.0353234206
2024-04-26,1.0369950742
2024-04-29,1.0371613019
2024-04-30,1.0326292978
2024-05-01,1.0291174559
2024-05-02,1.0314342129
2024-05-03,1.0314552886
2024-05-06,1.0337051198
2024-05-07,1.0334679841
2024-05-08,1.0338439699
2024-05-09,1.0343395347
2024-05-10,1.0353388352
2024-05-13,1.0355166725
2024-05-14,1.0357297144
2024-05-15,1.0369588210
2024-05-16,1.0363954118
2024-05-17,1.0367940735
2024-05-20,1.0368821657
2024-05-21,1.0373090904
2024-05-22,1.0371887679
2024-05-23,1.0373046823
2024-05-24,1.0378494468
2024-05-28,1.0397930819
2024-05-29,1.0397302600
2024-05-30,1.0384012145
2024-05-31,1.0398813576
2024-06-03,1.0390481524
2024-06-04,1.0390957464
2024-06-05,1.0411180506
2024-06-06,1.0406200395
2024-06-07,1.0399455671
2024-06-10,1.0413018798
2024-06-11,1.0410980494
2024-06-12,1.0462660991
2024-06-13,1.0486096037
2024-06-14,1.0486039920
2024-06-17,1.0532487738
2024-06-18,1.0533708324
2024-06-20,1.0490615594
2024-06-21,1.0462335201
2024-06-24,1.0458421275
2024-06-25,1.0451256011
2024-06-26,1.0451985478
2024-06-27,1.0455006119
2024-06-28,1.0452232837
2024-07-01,1.0459036743
2024-07-02,1.0486713215
2024-07-03,1.0502192195
2024-07-05,1.0512483682
2024-07-08,1.0522601805
2024-07-09,1.0521051267
2024-07-10,1.0542634370
2024-07-11,1.0518511816
2024-07-12,1.0515859635
2024-07-15,1.0520177926
2024-07-16,1.0528384468
2024-07-17,1.0520328394
2024-07-18,1.0495882288
2024-07-19,1.0490532393
2024-07-22,1.0496153399
2024-07-23,1.0502002060
2024-07-24,1.0460140097
2024-07-25,1.0451526990
2024-07-26,1.0466729973
2024-07-29,1.0467248265
2024-07-30,1.0450519173
2024-07-31,1.0485260952
2024-08-01,1.0453659294
2024-08-02,1.0423264444
2024-08-05,1.0369198580
2024-08-06,1.0387427975
2024-08-07,1.0383088259
2024-08-08,1.0417362285
2024-08-09,1.0429746961
2024-08-12,1.0425983272
2024-08-13,1.0462510136
2024-08-14,1.0470609393
2024-08-15,1.0508390823
2024-08-16,1.0517855103
2024-08-19,1.0539079282
2024-08-20,1.0539054561
2024-08-21,1.0544997740
2024-08-22,1.0541571080
2024-08-23,1.0550737200
2024-08-26,1.0551400391
2024-08-27,1.0551000963
2024-08-28,1.0550858455
2024-08-29,1.0550857710
2024-08-30,1.0550836699
2024-09-03,1.0552661706
2024-09-04,1.0560551506
2024-09-05,1.0556731446
2024-09-06,1.0518560193
2024-09-09,1.0526646858
2024-09-10,1.0560590902
2024-09-11,1.0569757468
2024-09-12,1.0592747738
2024-09-13,1.0615022920
2024-09-16,1.0630736610
2024-09-17,1.0623094272
2024-09-18,1.0611584711
2024-09-19,1.0673579643
2024-09-20,1.0672974862
2024-09-23,1.0682723135
2024-09-24,1.0699329425
2024-09-25,1.0687099235
2024-09-26,1.0699803392
2024-09-27,1.0700435277
2024-09-30,1.0701928051
2024-10-01,1.0697644449
2024-10-02,1.0698218233
2024-10-03,1.0693403911
2024-10-04,1.0694331764
2024-10-07,1.0687234462
2024-10-08,1.0692547957
2024-10-09,1.0698778118
2024-10-10,1.0693262975
2024-10-11,1.0708808314
2024-10-14,1.0711936148
2024-10-15,1.0711393740
2024-10-16,1.0717607739
2024-10-17,1.0716803702
2024-10-18,1.0722560347
2024-10-21,1.0711350490
2024-10-22,1.0707048998
2024-10-23,1.0698112863
2024-10-24,1.0706681607
2024-10-25,1.0723903538
2024-10-28,1.0716735373
2024-10-29,1.0718690013
2024-10-30,1.0694989119
2024-10-31,1.0665990426
2024-11-01,1.0669955961
2024-11-04,1.0665202303
2024-11-05,1.0679813509
2024-11-06,1.0729302771
2024-11-07,1.0743795410
2024-11-08,1.0774686210
2024-11-11,1.0784688736
2024-11-12,1.0737923562
2024-11-13,1.0732086349
2024-11-14,1.0717420180
2024-11-15,1.0698145046
2024-11-18,1.0705078271
2024-11-19,1.0705872295
2024-11-20,1.0707242033
2024-11-21,1.0710459184
2024-11-22,1.0710173941
2024-11-25,1.0715611639
2024-11-26,1.0727703358
2024-11-27,1.0711968333
2024-11-29,1.0720498858
2024-12-02,1.0733031422
2024-12-03,1.0746229155
2024-12-04,1.0756794813
2024-12-05,1.0754898968
2024-12-06,1.0764701437
2024-12-09,1.0756250277
2024-12-10,1.0753721442
2024-12-11,1.0777402663
2024-12-12,1.0762536250
2024-12-13,1.0858094300
2024-12-16,1.0919194546
2024-12-17,1.0891909394
2024-12-18,1.0825669131
2024-12-19,1.0793221434
2024-12-20,1.0795981729
2024-12-23,1.0800089581
2024-12-24,1.0810007900
2024-12-26,1.0811921591
2024-12-27,1.0798032363
2024-12-30,1.0788834813
2024-12-31,1.0782042395
2025-01-02,1.0784397613
2025-01-03,1.0798108872
2025-01-06,1.0802059199
2025-01-07,1.0789436859
2025-01-08,1.0788393331
2025-01-10,1.0774436138
2025-01-13,1.0770935538
2025-01-14,1.0759401180
2025-01-15,1.0789820074
2025-01-16,1.0776698764
2025-01-17,1.0799926344
2025-01-21,1.0817595217
2025-01-22,1.0829369359
2025-01-23,1.0858530566
2025-01-24,1.0850274806
2025-01-27,1.0875341681
2025-01-28,1.0887971000
2025-01-29,1.0891395572
2025-01-30,1.0911370637
2025-01-31,1.0907051630
2025-02-03,1.0911356306
2025-02-04,1.0923234178
2025-02-05,1.0937146801
2025-02-06,1.0940040965
2025-02-07,1.0923595414
2025-02-10,1.0944634605
2025-02-11,1.0943065392
2025-02-12,1.0936977638
2025-02-13,1.0944828262
2025-02-14,1.0940734727
2025-02-18,1.0931426422
2025-02-19,1.0931730088
2025-02-20,1.0926447252
2025-02-21,1.0912158715
2025-02-24,1.0898364102
2025-02-25,1.0890524542
2025-02-26,1.0896607712
2025-02-27,1.0885152568
2025-02-28,1.0899197503
2025-03-03,1.0874189819
2025-03-04,1.0834791912
2025-03-05,1.0847702897
2025-03-06,1.0812653223
2025-03-07,1.0812131330
2025-03-10,1.0789779148
2025-03-11,1.0780457167
2025-03-12,1.0781601947
2025-03-13,1.0764778910
2025-03-14,1.0779289485
2025-03-17,1.0797259940
2025-03-18,1.0784772280
2025-03-19,1.0788094138
2025-03-20,1.0784699318
2025-03-21,1.0785402719
2025-03-24,1.0801989771
2025-03-25,1.0804887465
2025-03-26,1.0799188203
2025-03-27,1.0802682143
2025-03-28,1.0796405207
2025-03-31,1.0803280348
2025-04-01,1.0793962066
2025-04-02,1.0790146208
2025-04-03,1.0778806416
2025-04-04,1.0724533237
2025-04-07,1.0707397901
2025-04-08,1.0700871072
2025-04-09,1.0724149442
2025-04-10,1.0717281968
2025-04-11,1.0722968881
2025-04-14,1.0725549659
2025-04-15,1.0727773688
2025-04-16,1.0726745619
2025-04-17,1.0732447132
2025-04-21,1.0725386220
2025-04-22,1.0742208208
2025-04-23,1.0740829499
2025-04-24,1.0748443470
2025-04-25,1.0746754457
2025-04-28,1.0748359733
2025-04-29,1.0752499242
2025-04-30,1.0751583108
2025-05-01,1.0749230936
2025-05-02,1.0751951237
2025-05-05,1.0751686101
2025-05-06,1.0752265588
2025-05-07,1.0752989325
2025-05-08,1.0751979645
2025-05-09,1.0749422495
2025-05-12,1.0746683556
2025-05-13,1.0740336727
2025-05-14,1.0740175243
2025-05-15,1.0747624184
2025-05-16,1.0754049819
2025-05-19,1.0756625951
2025-05-20,1.0754878164
2025-05-21,1.0746384039
2025-05-22,1.0742775272
2025-05-23,1.0742323630
2025-05-27,1.0744832246
2025-05-28,1.0740497115
2025-05-29,1.0742032343
2025-05-30,1.0749197467
2025-06-02,1.0757721522
2025-06-03,1.0763998686
2025-06-04,1.0763454666
2025-06-05,1.0760622257
2025-06-06,1.0744207391
2025-06-09,1.0748554909
2025-06-10,1.0768045505
2025-06-11,1.0760035050
2025-06-12,1.0783672166
2025-06-13,1.0787854749
2025-06-16,1.0781494013
2025-06-17,1.0764877848
2025-06-18,1.0765527877
2025-06-20,1.0776221953
2025-06-23,1.0801031778
2025-06-24,1.0821967095
2025-06-25,1.0826025197
2025-06-26,1.0834607900
2025-06-27,1.0843666322
2025-06-30,1.0850430958
2025-07-01,1.0846397284
2025-07-02,1.0851550494
2025-07-03,1.0864149734
2025-07-07,1.0859322967
2025-07-08,1.0854194107
2025-07-09,1.0861472073
2025-07-10,1.0866730310
2025-07-11,1.0863859207
2025-07-14,1.0866915502
2025-07-15,1.0859926389
2025-07-16,1.0871512231
2025-07-17,1.0856798194
2025-07-18,1.0856367598
2025-07-21,1.0859527708
2025-07-22,1.0858707404
2025-07-23,1.0864694581
2025-07-24,1.0860484018
2025-07-25,1.0863873632
2025-07-28,1.0861997912
2025-07-29,1.0854545871
2025-07-30,1.0862252179
2025-07-31,1.0836899709
2025-08-01,1.0811703758
2025-08-04,1.0833299471
2025-08-05,1.0825558609
2025-08-06,1.0832060697
2025-08-07,1.0834352570
2025-08-08,1.0853562899
2025-08-11,1.0854359579
2025-08-12,1.0871662224
2025-08-13,1.0872876070
2025-08-14,1.0889634176
2025-08-15,1.0871943434
2025-08-18,1.0863431307
2025-08-19,1.0854946334
2025-08-20,1.0839107873
2025-08-21,1.0832293211
2025-08-22,1.0851307144
2025-08-25,1.0846946938
2025-08-26,1.0856340047
2025-08-27,1.0860817281
2025-08-28,1.0864840416
2025-08-29,1.0840942868
2025-09-02,1.0825992406
2025-09-03,1.0829833909
2025-09-04,1.0842048406
2025-09-05,1.0872041173
2025-09-08,1.0894686783
2025-09-09,1.0896230416
2025-09-10,1.1050976852
2025-09-11,1.1014170296
2025-09-12,1.1008641215
2025-09-15,1.1018984583
2025-09-16,1.1020922613
2025-09-17,1.1021249624
2025-09-18,1.1022916426
2025-09-19,1.1028679686
2025-09-22,1.1034311011
2025-09-23,1.1025465137
2025-09-24,1.1027443065
2025-09-25,1.1037870998
2025-09-26,1.1054222310
2025-09-29,1.1049685343
2025-09-30,1.1047159171
2025-10-01,1.1072228684
2025-10-02,1.1068043494
2025-10-03,1.1083940236
2025-10-06,1.1086319717
2025-10-07,1.1083081146
2025-10-08,1.1146016853
2025-10-09,1.1138991220
2025-10-10,1.1086546409
2025-10-13,1.1127143671
2025-10-14,1.1117056462
2025-10-15,1.1127317986
2025-10-16,1.1118712252
2025-10-17,1.1106348324
2025-10-20,1.1122219558
2025-10-21,1.1112914794
2025-10-22,1.1105957084
2025-10-23,1.1119107299
2025-10-24,1.1130931088
2025-10-27,1.1162576639
2025-10-28,1.1156579681
2025-10-29,1.1149398231
2025-10-30,1.1124858993
2025-10-31,1.1129391333
2025-11-03,1.1138403995
2025-11-04,1.1125317496
2025-11-05,1.1136156876
2025-11-06,1.1128719445
2025-11-07,1.1128832684
2025-11-10,1.1144978493
2025-11-11,1.1152577253
2025-11-12,1.1158500999
2025-11-13,1.1135297970
2025-11-14,1.1145825674
2025-11-17,1.1128505454
2025-11-18,1.1117824957
2025-11-19,1.1121928574
2025-11-20,1.1086441194
2025-11-21,1.1083628410
2025-11-24,1.1110238833
2025-11-25,1.1123126755
2025-11-26,1.1139368944
2025-11-28,1.1172657502
2025-12-01,1.1165268067
2025-12-02,1.1177347439
2025-12-03,1.1199436619
2025-12-04,1.1182633205
2025-12-05,1.1188115118
2025-12-08,1.1186142659
2025-12-09,1.1178432596
2025-12-10,1.1181408566
2025-12-11,1.1184553308
2025-12-12,1.1162407485
2025-12-15,1.1168423578
2025-12-16,1.1161972249
2025-12-17,1.1150990199
2025-12-18,1.1154175459
2025-12-19,1.1167235036
2025-12-22,1.1171539121
2025-12-23,1.1185739138
2025-12-24,1.1196801370
2025-12-26,1.1200136718
2025-12-29,1.1202636931
2025-12-30,1.1199716677