date,equity,exposure,active_positions
2020-01-03,10000.000000,0.00000000,0
2020-01-06,10000.000000,0.00000000,0
2020-01-07,10000.000000,0.00000000,0
2020-01-08,10000.000000,0.00000000,0
2020-01-09,10000.000000,0.00000000,0
2020-01-10,10000.000000,0.00000000,0
2020-01-13,10000.000000,0.00000000,0
2020-01-14,10000.000000,0.00000000,0
2020-01-15,10000.000000,0.00000000,0
2020-01-16,10000.000000,0.00000000,0
2020-01-17,10000.000000,0.00000000,0
2020-01-21,10000.000000,0.00000000,0
2020-01-22,10000.000000,0.00000000,0
2020-01-23,10000.000000,0.00000000,0
2020-01-24,10000.000000,0.00000000,0
2020-01-27,10000.000000,0.00000000,0
2020-01-28,10000.000000,0.00000000,0
2020-01-29,10000.000000,0.00000000,0
2020-01-30,10000.000000,0.00000000,0
2020-01-31,10000.000000,0.00000000,0
2020-02-03,10000.000000,0.00000000,0
2020-02-04,10000.000000,0.00000000,0
2020-02-05,10000.000000,0.00000000,0
2020-02-06,10000.000000,0.00000000,0
2020-02-07,10000.000000,0.00000000,0
2020-02-10,10000.000000,0.00000000,0
2020-02-11,10000.000000,0.00000000,0
2020-02-12,10000.000000,0.00000000,0
2020-02-13,10000.000000,0.00000000,0
2020-02-14,10000.000000,0.00000000,0
2020-02-18,10000.000000,0.00000000,0
2020-02-19,10000.000000,0.00000000,0
2020-02-20,10000.000000,0.00000000,0
2020-02-21,10000.000000,0.00000000,0
2020-02-24,10000.000000,0.00000000,0
2020-02-25,10000.000000,0.00000000,0
2020-02-26,10000.000000,0.00000000,0
2020-02-27,10000.000000,0.00000000,0
2020-02-28,10000.000000,0.00000000,0
2020-03-02,10000.000000,0.00000000,0
2020-03-03,10000.000000,0.00000000,0
2020-03-04,10000.000000,0.00000000,0
2020-03-05,10000.000000,0.00000000,0
2020-03-06,10000.000000,0.00000000,0
2020-03-09,10000.000000,0.00000000,0
2020-03-10,10000.000000,0.00000000,0
2020-03-11,10000.000000,0.00000000,0
2020-03-12,10000.000000,0.00000000,0
2020-03-13,10000.000000,0.00000000,0
2020-03-16,10000.000000,0.00000000,0
2020-03-17,10000.000000,0.00000000,0
2020-03-18,10000.000000,0.00000000,0
2020-03-19,10000.000000,0.00000000,0
2020-03-20,10000.000000,0.00000000,0
2020-03-23,10000.000000,0.00000000,0
2020-03-24,10000.000000,0.00000000,0
2020-03-25,10000.000000,0.00000000,0
2020-03-26,10000.000000,0.00000000,0
2020-03-27,10000.000000,0.00000000,0
2020-03-30,10000.000000,0.00000000,0
2020-03-31,10000.000000,0.00000000,0
2020-04-01,10000.000000,0.00000000,0
2020-04-02,10000.000000,0.00000000,0
2020-04-03,10000.000000,0.00000000,0
2020-04-06,10000.000000,0.00000000,0
2020-04-07,10000.000000,0.00000000,0
2020-04-08,10000.000000,0.00000000,0
2020-04-09,10000.000000,0.00000000,0
2020-04-13,10000.000000,0.00000000,0
2020-04-14,10000.000000,0.00000000,0
2020-04-15,10000.000000,0.00000000,0
2020-04-16,10000.000000,0.00000000,0
2020-04-17,10000.000000,0.00000000,0
2020-04-20,10000.000000,0.00000000,0
2020-04-21,10000.000000,0.00000000,0
2020-04-22,10000.000000,0.00000000,0
2020-04-23,10000.000000,0.00000000,0
2020-04-24,10000.000000,0.00000000,0
2020-04-27,10000.000000,0.00000000,0
2020-04-28,10000.000000,0.00000000,0
2020-04-29,10000.000000,0.00000000,0
2020-04-30,10000.000000,0.00000000,0
2020-05-01,10000.000000,0.00000000,0
2020-05-04,10000.000000,0.00000000,0
2020-05-05,10000.000000,0.00000000,0
2020-05-06,10000.000000,0.00000000,0
2020-05-07,10000.000000,0.00000000,0
2020-05-08,10000.000000,0.00000000,0
2020-05-11,10000.000000,0.00000000,0
2020-05-12,10000.000000,0.00000000,0
2020-05-13,10000.000000,0.00000000,0
2020-05-14,10000.000000,0.00000000,0
2020-05-15,10000.000000,0.00000000,0
2020-05-18,10000.000000,0.00000000,0
2020-05-19,10000.000000,0.00000000,0
2020-05-20,10000.000000,0.00000000,0
2020-05-21,10000.000000,0.00000000,0
2020-05-22,10000.000000,0.00000000,0
2020-05-26,10000.000000,0.00000000,0
2020-05-27,10000.000000,0.00000000,0
2020-05-28,10000.000000,0.00000000,0
2020-05-29,10000.000000,0.00000000,0
2020-06-01,10000.000000,0.00000000,0
2020-06-02,10000.000000,0.00000000,0
2020-06-03,10000.000000,0.00000000,0
2020-06-04,10000.000000,0.00000000,0
2020-06-05,10000.000000,0.00000000,0
2020-06-08,10000.000000,0.00000000,0
2020-06-09,10000.000000,0.00000000,0
2020-06-10,9766.842017,1.00000000,3
2020-06-11,9002.048018,1.00000000,4
2020-06-12,9132.559282,1.00000000,4
2020-06-15,9127.993003,0.00000000,0
2020-06-16,9127.993003,0.00000000,0
2020-06-17,9127.993003,0.00000000,0
2020-06-18,9127.993003,0.00000000,0
2020-06-19,9127.993003,0.00000000,0
2020-06-22,8770.931651,1.00000000,6
2020-06-23,8766.546185,0.00000000,0
2020-06-24,8684.172217,1.00000000,9
2020-06-25,8519.603816,1.00000000,10
2020-06-26,8515.344014,0.00000000,0
2020-06-29,8515.344014,0.00000000,0
2020-06-30,8515.344014,0.00000000,0
2020-07-01,8754.041035,1.00000000,9
2020-07-02,8860.229673,1.00000000,8
2020-07-06,8997.256761,1.00000000,8
2020-07-07,9076.343929,1.00000000,9
2020-07-08,9087.361703,1.00000000,10
2020-07-09,9259.287658,1.00000000,9
2020-07-10,9291.384772,1.00000000,11
2020-07-13,9594.489075,1.00000000,11
2020-07-14,9293.001358,1.00000000,9
2020-07-15,9581.930931,1.00000000,7
2020-07-16,9403.750659,1.00000000,6
2020-07-17,9449.871726,1.00000000,7
2020-07-20,9472.279273,1.00000000,3
2020-07-21,9771.917858,1.00000000,6
2020-07-22,9671.586610,1.00000000,8
2020-07-23,9789.133151,1.00000000,5
2020-07-24,9727.164117,1.00000000,4
2020-07-27,9697.284670,1.00000000,5
2020-07-28,9702.042055,1.00000000,3
2020-07-29,9663.764689,1.00000000,5
2020-07-30,9646.670919,1.00000000,4
2020-07-31,9730.310040,1.00000000,4
2020-08-03,9763.875430,1.00000000,3
2020-08-04,9758.993493,0.00000000,0
2020-08-05,9758.993493,0.00000000,0
2020-08-06,9686.064090,1.00000000,7
2020-08-07,9662.075862,1.00000000,5
2020-08-10,9681.332794,1.00000000,2
2020-08-11,9889.205011,1.00000000,3
2020-08-12,10046.843678,1.00000000,4
2020-08-13,10350.097619,1.00000000,4
2020-08-14,10282.750465,1.00000000,7
2020-08-17,10370.936655,1.00000000,7
2020-08-18,10506.399855,1.00000000,7
2020-08-19,10573.099068,1.00000000,4
2020-08-20,10502.545585,1.00000000,6
2020-08-21,10562.788227,1.00000000,6
2020-08-24,10648.678497,1.00000000,8
2020-08-25,10611.458435,1.00000000,8
2020-08-26,10697.648662,1.00000000,7
2020-08-27,10974.502552,1.00000000,10
2020-08-28,10909.435154,1.00000000,6
2020-08-31,11004.226202,1.00000000,8
2020-09-01,11154.462266,1.00000000,8
2020-09-02,11348.380821,1.00000000,8
2020-09-03,11216.784615,1.00000000,10
2020-09-04,10697.596103,1.00000000,8
2020-09-08,10692.247304,0.00000000,0
2020-09-09,10692.247304,0.00000000,0
2020-09-10,10692.247304,0.00000000,0
2020-09-11,10692.247304,0.00000000,0
2020-09-14,10692.247304,0.00000000,0
2020-09-15,10692.247304,0.00000000,0
2020-09-16,10738.882779,1.00000000,5
2020-09-17,10502.810702,1.00000000,4
2020-09-18,10639.955979,1.00000000,4
2020-09-21,10235.088562,1.00000000,3
2020-09-22,10079.363613,1.00000000,3
2020-09-23,10074.323932,0.00000000,0
2020-09-24,9837.387016,1.00000000,5
2020-09-25,9832.468322,0.00000000,0
2020-09-28,9832.468322,0.00000000,0
2020-09-29,9824.061636,1.00000000,2
2020-09-30,9756.443401,1.00000000,2
2020-10-01,9923.013240,1.00000000,2
2020-10-02,9602.324624,1.00000000,1
2020-10-05,9916.875530,1.00000000,1
2020-10-06,9997.537400,1.00000000,2
2020-10-07,9856.448639,1.00000000,4
2020-10-08,10016.002687,1.00000000,7
2020-10-09,10023.870537,1.00000000,5
2020-10-12,10089.418793,1.00000000,7
2020-10-13,10211.048042,1.00000000,10
2020-10-14,10283.026635,1.00000000,8
2020-10-15,10073.951320,1.00000000,10
2020-10-16,10209.054901,1.00000000,11
2020-10-19,10174.524065,1.00000000,12
2020-10-20,9995.734833,1.00000000,11
2020-10-21,9957.593219,1.00000000,6
2020-10-22,10002.857023,1.00000000,6
2020-10-23,10031.975678,1.00000000,9
2020-10-26,9857.879603,1.00000000,3
2020-10-27,9860.954030,1.00000000,6
2020-10-28,9856.023553,0.00000000,0
2020-10-29,9856.023553,0.00000000,0
2020-10-30,9856.023553,0.00000000,0
2020-11-02,9856.023553,0.00000000,0
2020-11-03,9856.023553,0.00000000,0
2020-11-04,9902.604102,1.00000000,1
2020-11-05,10117.443903,1.00000000,2
2020-11-06,10099.865334,1.00000000,3
2020-11-09,10306.616696,1.00000000,6
2020-11-10,10067.482395,1.00000000,3
2020-11-11,10246.292126,1.00000000,2
2020-11-12,9886.333738,1.00000000,2
2020-11-13,9885.301968,1.00000000,3
2020-11-16,10497.594977,1.00000000,2
2020-11-17,10538.052618,1.00000000,2
2020-11-18,10765.827126,1.00000000,2
2020-11-19,10280.866249,1.00000000,3
2020-11-20,10479.215919,1.00000000,2
2020-11-23,10639.911176,1.00000000,3
2020-11-24,11521.701096,1.00000000,2
2020-11-25,11589.841468,1.00000000,2
2020-11-27,11314.392225,1.00000000,1
2020-11-30,11108.706490,1.00000000,4
2020-12-01,11096.145110,1.00000000,5
2020-12-02,11029.023619,1.00000000,3
2020-12-03,11169.425440,1.00000000,4
2020-12-04,11109.627405,1.00000000,4
2020-12-07,11279.072742,1.00000000,5
2020-12-08,11159.039655,1.00000000,3
2020-12-09,11287.503192,1.00000000,3
2020-12-10,11052.114169,1.00000000,7
2020-12-11,11046.588112,0.00000000,0
2020-12-14,11046.588112,0.00000000,0
2020-12-15,11046.588112,0.00000000,0
2020-12-16,11046.588112,0.00000000,0
2020-12-17,11063.721504,1.00000000,7
2020-12-18,10996.946561,1.00000000,8
2020-12-21,10693.015388,1.00000000,10
2020-12-22,10733.915149,1.00000000,2
2020-12-23,10715.072907,1.00000000,9
2020-12-24,10709.715370,0.00000000,0
2020-12-28,10709.715370,0.00000000,0
2020-12-29,10747.185759,1.00000000,11
2020-12-30,10671.112112,1.00000000,11
2020-12-31,10671.855572,1.00000000,14
2021-01-04,10803.603964,1.00000000,13
2021-01-05,10577.069169,1.00000000,11
2021-01-06,10571.780634,0.00000000,0
2021-01-07,10699.217459,1.00000000,8
2021-01-08,10857.129421,1.00000000,5
2021-01-11,10704.690902,1.00000000,2
2021-01-12,10866.341432,1.00000000,6
2021-01-13,10873.181502,1.00000000,6
2021-01-14,10885.479458,1.00000000,3
2021-01-15,10676.479785,1.00000000,8
2021-01-19,10646.148301,1.00000000,3
2021-01-20,10647.489029,1.00000000,4
2021-01-21,10684.916392,1.00000000,5
2021-01-22,10372.490110,1.00000000,6
2021-01-25,10353.333069,1.00000000,8
2021-01-26,10464.012396,1.00000000,8
2021-01-27,10138.250392,1.00000000,6
2021-01-28,10013.211878,1.00000000,4
2021-01-29,10008.205272,0.00000000,0
2021-02-01,10008.205272,0.00000000,0
2021-02-02,10008.205272,0.00000000,0
2021-02-03,10008.205272,0.00000000,0
2021-02-04,10178.128929,1.00000000,3
2021-02-05,10246.862473,1.00000000,3
2021-02-08,10217.796386,1.00000000,6
2021-02-09,10327.312180,1.00000000,7
2021-02-10,10404.766859,1.00000000,2
2021-02-11,10414.712426,1.00000000,8
2021-02-12,10366.772091,1.00000000,7
2021-02-16,10508.211078,1.00000000,7
2021-02-17,10284.639956,1.00000000,7
2021-02-18,10167.994099,1.00000000,8
2021-02-19,10263.965074,1.00000000,7
2021-02-22,10258.795339,1.00000000,7
2021-02-23,10425.675495,1.00000000,7
2021-02-24,10512.059355,1.00000000,4
2021-02-25,10824.629753,1.00000000,2
2021-02-26,10430.792853,1.00000000,2
2021-03-01,10425.577456,0.00000000,0
2021-03-02,10425.577456,0.00000000,0
2021-03-03,10432.356977,1.00000000,8
2021-03-04,10488.502726,1.00000000,7
2021-03-05,10483.258474,0.00000000,0
2021-03-08,10483.258474,0.00000000,0
2021-03-09,10652.341746,1.00000000,3
2021-03-10,10756.999083,1.00000000,1
2021-03-11,10934.685796,1.00000000,3
2021-03-12,11007.476339,1.00000000,6
2021-03-15,11023.114102,1.00000000,7
2021-03-16,10857.891783,1.00000000,7
2021-03-17,10856.388024,1.00000000,7
2021-03-18,10874.984938,1.00000000,7
2021-03-19,10641.983834,1.00000000,6
2021-03-22,10348.392066,1.00000000,3
2021-03-23,10237.186676,1.00000000,1
2021-03-24,10180.118470,1.00000000,3
2021-03-25,10060.727925,1.00000000,1
2021-03-26,10055.697561,0.00000000,0
2021-03-29,10202.790446,1.00000000,1
2021-03-30,10190.154188,1.00000000,1
2021-03-31,10103.277874,1.00000000,2
2021-04-01,10106.905609,1.00000000,2
2021-04-05,10243.978154,1.00000000,1
2021-04-06,10366.220929,1.00000000,2
2021-04-07,10397.945325,1.00000000,2
2021-04-08,10504.877337,1.00000000,7
2021-04-09,10476.363506,1.00000000,8
2021-04-12,10558.065586,1.00000000,8
2021-04-13,10566.405947,1.00000000,7
2021-04-14,10512.847745,1.00000000,8
2021-04-15,10480.137373,1.00000000,7
2021-04-16,10560.800679,1.00000000,11
2021-04-19,10534.962054,1.00000000,8
2021-04-20,10369.646869,1.00000000,8
2021-04-21,10324.078222,1.00000000,6
2021-04-22,10338.853757,1.00000000,6
2021-04-23,10140.917858,1.00000000,7
2021-04-26,10234.657920,1.00000000,8
2021-04-27,10311.037715,1.00000000,10
2021-04-28,10237.329706,1.00000000,10
2021-04-29,10232.211042,0.00000000,0
2021-04-30,10232.211042,0.00000000,0
2021-05-03,10244.075333,1.00000000,6
2021-05-04,10238.953295,0.00000000,0
2021-05-05,10338.759654,1.00000000,7
2021-05-06,10333.590274,0.00000000,0
2021-05-07,10333.590274,0.00000000,0
2021-05-10,10551.059933,1.00000000,7
2021-05-11,10306.417108,1.00000000,7
2021-05-12,10301.263899,0.00000000,0
2021-05-13,10301.263899,0.00000000,0
2021-05-14,10301.263899,0.00000000,0
2021-05-17,10301.263899,0.00000000,0
2021-05-18,10301.263899,0.00000000,0
2021-05-19,10301.263899,0.00000000,0
2021-05-20,10350.402631,1.00000000,7
2021-05-21,10345.227429,0.00000000,0
2021-05-24,10411.282432,1.00000000,7
2021-05-25,10471.850628,1.00000000,7
2021-05-26,10358.559041,1.00000000,6
2021-05-27,10436.195311,1.00000000,6
2021-05-28,10449.166912,1.00000000,6
2021-06-01,10537.145257,1.00000000,5
2021-06-02,10619.089959,1.00000000,7
2021-06-03,10555.250641,1.00000000,6
2021-06-04,10655.759008,1.00000000,6
2021-06-07,10706.041817,1.00000000,6
2021-06-08,10632.200286,1.00000000,7
2021-06-09,10704.910059,1.00000000,5
2021-06-10,10691.793036,1.00000000,5
2021-06-11,10697.041587,1.00000000,6
2021-06-14,10710.784094,1.00000000,5
2021-06-15,10711.679048,1.00000000,5
2021-06-16,10566.180736,1.00000000,6
2021-06-17,10438.144253,1.00000000,5
2021-06-18,10432.925181,0.00000000,0
2021-06-21,10374.366136,1.00000000,4
2021-06-22,10369.178953,0.00000000,0
2021-06-23,10369.178953,0.00000000,0
2021-06-24,10353.932860,1.00000000,5
2021-06-25,10365.307363,1.00000000,5
2021-06-28,10371.963131,1.00000000,5
2021-06-29,10354.367968,1.00000000,4
2021-06-30,10353.112172,1.00000000,2
2021-07-01,10373.463890,1.00000000,5
2021-07-02,10471.715387,1.00000000,5
2021-07-06,10613.509535,1.00000000,6
2021-07-07,10750.463374,1.00000000,7
2021-07-08,10530.771812,1.00000000,7
2021-07-09,10625.549460,1.00000000,8
2021-07-12,10620.236686,0.00000000,0
2021-07-13,10611.298065,1.00000000,9
2021-07-14,10671.530403,1.00000000,10
2021-07-15,10565.612243,1.00000000,10
2021-07-16,10518.979161,1.00000000,10
2021-07-19,10364.152877,1.00000000,8
2021-07-20,10394.024616,1.00000000,11
2021-07-21,10388.827603,0.00000000,0
2021-07-22,10502.286275,1.00000000,11
2021-07-23,10605.590170,1.00000000,10
2021-07-26,10601.472880,1.00000000,13
2021-07-27,10603.888086,1.00000000,13
2021-07-28,10571.794736,1.00000000,13
2021-07-29,10655.794717,1.00000000,10
2021-07-30,10640.481395,1.00000000,6
2021-08-02,10696.819608,1.00000000,6
2021-08-03,10666.823881,1.00000000,13
2021-08-04,10809.256775,1.00000000,6
2021-08-05,10832.424735,1.00000000,6
2021-08-06,10800.306773,1.00000000,6
2021-08-09,10868.822065,1.00000000,6
2021-08-10,10876.422928,1.00000000,5
2021-08-11,10914.093022,1.00000000,5
2021-08-12,11002.092307,1.00000000,3
2021-08-13,11022.423705,1.00000000,2
2021-08-16,10986.301728,1.00000000,3
2021-08-17,11056.665147,1.00000000,6
2021-08-18,11095.480452,1.00000000,8
2021-08-19,11089.932712,0.00000000,0
2021-08-20,11089.932712,0.00000000,0
2021-08-23,11089.932712,0.00000000,0
2021-08-24,11089.932712,0.00000000,0
2021-08-25,11073.350959,1.00000000,6
2021-08-26,11060.646750,1.00000000,7
2021-08-27,10999.655037,1.00000000,4
2021-08-30,10994.155210,0.00000000,0
2021-08-31,10962.129503,1.00000000,12
2021-09-01,10948.898403,1.00000000,11
2021-09-02,10973.515881,1.00000000,11
2021-09-03,10890.867271,1.00000000,5
2021-09-07,10891.858795,1.00000000,2
2021-09-08,10921.693958,1.00000000,5
2021-09-09,10855.496957,1.00000000,9
2021-09-10,10839.899708,1.00000000,8
2021-09-13,10794.323173,1.00000000,8
2021-09-14,10788.926012,0.00000000,0
2021-09-15,10786.224429,1.00000000,7
2021-09-16,10780.831317,0.00000000,0
2021-09-17,10776.102375,1.00000000,7
2021-09-20,10483.809638,1.00000000,8
2021-09-21,10478.567733,0.00000000,0
2021-09-22,10478.567733,0.00000000,0
2021-09-23,10478.567733,0.00000000,0
2021-09-24,10478.567733,0.00000000,0
2021-09-27,10600.108260,1.00000000,5
2021-09-28,10610.765344,1.00000000,8
2021-09-29,10479.900131,1.00000000,7
2021-09-30,10513.960338,1.00000000,6
2021-10-01,10335.754982,1.00000000,6
2021-10-04,10330.587105,0.00000000,0
2021-10-05,10255.090616,1.00000000,8
2021-10-06,10249.963071,0.00000000,0
2021-10-07,10433.993046,1.00000000,5
2021-10-08,10419.929829,1.00000000,5
2021-10-11,10426.477936,1.00000000,6
2021-10-12,10350.280264,1.00000000,6
2021-10-13,10310.081875,1.00000000,4
2021-10-14,10387.848165,1.00000000,4
2021-10-15,10551.984013,1.00000000,6
2021-10-18,10596.822141,1.00000000,2
2021-10-19,10634.424712,1.00000000,4
2021-10-20,10656.060496,1.00000000,8
2021-10-21,10689.069867,1.00000000,6
2021-10-22,10652.830595,1.00000000,5
2021-10-25,10770.049814,1.00000000,8
2021-10-26,10778.405259,1.00000000,5
2021-10-27,10789.239888,1.00000000,4
2021-10-28,10708.084486,1.00000000,3
2021-10-29,10798.734484,1.00000000,5
2021-11-01,10806.830680,1.00000000,4
2021-11-02,10892.830971,1.00000000,3
2021-11-03,10998.162894,1.00000000,9
2021-11-04,11091.525289,1.00000000,7
2021-11-05,11307.465967,1.00000000,8
2021-11-08,11396.864443,1.00000000,8
2021-11-09,11369.906528,1.00000000,5
2021-11-10,11286.120059,1.00000000,7
2021-11-11,11255.095705,1.00000000,5
2021-11-12,11249.468157,0.00000000,0
2021-11-15,11312.846735,1.00000000,7
2021-11-16,11289.578990,1.00000000,8
2021-11-17,11283.934201,0.00000000,0
2021-11-18,11276.066838,1.00000000,6
2021-11-19,11270.428804,0.00000000,0
2021-11-22,11270.428804,0.00000000,0
2021-11-23,11270.428804,0.00000000,0
2021-11-24,11270.428804,0.00000000,0
2021-11-26,11270.428804,0.00000000,0
2021-11-29,11270.428804,0.00000000,0
2021-11-30,11270.428804,0.00000000,0
2021-12-01,11270.428804,0.00000000,0
2021-12-02,11270.428804,0.00000000,0
2021-12-03,11270.428804,0.00000000,0
2021-12-06,11270.428804,0.00000000,0
2021-12-07,11439.093774,1.00000000,2
2021-12-08,11420.826769,1.00000000,4
2021-12-09,11293.896908,1.00000000,4
2021-12-10,11613.052815,1.00000000,6
2021-12-13,11635.478298,1.00000000,4
2021-12-14,11369.596492,1.00000000,3
2021-12-15,11379.201805,1.00000000,2
2021-12-16,11646.167808,1.00000000,5
2021-12-17,11395.763275,1.00000000,1
2021-12-20,11069.165729,1.00000000,2
2021-12-21,11126.109979,1.00000000,1
2021-12-22,11146.821395,1.00000000,3
2021-12-23,11230.042887,1.00000000,3
2021-12-27,11282.043125,1.00000000,3
2021-12-28,11386.698625,1.00000000,5
2021-12-29,11335.231918,1.00000000,5
2021-12-30,11409.728246,1.00000000,5
2021-12-31,11365.203792,1.00000000,8
2022-01-03,11319.155578,1.00000000,9
2022-01-04,11281.188541,1.00000000,9
2022-01-05,11236.890722,1.00000000,4
2022-01-06,11261.268413,1.00000000,1
2022-01-07,11032.631345,1.00000000,1
2022-01-10,11031.477305,1.00000000,3
2022-01-11,11025.961566,0.00000000,0
2022-01-12,11025.961566,0.00000000,0
2022-01-13,11025.961566,0.00000000,0
2022-01-14,11025.961566,0.00000000,0
2022-01-18,11025.961566,0.00000000,0
2022-01-19,11025.961566,0.00000000,0
2022-01-20,11025.961566,0.00000000,0
2022-01-21,11025.961566,0.00000000,0
2022-01-24,11025.961566,0.00000000,0
2022-01-25,11025.961566,0.00000000,0
2022-01-26,11025.961566,0.00000000,0
2022-01-27,11025.961566,0.00000000,0
2022-01-28,11025.961566,0.00000000,0
2022-01-31,11169.139013,1.00000000,5
2022-02-01,11362.305231,1.00000000,5
2022-02-02,11419.035747,1.00000000,6
2022-02-03,11487.064031,1.00000000,6
2022-02-04,11453.357877,1.00000000,6
2022-02-07,11546.906986,1.00000000,5
2022-02-08,11595.270215,1.00000000,5
2022-02-09,11714.040941,1.00000000,4
2022-02-10,11548.127194,1.00000000,6
2022-02-11,11554.374126,1.00000000,5
2022-02-14,11332.677282,1.00000000,5
2022-02-15,11430.116127,1.00000000,5
2022-02-16,11424.401069,0.00000000,0
2022-02-17,11405.511083,1.00000000,5
2022-02-18,11399.808328,0.00000000,0
2022-02-22,11337.580931,1.00000000,6
2022-02-23,11393.001456,1.00000000,5
2022-02-24,10856.912916,1.00000000,4
2022-02-25,10851.484460,0.00000000,0
2022-02-28,10851.484460,0.00000000,0
2022-03-01,10779.808643,1.00000000,3
2022-03-02,10538.666224,1.00000000,2
2022-03-03,10657.015068,1.00000000,2
2022-03-04,10574.973015,1.00000000,1
2022-03-07,10848.907801,1.00000000,2
2022-03-08,10843.483347,0.00000000,0
2022-03-09,10843.483347,0.00000000,0
2022-03-10,10467.057340,1.00000000,1
2022-03-11,10564.413802,1.00000000,1
2022-03-14,10482.845118,1.00000000,1
2022-03-15,10551.256818,1.00000000,1
2022-03-16,10768.334007,1.00000000,1
2022-03-17,10845.595426,1.00000000,2
2022-03-18,10887.440904,1.00000000,1
2022-03-21,10830.121145,1.00000000,2
2022-03-22,10872.081588,1.00000000,3
2022-03-23,10753.863425,1.00000000,2
2022-03-24,10519.294275,1.00000000,2
2022-03-25,10565.684577,1.00000000,2
2022-03-28,10513.311237,1.00000000,1
2022-03-29,10788.513824,1.00000000,1
2022-03-30,10685.477483,1.00000000,1
2022-03-31,10710.213060,1.00000000,2
2022-04-01,10570.617607,1.00000000,2
2022-04-04,10549.139304,1.00000000,2
2022-04-05,10617.843939,1.00000000,2
2022-04-06,10387.676876,1.00000000,3
2022-04-07,10403.680738,1.00000000,3
2022-04-08,10378.467964,1.00000000,1
2022-04-11,10432.631323,1.00000000,4
2022-04-12,10295.487279,1.00000000,4
2022-04-13,10290.339536,0.00000000,0
2022-04-14,10290.339536,0.00000000,0
2022-04-18,10290.339536,0.00000000,0
2022-04-19,10290.339536,0.00000000,0
2022-04-20,10290.339536,0.00000000,0
2022-04-21,10307.492765,1.00000000,5
2022-04-22,10231.540611,1.00000000,4
2022-04-25,10094.150420,1.00000000,5
2022-04-26,10089.103345,0.00000000,0
2022-04-27,10089.103345,0.00000000,0
2022-04-28,10089.103345,0.00000000,0
2022-04-29,10089.103345,0.00000000,0
2022-05-02,10089.103345,0.00000000,0
2022-05-03,10089.103345,0.00000000,0
2022-05-04,10089.103345,0.00000000,0
2022-05-05,10335.262141,1.00000000,5
2022-05-06,10238.730823,1.00000000,4
2022-05-09,10173.523737,1.00000000,4
2022-05-10,10006.415765,1.00000000,4
2022-05-11,10001.412557,0.00000000,0
2022-05-12,10001.412557,0.00000000,0
2022-05-13,10001.412557,0.00000000,0
2022-05-16,10063.599369,1.00000000,3
2022-05-17,9941.113657,1.00000000,4
2022-05-18,9742.159630,1.00000000,3
2022-05-19,9090.249119,1.00000000,2
2022-05-20,9184.087851,1.00000000,4
2022-05-23,9294.988434,1.00000000,1
2022-05-24,9313.199085,1.00000000,3
2022-05-25,9480.301088,1.00000000,1
2022-05-26,9565.830148,1.00000000,3
2022-05-27,9586.986010,1.00000000,3
2022-05-31,9662.270099,1.00000000,4
2022-06-01,9495.321936,1.00000000,2
2022-06-02,9396.080075,1.00000000,2
2022-06-03,9462.180586,1.00000000,4
2022-06-06,9614.423481,1.00000000,4
2022-06-07,9564.641914,1.00000000,3
2022-06-08,9717.177720,1.00000000,3
2022-06-09,9595.499318,1.00000000,2
2022-06-10,9318.701595,1.00000000,2
2022-06-13,8999.558722,1.00000000,3
2022-06-14,8887.751884,1.00000000,2
2022-06-15,8883.308009,0.00000000,0
2022-06-16,8883.308009,0.00000000,0
2022-06-17,8883.308009,0.00000000,0
2022-06-21,8883.308009,0.00000000,0
2022-06-22,8800.526536,1.00000000,7
2022-06-23,8902.280672,1.00000000,8
2022-06-24,9122.279255,1.00000000,3
2022-06-27,9214.039266,1.00000000,4
2022-06-28,9256.885639,1.00000000,4
2022-06-29,9060.140685,1.00000000,3
2022-06-30,9045.198234,1.00000000,2
2022-07-01,9054.684524,1.00000000,2
2022-07-05,9156.038624,1.00000000,3
2022-07-06,9269.082073,1.00000000,2
2022-07-07,9245.399153,1.00000000,2
2022-07-08,9221.009742,1.00000000,1
2022-07-11,9335.654600,1.00000000,1
2022-07-12,9318.430037,1.00000000,1
2022-07-13,9092.811355,1.00000000,1
2022-07-14,8966.588950,1.00000000,1
2022-07-15,9374.058275,1.00000000,1
2022-07-18,9388.034089,1.00000000,2
2022-07-19,9211.943216,1.00000000,1
2022-07-20,9297.215301,1.00000000,1
2022-07-21,9349.904160,1.00000000,3
2022-07-22,9451.732086,1.00000000,3
2022-07-25,9224.589794,1.00000000,4
2022-07-26,9120.308454,1.00000000,3
2022-07-27,9021.779422,1.00000000,1
2022-07-28,9454.783393,1.00000000,2
2022-07-29,9534.841659,1.00000000,3
2022-08-01,9559.821510,1.00000000,3
2022-08-02,9580.409729,1.00000000,5
2022-08-03,9544.786097,1.00000000,5
2022-08-04,9663.515155,1.00000000,4
2022-08-05,9691.556565,1.00000000,3
2022-08-08,9665.299684,1.00000000,3
2022-08-09,9585.349622,1.00000000,2
2022-08-10,9707.277525,1.00000000,3
2022-08-11,9873.875260,1.00000000,4
2022-08-12,9885.593768,1.00000000,4
2022-08-15,9932.528373,1.00000000,2
2022-08-16,10063.381258,1.00000000,2
2022-08-17,10018.769362,1.00000000,4
2022-08-18,9987.680399,1.00000000,5
2022-08-19,9917.133027,1.00000000,5
2022-08-22,9704.308811,1.00000000,3
2022-08-23,9699.456657,0.00000000,0
2022-08-24,9699.456657,0.00000000,0
2022-08-25,9699.456657,0.00000000,0
2022-08-26,9699.456657,0.00000000,0
2022-08-29,9351.514171,1.00000000,5
2022-08-30,9346.838413,0.00000000,0
2022-08-31,9346.838413,0.00000000,0
2022-09-01,9346.838413,0.00000000,0
2022-09-02,9346.838413,0.00000000,0
2022-09-06,9346.838413,0.00000000,0
2022-09-07,9346.838413,0.00000000,0
2022-09-08,9502.858948,1.00000000,2
2022-09-09,9706.846239,1.00000000,2
2022-09-12,9754.257433,1.00000000,3
2022-09-13,9683.450502,1.00000000,3
2022-09-14,9502.717810,1.00000000,3
2022-09-15,9410.064310,1.00000000,3
2022-09-16,9384.939000,1.00000000,3
2022-09-19,8978.162466,1.00000000,1
2022-09-20,8920.080283,1.00000000,2
2022-09-21,8928.972260,1.00000000,3
2022-09-22,8757.709601,1.00000000,3
2022-09-23,8502.695760,1.00000000,2
2022-09-26,8498.437514,1.00000000,2
2022-09-27,8491.695881,1.00000000,3
2022-09-28,8487.450033,0.00000000,0
2022-09-29,8487.450033,0.00000000,0
2022-09-30,8426.767401,1.00000000,6
2022-10-03,8375.863965,1.00000000,7
2022-10-04,8608.768341,1.00000000,6
2022-10-05,8637.371197,1.00000000,6
2022-10-06,8721.884464,1.00000000,6
2022-10-07,8609.087140,1.00000000,5
2022-10-10,8333.260576,1.00000000,5
2022-10-11,8135.688406,1.00000000,5
2022-10-12,8261.505518,1.00000000,4
2022-10-13,8088.882180,1.00000000,4
2022-10-14,8427.548216,1.00000000,4
2022-10-17,8296.728086,1.00000000,4
2022-10-18,8491.696640,1.00000000,3
2022-10-19,8326.206660,1.00000000,3
2022-10-20,8251.846593,1.00000000,4
2022-10-21,8130.989235,1.00000000,4
2022-10-24,8407.014919,1.00000000,4
2022-10-25,8358.671833,1.00000000,3
2022-10-26,8419.121157,1.00000000,4
2022-10-27,8678.340579,1.00000000,5
2022-10-28,8780.074967,1.00000000,6
2022-10-31,8832.884209,1.00000000,8
2022-11-01,8905.734043,1.00000000,4
2022-11-02,8813.067567,1.00000000,3
2022-11-03,8689.796228,1.00000000,4
2022-11-04,8899.499958,1.00000000,5
2022-11-07,8982.284381,1.00000000,5
2022-11-08,9126.856900,1.00000000,4
2022-11-09,9117.265749,1.00000000,5
2022-11-10,9174.816658,1.00000000,6
2022-11-11,9339.665889,1.00000000,4
2022-11-14,9334.996056,0.00000000,0
2022-11-15,9432.382673,1.00000000,3
2022-11-16,9375.452342,1.00000000,6
2022-11-17,9135.290436,1.00000000,5
2022-11-18,9314.793959,1.00000000,5
2022-11-21,9238.106242,1.00000000,6
2022-11-22,9326.079878,1.00000000,6
2022-11-23,9415.354108,1.00000000,4
2022-11-25,9474.456714,1.00000000,7
2022-11-28,9452.404380,1.00000000,7
2022-11-29,9317.838947,1.00000000,7
2022-11-30,9313.180028,0.00000000,0
2022-12-01,9406.236955,1.00000000,7
2022-12-02,9155.224901,1.00000000,2
2022-12-05,9156.485870,1.00000000,4
2022-12-06,9025.824863,1.00000000,5
2022-12-07,9021.311951,0.00000000,0
2022-12-08,9021.311951,0.00000000,0
2022-12-09,9021.311951,0.00000000,0
2022-12-12,9021.311951,0.00000000,0
2022-12-13,9021.311951,0.00000000,0
2022-12-14,9021.311951,0.00000000,0
2022-12-15,8923.053415,1.00000000,4
2022-12-16,8792.198742,1.00000000,4
2022-12-19,8787.802643,0.00000000,0
2022-12-20,8787.802643,0.00000000,0
2022-12-21,8787.802643,0.00000000,0
2022-12-22,8787.802643,0.00000000,0
2022-12-23,8741.218917,1.00000000,7
2022-12-27,8820.620737,1.00000000,7
2022-12-28,8836.660762,1.00000000,8
2022-12-29,8787.122762,1.00000000,8
2022-12-30,8790.014611,1.00000000,8
2023-01-03,8776.747790,1.00000000,8
2023-01-04,8793.739909,1.00000000,8
2023-01-05,8757.973838,1.00000000,8
2023-01-06,8768.418150,1.00000000,3
2023-01-09,8959.637222,1.00000000,4
2023-01-10,8836.187428,1.00000000,3
2023-01-11,9038.208273,1.00000000,3
2023-01-12,9139.961186,1.00000000,3
2023-01-13,9072.897893,1.00000000,4
2023-01-17,9174.192776,1.00000000,5
2023-01-18,9165.393791,1.00000000,5
2023-01-19,8935.036814,1.00000000,5
2023-01-20,9075.652959,1.00000000,6
2023-01-23,9223.315264,1.00000000,2
2023-01-24,9395.447594,1.00000000,3
2023-01-25,9292.893263,1.00000000,3
2023-01-26,9602.635503,1.00000000,5
2023-01-27,9613.748195,1.00000000,8
2023-01-30,9658.221555,1.00000000,8
2023-01-31,9484.337414,1.00000000,8
2023-02-01,9642.687881,1.00000000,9
2023-02-02,10513.876760,1.00000000,5
2023-02-03,10346.861691,1.00000000,5
2023-02-06,10410.952709,1.00000000,6
2023-02-07,10405.747232,0.00000000,0
2023-02-08,10405.747232,0.00000000,0
2023-02-09,10533.770790,1.00000000,7
2023-02-10,10528.503904,0.00000000,0
2023-02-13,10528.503904,0.00000000,0
2023-02-14,10528.503904,0.00000000,0
2023-02-15,10616.567959,1.00000000,8
2023-02-16,10529.665446,1.00000000,8
2023-02-17,10427.537827,1.00000000,9
2023-02-21,10422.324058,0.00000000,0
2023-02-22,10422.324058,0.00000000,0
2023-02-23,10422.324058,0.00000000,0
2023-02-24,10422.324058,0.00000000,0
2023-02-27,10422.324058,0.00000000,0
2023-02-28,10422.324058,0.00000000,0
2023-03-01,10422.324058,0.00000000,0
2023-03-02,10422.324058,0.00000000,0
2023-03-03,10690.848334,1.00000000,10
2023-03-06,10912.915300,1.00000000,8
2023-03-07,10883.283326,1.00000000,4
2023-03-08,10734.929671,1.00000000,4
2023-03-09,10832.744070,1.00000000,8
2023-03-10,10722.629288,1.00000000,3
2023-03-13,10516.628033,1.00000000,3
2023-03-14,10511.369719,0.00000000,0
2023-03-15,10511.369719,0.00000000,0
2023-03-16,10511.369719,0.00000000,0
2023-03-17,10511.369719,0.00000000,0
2023-03-20,10451.052917,1.00000000,2
2023-03-21,10408.559483,1.00000000,3
2023-03-22,10376.058746,1.00000000,7
2023-03-23,10402.650549,1.00000000,5
2023-03-24,10467.356411,1.00000000,5
2023-03-27,10529.402546,1.00000000,5
2023-03-28,10360.123139,1.00000000,7
2023-03-29,10456.236282,1.00000000,6
2023-03-30,10572.356051,1.00000000,6
2023-03-31,10570.920313,1.00000000,6
2023-04-03,10675.871000,1.00000000,6
2023-04-04,10802.467898,1.00000000,7
2023-04-05,10670.430718,1.00000000,7
2023-04-06,10515.296870,1.00000000,7
2023-04-10,10555.169991,1.00000000,11
2023-04-11,10672.807519,1.00000000,10
2023-04-12,10617.311732,1.00000000,8
2023-04-13,10515.946153,1.00000000,10
2023-04-14,10612.268628,1.00000000,4
2023-04-17,10530.873726,1.00000000,4
2023-04-18,10515.781207,1.00000000,5
2023-04-19,10418.023306,1.00000000,3
2023-04-20,10392.288829,1.00000000,4
2023-04-21,10472.289042,1.00000000,2
2023-04-24,10424.296371,1.00000000,2
2023-04-25,10565.591801,1.00000000,1
2023-04-26,10560.309005,0.00000000,0
2023-04-27,10560.309005,0.00000000,0
2023-04-28,10560.309005,0.00000000,0
2023-05-01,10560.309005,0.00000000,0
2023-05-02,10544.835842,1.00000000,7
2023-05-03,10498.135475,1.00000000,6
2023-05-04,10492.886408,0.00000000,0
2023-05-05,10492.886408,0.00000000,0
2023-05-08,10492.886408,0.00000000,0
2023-05-09,10528.609088,1.00000000,7
2023-05-10,10560.327145,1.00000000,13
2023-05-11,10600.171057,1.00000000,13
2023-05-12,10582.522148,1.00000000,11
2023-05-15,10582.634314,1.00000000,12
2023-05-16,10598.621393,1.00000000,11
2023-05-17,10694.175460,1.00000000,13
2023-05-18,10774.236109,1.00000000,11
2023-05-19,10982.839370,1.00000000,11
2023-05-22,10887.746080,1.00000000,6
2023-05-23,10837.911708,1.00000000,9
2023-05-24,10654.219914,1.00000000,9
2023-05-25,10648.892804,0.00000000,0
2023-05-26,10648.892804,0.00000000,0
2023-05-30,10648.892804,0.00000000,0
2023-05-31,10546.567725,1.00000000,5
2023-06-01,10558.440337,1.00000000,6
2023-06-02,10731.887928,1.00000000,6
2023-06-05,10680.907779,1.00000000,8
2023-06-06,10639.090469,1.00000000,9
2023-06-07,10780.963095,1.00000000,9
2023-06-08,10569.246964,1.00000000,10
2023-06-09,10655.729754,1.00000000,4
2023-06-12,10725.857293,1.00000000,8
2023-06-13,10959.623162,1.00000000,8
2023-06-14,10911.657724,1.00000000,9
2023-06-15,10938.664733,1.00000000,9
2023-06-16,11222.770226,1.00000000,8
2023-06-20,10875.316057,1.00000000,4
2023-06-21,10869.878398,0.00000000,0
2023-06-22,10722.219379,1.00000000,7
2023-06-23,10726.565871,1.00000000,7
2023-06-26,10754.308289,1.00000000,6
2023-06-27,10741.180258,1.00000000,5
2023-06-28,10829.543803,1.00000000,5
2023-06-29,10841.471705,1.00000000,5
2023-06-30,10997.481284,1.00000000,5
2023-07-03,11106.177585,1.00000000,6
2023-07-05,11036.031705,1.00000000,5
2023-07-06,10959.228495,1.00000000,6
2023-07-07,10929.872452,1.00000000,5
2023-07-10,10924.407516,0.00000000,0
2023-07-11,10924.407516,0.00000000,0
2023-07-12,10924.407516,0.00000000,0
2023-07-13,11023.022232,1.00000000,8
2023-07-14,11016.298983,1.00000000,7
2023-07-17,11001.362782,1.00000000,8
2023-07-18,11016.327000,1.00000000,10
2023-07-19,11045.564941,1.00000000,9
2023-07-20,10914.352575,1.00000000,12
2023-07-21,10966.075564,1.00000000,7
2023-07-24,10910.057041,1.00000000,6
2023-07-25,11018.271953,1.00000000,3
2023-07-26,10821.552135,1.00000000,3
2023-07-27,10936.655511,1.00000000,9
2023-07-28,10849.568358,1.00000000,4
2023-07-31,10873.517737,1.00000000,2
2023-08-01,10886.343648,1.00000000,3
2023-08-02,10835.196934,1.00000000,7
2023-08-03,10694.275490,1.00000000,6
2023-08-04,10688.928352,0.00000000,0
2023-08-07,10720.717522,1.00000000,5
2023-08-08,10715.357164,0.00000000,0
2023-08-09,10673.747748,1.00000000,6
2023-08-10,10585.633011,1.00000000,2
2023-08-11,10580.340194,0.00000000,0
2023-08-14,10580.340194,0.00000000,0
2023-08-15,10580.340194,0.00000000,0
2023-08-16,10417.455335,1.00000000,3
2023-08-17,10412.246608,0.00000000,0
2023-08-18,10412.246608,0.00000000,0
2023-08-21,10412.246608,0.00000000,0
2023-08-22,10412.246608,0.00000000,0
2023-08-23,10412.246608,0.00000000,0
2023-08-24,10554.576394,1.00000000,3
2023-08-25,10317.035431,1.00000000,3
2023-08-28,10311.876913,0.00000000,0
2023-08-29,10357.044078,1.00000000,3
2023-08-30,10446.195604,1.00000000,4
2023-08-31,10434.277850,1.00000000,2
2023-09-01,10510.969237,1.00000000,3
2023-09-05,10483.813394,1.00000000,5
2023-09-06,10491.549096,1.00000000,4
2023-09-07,10351.338754,1.00000000,5
2023-09-08,10437.589829,1.00000000,6
2023-09-11,10599.745001,1.00000000,7
2023-09-12,10400.251308,1.00000000,9
2023-09-13,10357.819984,1.00000000,9
2023-09-14,10530.975633,1.00000000,5
2023-09-15,10476.559166,1.00000000,3
2023-09-18,10222.726290,1.00000000,6
2023-09-19,10210.736617,1.00000000,3
2023-09-20,10220.519486,1.00000000,7
2023-09-21,9982.555242,1.00000000,9
2023-09-22,9921.910457,1.00000000,7
2023-09-25,9916.949502,0.00000000,0
2023-09-26,9916.949502,0.00000000,0
2023-09-27,9916.949502,0.00000000,0
2023-09-28,9916.949502,0.00000000,0
2023-09-29,9916.949502,0.00000000,0
2023-10-02,9758.577096,1.00000000,5
2023-10-03,9782.554595,1.00000000,4
2023-10-04,9652.212693,1.00000000,5
2023-10-05,9647.386587,0.00000000,0
2023-10-06,9618.617637,1.00000000,4
2023-10-09,9803.522352,1.00000000,6
2023-10-10,9906.991091,1.00000000,5
2023-10-11,9881.184070,1.00000000,4
2023-10-12,9992.239287,1.00000000,7
2023-10-13,9900.841578,1.00000000,7
2023-10-16,9760.145200,1.00000000,7
2023-10-17,9703.531996,1.00000000,7
2023-10-18,9691.569328,1.00000000,8
2023-10-19,9748.311019,1.00000000,4
2023-10-20,9607.137166,1.00000000,7
2023-10-23,9602.333598,0.00000000,0
2023-10-24,9738.460892,1.00000000,7
2023-10-25,9630.721189,1.00000000,6
2023-10-26,9448.752556,1.00000000,9
2023-10-27,9401.996479,1.00000000,9
2023-10-30,9376.292333,1.00000000,8
2023-10-31,9454.623249,1.00000000,7
2023-11-01,9520.677974,1.00000000,5
2023-11-02,9720.641913,1.00000000,5
2023-11-03,9945.230487,1.00000000,4
2023-11-06,9956.083900,1.00000000,5
2023-11-07,9976.358615,1.00000000,5
2023-11-08,9994.781518,1.00000000,5
2023-11-09,9946.618505,1.00000000,4
2023-11-10,9877.422644,1.00000000,4
2023-11-13,10013.844830,1.00000000,4
2023-11-14,10194.560898,1.00000000,6
2023-11-15,10334.233004,1.00000000,6
2023-11-16,10236.179154,1.00000000,4
2023-11-17,10216.977895,1.00000000,6
2023-11-20,10236.923815,1.00000000,6
2023-11-21,10239.326184,1.00000000,8
2023-11-22,10297.354225,1.00000000,9
2023-11-24,10207.270360,1.00000000,5
2023-11-27,10217.273400,1.00000000,9
2023-11-28,10163.894815,1.00000000,13
2023-11-29,10349.141147,1.00000000,9
2023-11-30,10274.185909,1.00000000,7
2023-12-01,10162.608045,1.00000000,7
2023-12-04,10209.193737,1.00000000,7
2023-12-05,10121.727828,1.00000000,12
2023-12-06,10116.666964,0.00000000,0
2023-12-07,10116.666964,0.00000000,0
2023-12-08,10116.666964,0.00000000,0
2023-12-11,10116.666964,0.00000000,0
2023-12-12,10153.907628,1.00000000,4
2023-12-13,10280.007290,1.00000000,4
2023-12-14,10461.255091,1.00000000,7
2023-12-15,10443.698382,1.00000000,3
2023-12-18,10438.476533,0.00000000,0
2023-12-19,10438.476533,0.00000000,0
2023-12-20,10501.132329,1.00000000,5
2023-12-21,10492.004698,1.00000000,5
2023-12-22,10501.268094,1.00000000,5
2023-12-26,10483.243337,1.00000000,6
2023-12-27,10542.962373,1.00000000,6
2023-12-28,10566.156372,1.00000000,6
2023-12-29,10549.724064,1.00000000,6
2024-01-02,10458.947340,1.00000000,6
2024-01-03,10298.850813,1.00000000,5
2024-01-04,10318.041769,1.00000000,8
2024-01-05,10362.109235,1.00000000,11
2024-01-08,10356.928180,0.00000000,0
2024-01-09,10403.201637,1.00000000,10
2024-01-10,10428.093375,1.00000000,7
2024-01-11,10454.963977,1.00000000,7
2024-01-12,10517.848047,1.00000000,5
2024-01-16,10513.184408,1.00000000,5
2024-01-17,10507.927816,0.00000000,0
2024-01-18,10507.927816,0.00000000,0
2024-01-19,10507.927816,0.00000000,0
2024-01-22,10701.569923,1.00000000,10
2024-01-23,10629.889032,1.00000000,5
2024-01-24,10686.736565,1.00000000,9
2024-01-25,10791.005685,1.00000000,11
2024-01-26,10760.617973,1.00000000,8
2024-01-29,10767.153302,1.00000000,11
2024-01-30,10851.447535,1.00000000,10
2024-01-31,10657.156933,1.00000000,8
2024-02-01,10659.662786,1.00000000,6
2024-02-02,10700.763405,1.00000000,4
2024-02-05,10859.057561,1.00000000,8
2024-02-06,10869.256530,1.00000000,7
2024-02-07,10762.261924,1.00000000,5
2024-02-08,10868.607658,1.00000000,8
2024-02-09,10842.605194,1.00000000,8
2024-02-12,10911.548382,1.00000000,10
2024-02-13,10668.326814,1.00000000,8
2024-02-14,10737.460542,1.00000000,8
2024-02-15,10732.091811,0.00000000,0
2024-02-16,10732.091811,0.00000000,0
2024-02-20,10574.391664,1.00000000,4
2024-02-21,10418.641677,1.00000000,1
2024-02-22,10596.613428,1.00000000,2
2024-02-23,10705.643074,1.00000000,2
2024-02-26,10774.873396,1.00000000,2
2024-02-27,10756.204114,1.00000000,3
2024-02-28,10801.197896,1.00000000,2
2024-02-29,10912.643040,1.00000000,4
2024-03-01,10917.858802,1.00000000,3
2024-03-04,10962.846681,1.00000000,1
2024-03-05,10938.966772,1.00000000,6
2024-03-06,10946.248627,1.00000000,2
2024-03-07,11020.859696,1.00000000,2
2024-03-08,11002.304871,1.00000000,5
2024-03-11,10830.562284,1.00000000,1
2024-03-12,10732.171638,1.00000000,1
2024-03-13,10726.805552,0.00000000,0
2024-03-14,10789.112057,1.00000000,2
2024-03-15,10778.322945,1.00000000,1
2024-03-18,10938.541451,1.00000000,1
2024-03-19,10933.072180,0.00000000,0
2024-03-20,10933.072180,0.00000000,0
2024-03-21,10989.207357,1.00000000,3
2024-03-22,11076.060725,1.00000000,3
2024-03-25,11032.743037,1.00000000,3
2024-03-26,11036.539288,1.00000000,3
2024-03-27,10952.715499,1.00000000,2
2024-03-28,10947.239141,0.00000000,0
2024-04-01,11010.696060,1.00000000,2
2024-04-02,11039.926156,1.00000000,2
2024-04-03,11034.406193,0.00000000,0
2024-04-04,11034.406193,0.00000000,0
2024-04-05,11034.406193,0.00000000,0
2024-04-08,11034.406193,0.00000000,0
2024-04-09,11034.406193,0.00000000,0
2024-04-10,10902.161003,1.00000000,6
2024-04-11,10896.709922,0.00000000,0
2024-04-12,10896.709922,0.00000000,0
2024-04-15,10871.173896,1.00000000,6
2024-04-16,10865.738309,0.00000000,0
2024-04-17,10865.738309,0.00000000,0
2024-04-18,10865.738309,0.00000000,0
2024-04-19,10865.738309,0.00000000,0
2024-04-22,10865.738309,0.00000000,0
2024-04-23,10958.006016,1.00000000,4
2024-04-24,10916.650576,1.00000000,4
2024-04-25,11038.815435,1.00000000,5
2024-04-26,11022.766320,1.00000000,6
2024-04-29,11020.722210,1.00000000,5
2024-04-30,11010.773625,1.00000000,4
2024-05-01,10917.139260,1.00000000,6
2024-05-02,11010.807402,1.00000000,3
2024-05-03,10936.187338,1.00000000,6
2024-05-06,11027.273150,1.00000000,7
2024-05-07,11095.339100,1.00000000,8
2024-05-08,11050.542241,1.00000000,7
2024-05-09,10996.492435,1.00000000,5
2024-05-10,11140.916081,1.00000000,8
2024-05-13,11217.329743,1.00000000,6
2024-05-14,11195.133785,1.00000000,9
2024-05-15,11229.780822,1.00000000,9
2024-05-16,11277.528824,1.00000000,5
2024-05-17,11235.080822,1.00000000,5
2024-05-20,11163.103384,1.00000000,5
2024-05-21,11167.798408,1.00000000,7
2024-05-22,11292.667134,1.00000000,8
2024-05-23,11466.810976,1.00000000,7
2024-05-24,11323.083487,1.00000000,7
2024-05-28,11482.008704,1.00000000,6
2024-05-29,11460.717555,1.00000000,9
2024-05-30,11434.207103,1.00000000,8
2024-05-31,11428.489999,0.00000000,0
2024-06-03,11428.489999,0.00000000,0
2024-06-04,11428.489999,0.00000000,0
2024-06-05,11428.489999,0.00000000,0
2024-06-06,11428.489999,0.00000000,0
2024-06-07,11391.236642,1.00000000,9
2024-06-10,11349.385528,1.00000000,9
2024-06-11,11456.363706,1.00000000,12
2024-06-12,11649.858447,1.00000000,10
2024-06-13,11701.610919,1.00000000,9
2024-06-14,11719.575957,1.00000000,9
2024-06-17,11833.216145,1.00000000,8
2024-06-18,12006.062079,1.00000000,8
2024-06-20,12106.963364,1.00000000,8
2024-06-21,12079.134936,1.00000000,7
2024-06-24,12134.378309,1.00000000,6
2024-06-25,11964.877057,1.00000000,3
2024-06-26,11962.993138,1.00000000,6
2024-06-27,12084.872463,1.00000000,7
2024-06-28,12103.159029,1.00000000,6
2024-07-01,11970.409817,1.00000000,6
2024-07-02,11837.207184,1.00000000,5
2024-07-03,11947.760656,1.00000000,8
2024-07-05,12109.501900,1.00000000,8
2024-07-08,12221.501353,1.00000000,8
2024-07-09,12227.284600,1.00000000,7
2024-07-10,12228.145504,1.00000000,10
2024-07-11,12310.731867,1.00000000,10
2024-07-12,11945.499181,1.00000000,11
2024-07-15,12117.745721,1.00000000,5
2024-07-16,12097.427393,1.00000000,7
2024-07-17,12117.365729,1.00000000,5
2024-07-18,11891.702417,1.00000000,2
2024-07-19,11869.530184,1.00000000,2
2024-07-22,11863.595419,0.00000000,0
2024-07-23,11863.595419,0.00000000,0
2024-07-24,11390.070563,1.00000000,5
2024-07-25,11273.858183,1.00000000,6
2024-07-26,11268.221254,0.00000000,0
2024-07-29,11268.221254,0.00000000,0
2024-07-30,11268.221254,0.00000000,0
2024-07-31,11268.221254,0.00000000,0
2024-08-01,11268.221254,0.00000000,0
2024-08-02,11152.428502,1.00000000,2
2024-08-05,11146.852287,0.00000000,0
2024-08-06,11146.852287,0.00000000,0
2024-08-07,11146.852287,0.00000000,0
2024-08-08,11146.852287,0.00000000,0
2024-08-09,11146.852287,0.00000000,0
2024-08-12,11146.852287,0.00000000,0
2024-08-13,11155.951957,1.00000000,1
2024-08-14,11117.426465,1.00000000,3
2024-08-15,11128.700841,1.00000000,2
2024-08-16,11089.146666,1.00000000,2
2024-08-19,11101.424313,1.00000000,4
2024-08-20,11167.375092,1.00000000,4
2024-08-21,11186.089692,1.00000000,5
2024-08-22,11229.256089,1.00000000,5
2024-08-23,11227.723395,1.00000000,4
2024-08-26,11276.773031,1.00000000,3
2024-08-27,11182.792307,1.00000000,3
2024-08-28,11210.683473,1.00000000,4
2024-08-29,11127.025469,1.00000000,9
2024-08-30,11102.391630,1.00000000,9
2024-09-03,11123.917138,1.00000000,6
2024-09-04,10634.698704,1.00000000,9
2024-09-05,10629.381355,0.00000000,0
2024-09-06,10629.381355,0.00000000,0
2024-09-09,10629.381355,0.00000000,0
2024-09-10,10629.381355,0.00000000,0
2024-09-11,10629.381355,0.00000000,0
2024-09-12,10629.381355,0.00000000,0
2024-09-13,10691.115327,1.00000000,7
2024-09-16,10801.113698,1.00000000,8
2024-09-17,10783.219517,1.00000000,5
2024-09-18,10755.818966,1.00000000,5
2024-09-19,10810.991255,1.00000000,5
2024-09-20,10802.319762,1.00000000,5
2024-09-23,10882.868128,1.00000000,5
2024-09-24,11388.265329,1.00000000,1
2024-09-25,11426.233432,1.00000000,5
2024-09-26,11501.974626,1.00000000,4
2024-09-27,11413.606761,1.00000000,5
2024-09-30,11405.846677,1.00000000,6
2024-10-01,11425.557325,1.00000000,5
2024-10-02,11265.068612,1.00000000,5
2024-10-03,11259.436078,0.00000000,0
2024-10-04,11259.436078,0.00000000,0
2024-10-07,11259.436078,0.00000000,0
2024-10-08,11160.393287,1.00000000,7
2024-10-09,11154.813090,0.00000000,0
2024-10-10,11229.227580,1.00000000,7
2024-10-11,11227.881023,1.00000000,6
2024-10-14,11294.902400,1.00000000,8
2024-10-15,11284.917950,1.00000000,9
2024-10-16,11131.759978,1.00000000,8
2024-10-17,11276.816798,1.00000000,7
2024-10-18,11251.362981,1.00000000,9
2024-10-21,11241.744015,1.00000000,7
2024-10-22,11034.620708,1.00000000,6
2024-10-23,11029.103398,0.00000000,0
2024-10-24,10962.931613,1.00000000,11
2024-10-25,10957.450147,0.00000000,0
2024-10-28,10957.450147,0.00000000,0
2024-10-29,10976.250589,1.00000000,10
2024-10-30,11013.256317,1.00000000,10
2024-10-31,10953.241089,1.00000000,10
2024-11-01,10947.764469,0.00000000,0
2024-11-04,10947.764469,0.00000000,0
2024-11-05,10947.764469,0.00000000,0
2024-11-06,10947.764469,0.00000000,0
2024-11-07,10947.764469,0.00000000,0
2024-11-08,10947.764469,0.00000000,0
2024-11-11,11088.817271,1.00000000,2
2024-11-12,11097.955316,1.00000000,5
2024-11-13,11101.512202,1.00000000,5
2024-11-14,11077.983432,1.00000000,4
2024-11-15,10920.513432,1.00000000,3
2024-11-18,10758.578629,1.00000000,3
2024-11-19,10765.878562,1.00000000,1
2024-11-20,10790.422969,1.00000000,2
2024-11-21,10927.335397,1.00000000,1
2024-11-22,10921.871730,0.00000000,0
2024-11-25,11175.685148,1.00000000,3
2024-11-26,11076.533038,1.00000000,5
2024-11-27,11093.636628,1.00000000,1
2024-11-29,11032.423718,1.00000000,5
2024-12-02,11237.731497,1.00000000,3
2024-12-03,11253.183778,1.00000000,4
2024-12-04,11223.552763,1.00000000,5
2024-12-05,11322.564334,1.00000000,5
2024-12-06,11431.094090,1.00000000,4
2024-12-09,11582.104188,1.00000000,7
2024-12-10,11503.503506,1.00000000,10
2024-12-11,11587.199678,1.00000000,8
2024-12-12,11581.406078,0.00000000,0
2024-12-13,11581.406078,0.00000000,0
2024-12-16,11581.406078,0.00000000,0
2024-12-17,11484.020876,1.00000000,8
2024-12-18,11478.278865,0.00000000,0
2024-12-19,11255.094452,1.00000000,7
2024-12-20,11249.466905,0.00000000,0
2024-12-23,11249.466905,0.00000000,0
2024-12-24,11249.466905,0.00000000,0
2024-12-26,11369.915533,1.00000000,9
2024-12-27,11274.520284,1.00000000,9
2024-12-30,10983.065857,1.00000000,9
2024-12-31,11033.704145,1.00000000,9
2025-01-02,11028.187293,0.00000000,0
2025-01-03,11028.187293,0.00000000,0
2025-01-06,11028.187293,0.00000000,0
2025-01-07,11153.049570,1.00000000,8
2025-01-08,11011.475808,1.00000000,6
2025-01-10,10793.903975,1.00000000,5
2025-01-13,10545.197569,1.00000000,10
2025-01-14,10539.924970,0.00000000,0
2025-01-15,10712.179154,1.00000000,3
2025-01-16,10677.177517,1.00000000,3
2025-01-17,10788.447444,1.00000000,5
2025-01-21,10809.916067,1.00000000,5
2025-01-22,10871.972981,1.00000000,2
2025-01-23,10831.678823,1.00000000,3
2025-01-24,10883.168577,1.00000000,6
2025-01-27,10872.651719,1.00000000,7
2025-01-28,11063.015669,1.00000000,5
2025-01-29,11012.833086,1.00000000,4
2025-01-30,11125.353202,1.00000000,6
2025-01-31,11184.130561,1.00000000,5
2025-02-03,10913.862754,1.00000000,4
2025-02-04,11064.215860,1.00000000,5
2025-02-05,11161.262797,1.00000000,4
2025-02-06,11206.524885,1.00000000,2
2025-02-07,11258.822880,1.00000000,5
2025-02-10,11228.066037,1.00000000,4
2025-02-11,11073.309378,1.00000000,5
2025-02-12,11062.043690,1.00000000,7
2025-02-13,11139.855448,1.00000000,6
2025-02-14,11198.559328,1.00000000,10
2025-02-18,11179.501986,1.00000000,5
2025-02-19,11215.199734,1.00000000,6
2025-02-20,11143.571964,1.00000000,8
2025-02-21,10994.301675,1.00000000,9
2025-02-24,10988.804524,0.00000000,0
2025-02-25,10988.804524,0.00000000,0
2025-02-26,10988.804524,0.00000000,0
2025-02-27,10988.804524,0.00000000,0
2025-02-28,10988.804524,0.00000000,0
2025-03-03,10988.804524,0.00000000,0
2025-03-04,11417.997388,1.00000000,1
2025-03-05,11412.288389,0.00000000,0
2025-03-06,11412.288389,0.00000000,0
2025-03-07,11412.288389,0.00000000,0
2025-03-10,11412.288389,0.00000000,0
2025-03-11,11367.444837,1.00000000,2
2025-03-12,11361.761115,0.00000000,0
2025-03-13,11361.761115,0.00000000,0
2025-03-14,11361.761115,0.00000000,0
2025-03-17,11361.761115,0.00000000,0
2025-03-18,11533.936239,1.00000000,3
2025-03-19,11445.054579,1.00000000,5
2025-03-20,11515.615615,1.00000000,5
2025-03-21,11506.057711,1.00000000,4
2025-03-24,11549.700111,1.00000000,4
2025-03-25,11598.208319,1.00000000,2
2025-03-26,11498.284990,1.00000000,6
2025-03-27,11271.647855,1.00000000,5
2025-03-28,11159.645363,1.00000000,4
2025-03-31,10915.368372,1.00000000,2
2025-04-01,10898.057150,1.00000000,3
2025-04-02,10892.608121,0.00000000,0
2025-04-03,10892.608121,0.00000000,0
2025-04-04,10289.467845,1.00000000,3
2025-04-07,10284.323112,0.00000000,0
2025-04-08,10284.323112,0.00000000,0
2025-04-09,10284.323112,0.00000000,0
2025-04-10,10284.323112,0.00000000,0
2025-04-11,10284.323112,0.00000000,0
2025-04-14,10284.323112,0.00000000,0
2025-04-15,10279.972502,1.00000000,7
2025-04-16,10178.221891,1.00000000,5
2025-04-17,10047.216872,1.00000000,7
2025-04-21,10121.086064,1.00000000,5
2025-04-22,10006.429590,1.00000000,5
2025-04-23,10207.432962,1.00000000,4
2025-04-24,10079.633256,1.00000000,5
2025-04-25,9918.615778,1.00000000,2
2025-04-28,9856.444344,1.00000000,4
2025-04-29,9813.214190,1.00000000,11
2025-04-30,9659.672710,1.00000000,11
2025-05-01,10044.384877,1.00000000,11
2025-05-02,10032.091286,1.00000000,10
2025-05-05,10017.751214,1.00000000,11
2025-05-06,9908.857520,1.00000000,9
2025-05-07,10008.246683,1.00000000,9
2025-05-08,10197.790614,1.00000000,8
2025-05-09,10197.244151,1.00000000,9
2025-05-12,10825.649670,1.00000000,6
2025-05-13,10864.644449,1.00000000,7
2025-05-14,11131.003800,1.00000000,10
2025-05-15,10989.044221,1.00000000,7
2025-05-16,11109.518072,1.00000000,9
2025-05-19,11005.769571,1.00000000,8
2025-05-20,11091.328228,1.00000000,8
2025-05-21,11083.669982,1.00000000,7
2025-05-22,10993.812943,1.00000000,5
2025-05-23,10898.649103,1.00000000,5
2025-05-27,10893.199779,0.00000000,0
2025-05-28,10893.199779,0.00000000,0
2025-05-29,10965.656520,1.00000000,4
2025-05-30,10960.173692,0.00000000,0
2025-06-02,10897.458422,1.00000000,4
2025-06-03,11044.270844,1.00000000,3
2025-06-04,11187.260403,1.00000000,6
2025-06-05,11137.170200,1.00000000,6
2025-06-06,11100.284531,1.00000000,7
2025-06-09,11136.230529,1.00000000,5
2025-06-10,11197.037896,1.00000000,8
2025-06-11,11191.281593,1.00000000,9
2025-06-12,11133.484424,1.00000000,7
2025-06-13,11060.791503,1.00000000,8
2025-06-16,11033.207445,1.00000000,1
2025-06-17,11027.690842,0.00000000,0
2025-06-18,11044.013337,1.00000000,6
2025-06-20,11038.491331,0.00000000,0
2025-06-23,11038.491331,0.00000000,0
2025-06-24,11038.491331,0.00000000,0
2025-06-25,11252.702506,1.00000000,3
2025-06-26,11367.996311,1.00000000,4
2025-06-27,11533.801521,1.00000000,5
2025-06-30,11788.863987,1.00000000,6
2025-07-01,11805.925715,1.00000000,2
2025-07-02,11550.031994,1.00000000,7
2025-07-03,11708.569356,1.00000000,9
2025-07-07,11697.510108,1.00000000,7
2025-07-08,11721.745278,1.00000000,8
2025-07-09,11728.572655,1.00000000,9
2025-07-10,11958.911639,1.00000000,4
2025-07-11,11778.064786,1.00000000,6
2025-07-14,11835.419196,1.00000000,8
2025-07-15,12033.918201,1.00000000,8
2025-07-16,12063.421849,1.00000000,10
2025-07-17,12039.748997,1.00000000,9
2025-07-18,12242.695766,1.00000000,7
2025-07-21,12182.119930,1.00000000,7
2025-07-22,12151.038697,1.00000000,10
2025-07-23,12070.729147,1.00000000,11
2025-07-24,12254.595328,1.00000000,8
2025-07-25,12152.607698,1.00000000,9
2025-07-28,12282.019230,1.00000000,8
2025-07-29,12383.631089,1.00000000,4
2025-07-30,12260.265053,1.00000000,9
2025-07-31,12448.746026,1.00000000,7
2025-08-01,12043.109574,1.00000000,7
2025-08-04,12037.088020,0.00000000,0
2025-08-05,12037.088020,0.00000000,0
2025-08-06,12037.088020,0.00000000,0
2025-08-07,12037.088020,0.00000000,0
2025-08-08,11881.721477,1.00000000,5
2025-08-11,12113.751235,1.00000000,6
2025-08-12,12192.034821,1.00000000,5
2025-08-13,12302.094656,1.00000000,5
2025-08-14,12041.255401,1.00000000,6
2025-08-15,12171.535874,1.00000000,1
2025-08-18,12090.598631,1.00000000,2
2025-08-19,12101.302268,1.00000000,7
2025-08-20,12070.210264,1.00000000,6
2025-08-21,12008.138393,1.00000000,6
2025-08-22,12033.559146,1.00000000,3
2025-08-25,11927.500221,1.00000000,1
2025-08-26,12038.763413,1.00000000,2
2025-08-27,12003.031857,1.00000000,2
2025-08-28,12005.418574,1.00000000,5
2025-08-29,12117.993290,1.00000000,2
2025-09-02,12117.835157,1.00000000,4
2025-09-03,12158.668087,1.00000000,5
2025-09-04,12152.588753,0.00000000,0
2025-09-05,12296.278739,1.00000000,6
2025-09-08,12241.606487,1.00000000,7
2025-09-09,12254.650405,1.00000000,7
2025-09-10,12308.459478,1.00000000,8
2025-09-11,12228.291989,1.00000000,9
2025-09-12,12222.177843,0.00000000,0
2025-09-15,12162.872157,1.00000000,4
2025-09-16,12246.152291,1.00000000,5
2025-09-17,12353.604667,1.00000000,5
2025-09-18,12296.187608,1.00000000,6
2025-09-19,12287.370874,1.00000000,4
2025-09-22,12354.845652,1.00000000,7
2025-09-23,12585.546310,1.00000000,1
2025-09-24,12490.251154,1.00000000,7
2025-09-25,12429.644569,1.00000000,7
2025-09-26,12470.806001,1.00000000,6
2025-09-29,12464.570598,0.00000000,0
2025-09-30,12406.199307,1.00000000,5
2025-10-01,12292.877732,1.00000000,8
2025-10-02,12286.731293,0.00000000,0
2025-10-03,12375.408955,1.00000000,5
2025-10-06,12369.221251,0.00000000,0
2025-10-07,12269.333739,1.00000000,8
2025-10-08,12280.569303,1.00000000,6
2025-10-09,12274.429018,0.00000000,0
2025-10-10,12277.842033,1.00000000,8
2025-10-13,12053.840804,1.00000000,11
2025-10-14,12047.813883,0.00000000,0
2025-10-15,12047.813883,0.00000000,0
2025-10-16,12047.813883,0.00000000,0
2025-10-17,12047.813883,0.00000000,0
2025-10-20,12047.813883,0.00000000,0
2025-10-21,12151.733596,1.00000000,9
2025-10-22,12071.160331,1.00000000,8
2025-10-23,11963.288626,1.00000000,10
2025-10-24,12229.516938,1.00000000,10
2025-10-27,12294.727034,1.00000000,11
2025-10-28,12446.906402,1.00000000,9
2025-10-29,12368.123828,1.00000000,8
2025-10-30,12370.394851,1.00000000,6
2025-10-31,12276.320586,1.00000000,6
2025-11-03,12326.281457,1.00000000,8
2025-11-04,11827.944904,1.00000000,5
2025-11-05,11752.926070,1.00000000,11
2025-11-06,11881.795101,1.00000000,10
2025-11-07,11671.245744,1.00000000,9
2025-11-10,11665.410121,0.00000000,0
2025-11-11,11665.410121,0.00000000,0
2025-11-12,11794.709915,1.00000000,9
2025-11-13,11704.397865,1.00000000,9
2025-11-14,11432.539430,1.00000000,6
2025-11-17,11391.047314,1.00000000,4
2025-11-18,11385.351791,0.00000000,0
2025-11-19,11385.351791,0.00000000,0
2025-11-20,11385.351791,0.00000000,0
2025-11-21,11385.351791,0.00000000,0
2025-11-24,11385.351791,0.00000000,0
2025-11-25,11253.523628,1.00000000,4
2025-11-26,11414.851246,1.00000000,4
2025-11-28,11415.542502,1.00000000,6
2025-12-01,11377.577977,1.00000000,6
2025-12-02,11224.665247,1.00000000,6
2025-12-03,11174.396036,1.00000000,4
2025-12-04,11129.783699,1.00000000,5
2025-12-05,11057.068166,1.00000000,4
2025-12-08,10961.125121,1.00000000,4
2025-12-09,10914.820440,1.00000000,5
2025-12-10,10815.034715,1.00000000,9
2025-12-11,10937.077316,1.00000000,8
2025-12-12,10967.627118,1.00000000,9
2025-12-15,11046.687245,1.00000000,6
2025-12-16,10952.476580,1.00000000,7
2025-12-17,10956.339454,1.00000000,7
2025-12-18,10912.486148,1.00000000,5
2025-12-19,10887.880346,1.00000000,4
2025-12-22,10980.980866,1.00000000,3
2025-12-23,10979.396712,1.00000000,2
2025-12-24,10969.722761,1.00000000,8
2025-12-26,11000.408351,1.00000000,5
2025-12-29,10917.031844,1.00000000,6
2025-12-30,10797.529202,1.00000000,6