symbol,date,asset_class,ret5_pct,ret10_pct,ret20_pct,hys_resonance_recent,hys_fire_bottom_recent,hys_bull_cross_recent,volume_state,volume_profile_state,breadth_state,vix_state,reclaim,transition_date,transition_state,transition_lag
AAPL,2025-04-11,stock,-2.52,6.05,6.38,true,true,true,NEUTRAL,BELOW_VAL,NEUTRAL,NEUTRAL,true,,,
AMZN,2025-04-08,stock,5.23,5.82,10.58,false,true,false,NEGATIVE,BELOW_VAL,NEUTRAL,NEUTRAL,false,,,
AMZN,2025-04-16,stock,7,9.1,17.69,false,true,false,NEUTRAL,BELOW_VAL,NEGATIVE,NEUTRAL,false,2025-05-15,RANGE,20
BTC,2025-03-09,crypto,4.02,7.57,2.37,false,true,false,NEUTRAL,BELOW_VAL,NEGATIVE,NEUTRAL,false,,,
ETH,2025-02-09,crypto,3.76,3.36,-15.6,false,true,false,NEUTRAL,BELOW_VAL,NEUTRAL,NEUTRAL,false,,,
ETH,2025-03-09,crypto,-5.38,1.76,-9.52,false,true,false,NEUTRAL,BELOW_VAL,NEGATIVE,NEUTRAL,false,,,
ETH,2025-03-13,crypto,3.59,7.58,-3.72,false,true,false,NEUTRAL,BELOW_VAL,NEGATIVE,NEUTRAL,false,,,
ETH,2025-04-11,crypto,0.66,0.81,17.31,true,true,true,NEUTRAL,BELOW_VAL,NEUTRAL,NEUTRAL,false,,,
GOOGL,2025-03-06,stock,-5.56,-5.54,-12.55,true,true,true,NEUTRAL,BELOW_VAL,NEUTRAL,NEUTRAL,false,,,
INTC,2025-01-10,stock,12.22,5.95,3.24,false,true,false,NEGATIVE,BELOW_VAL,NEUTRAL,NEUTRAL,false,,,
JPM,2025-04-03,stock,-0.69,1.43,10.42,false,true,false,NEGATIVE,BELOW_VAL,NEGATIVE,NEUTRAL,false,,,
JPM,2025-04-09,stock,-2.02,4.4,8.16,true,true,true,POSITIVE,INSIDE_VALUE,NEUTRAL,NEUTRAL,true,2025-05-05,RANGE,17
META,2025-03-28,stock,-12.49,-5.75,-4.68,false,true,false,NEUTRAL,BELOW_VAL,NEUTRAL,NEUTRAL,false,,,
META,2025-04-09,stock,-14.25,-8.98,2.09,true,true,true,POSITIVE,INSIDE_VALUE,NEUTRAL,NEUTRAL,true,,,
META,2025-04-15,stock,-0.24,5.27,26.43,false,true,false,NEUTRAL,INSIDE_VALUE,NEUTRAL,NEUTRAL,false,2025-05-13,RANGE,19
MSFT,2025-02-26,stock,0.32,-4.12,-2.44,false,true,false,NEUTRAL,BELOW_VAL,NEUTRAL,NEUTRAL,false,,,
MSFT,2025-03-05,stock,-4.43,-3.29,-4.71,true,true,true,POSITIVE,BELOW_VAL,NEUTRAL,NEUTRAL,true,,,
MSFT,2025-03-14,stock,0.69,-2.51,-0.03,true,true,true,NEUTRAL,BELOW_VAL,NEUTRAL,NEUTRAL,true,,,
MSFT,2025-03-31,stock,-4.67,3.31,4.97,false,true,false,NEGATIVE,BELOW_VAL,NEUTRAL,NEUTRAL,true,,,
MSFT,2025-04-04,stock,7.95,-0.2,21.21,true,true,true,NEGATIVE,BELOW_VAL,NEGATIVE,NEUTRAL,false,,,
NVDA,2025-04-08,stock,16.51,6.66,21.56,false,true,false,NEGATIVE,BELOW_VAL,NEUTRAL,NEUTRAL,false,,,
ORCL,2025-01-27,stock,6.52,13.04,6.48,false,true,false,NEGATIVE,BELOW_VAL,NEUTRAL,NEUTRAL,false,2025-02-05,RANGE,7
ORCL,2025-03-27,stock,-5.87,-8.53,-5,false,true,false,NEUTRAL,BELOW_VAL,NEUTRAL,NEUTRAL,true,,,
ORCL,2025-04-02,stock,-4.23,-11.04,-0.25,false,true,false,NEUTRAL,INSIDE_VALUE,NEUTRAL,NEUTRAL,true,,,
ORCL,2025-04-09,stock,-7.11,-1.56,7.6,true,true,true,NEGATIVE,INSIDE_VALUE,NEUTRAL,NEUTRAL,true,,,
ORCL,2025-04-16,stock,5.97,12.12,22.84,false,true,false,NEUTRAL,INSIDE_VALUE,NEGATIVE,NEUTRAL,false,2025-05-15,RANGE,20
SOL,2025-03-04,crypto,-12.63,-7.77,-2.61,false,true,false,POSITIVE,BELOW_VAL,NEUTRAL,NEUTRAL,true,,,
SOL,2025-03-09,crypto,5.56,6.97,-1.53,false,true,false,NEUTRAL,BELOW_VAL,NEGATIVE,NEUTRAL,false,,,
