symbol,date,asset_class,ret5_pct,ret10_pct,ret20_pct,hys_fire_top_recent,hys_bear_cross_recent,volume_state,volume_profile_state,breadth_state,vix_state,reject,transition_date,transition_state,transition_lag
AMZN,2025-01-21,stock,3.22,4.92,-1.77,true,false,POSITIVE,INSIDE_VALUE,NEUTRAL,NEUTRAL,false,,,
AMZN,2025-01-30,stock,1.79,-1.82,-9.53,true,true,NEUTRAL,INSIDE_VALUE,NEUTRAL,NEUTRAL,false,,,
AMZN,2025-02-05,stock,-3.07,-5.63,-15.02,true,true,NEGATIVE,INSIDE_VALUE,POSITIVE,NEUTRAL,true,2025-03-06,RANGE,20
ETH,2025-06-10,crypto,-9.54,-14.55,-11.75,true,false,POSITIVE,INSIDE_VALUE,POSITIVE,NEUTRAL,false,2025-06-27,RANGE,17
GOOGL,2025-01-30,stock,-4.61,-7.33,-15.23,true,false,POSITIVE,INSIDE_VALUE,NEUTRAL,NEUTRAL,false,2025-02-26,RANGE,18
INTC,2025-03-17,stock,-5.72,-11.6,-20.94,true,false,POSITIVE,INSIDE_VALUE,NEUTRAL,NEUTRAL,false,2025-03-20,RANGE,3
JPM,2025-05-21,stock,1.28,0.35,5.35,true,true,NEUTRAL,ABOVE_VAH,NEUTRAL,NEUTRAL,true,,,
META,2025-01-06,stock,-5.7,-1.06,11.85,true,false,POSITIVE,ABOVE_VAH,NEUTRAL,NEUTRAL,true,,,
SOL,2025-01-24,crypto,-9.95,-14.64,-23.33,true,false,NEUTRAL,INSIDE_VALUE,NEUTRAL,NEUTRAL,false,2025-02-10,RANGE,17
XOM,2025-04-02,stock,-10.85,-12.2,-10.86,true,true,NEUTRAL,ABOVE_VAH,NEUTRAL,NEUTRAL,false,2025-04-09,RANGE,5
