group,policy,metric,point_mean,ci95_mean_low,ci95_mean_high,point_median,ci95_median_low,ci95_median_high,seed,bootstrap_n
stocks,BASE_100_FULL_FIRST_W3,return_delta_pp,0,0,0,0,0,0,20260930,5000
stocks,BASE_100_FULL_FIRST_W3,mdd_improvement_pp,0,0,0,0,0,0,20260930,5000
stocks,BASE_100_FULL_FIRST_W3,p5_improvement_pp,0,0,0,0,0,0,20260930,5000
stocks,BASE_100_FULL_FIRST_W3,cvar10_improvement_pp,0,0,0,0,0,0,20260930,5000
stocks,INIT_50_C_W3_FULL_FIRST,return_delta_pp,-38.546692,-63.387749,-18.454036,-11.986811,-42.805970,-0.327158,20260930,5000
stocks,INIT_50_C_W3_FULL_FIRST,mdd_improvement_pp,14.773291,12.883427,16.723415,13.644280,11.444842,15.601893,20260930,5000
stocks,INIT_50_C_W3_FULL_FIRST,p5_improvement_pp,5.174471,4.276483,6.144608,4.004573,3.594489,5.142164,20260930,5000
stocks,INIT_50_C_W3_FULL_FIRST,cvar10_improvement_pp,5.742243,4.792225,6.721051,5.033668,4.054812,6.599025,20260930,5000
stocks,INIT_60_C_W3_FULL_FIRST,return_delta_pp,-31.856292,-51.641849,-14.968478,-9.625627,-34.845727,0.729917,20260930,5000
stocks,INIT_60_C_W3_FULL_FIRST,mdd_improvement_pp,11.720808,10.306271,13.203289,10.784211,9.196934,12.678918,20260930,5000
stocks,INIT_60_C_W3_FULL_FIRST,p5_improvement_pp,4.124901,3.377232,4.928540,3.203659,2.873982,4.113731,20260930,5000
stocks,INIT_60_C_W3_FULL_FIRST,cvar10_improvement_pp,4.629499,3.892101,5.452850,4.026934,3.389435,5.279220,20260930,5000
stocks,INIT_70_C_W3_FULL_FIRST,return_delta_pp,-24.703701,-41.171105,-11.899786,-7.245354,-26.582636,1.022647,20260930,5000
stocks,INIT_70_C_W3_FULL_FIRST,mdd_improvement_pp,8.716959,7.669969,9.826279,7.991277,6.870193,9.360009,20260930,5000
stocks,INIT_70_C_W3_FULL_FIRST,p5_improvement_pp,3.090688,2.542196,3.681736,2.424087,2.156693,3.085299,20260930,5000
stocks,INIT_70_C_W3_FULL_FIRST,cvar10_improvement_pp,3.482500,2.931204,4.093775,3.020201,2.599921,3.959415,20260930,5000
stocks,BASE_100_SELECTIVE_W3,return_delta_pp,0,0,0,0,0,0,20260930,5000
stocks,BASE_100_SELECTIVE_W3,mdd_improvement_pp,0,0,0,0,0,0,20260930,5000
stocks,BASE_100_SELECTIVE_W3,p5_improvement_pp,0,0,0,0,0,0,20260930,5000
stocks,BASE_100_SELECTIVE_W3,cvar10_improvement_pp,0,0,0,0,0,0,20260930,5000
stocks,INIT_50_C_W3_SELECTIVE,return_delta_pp,-42.639482,-66.850786,-23.116318,-14.088071,-43.198055,-10.674112,20260930,5000
stocks,INIT_50_C_W3_SELECTIVE,mdd_improvement_pp,13.515211,11.737689,15.442056,12.772726,10.170518,14.704670,20260930,5000
stocks,INIT_50_C_W3_SELECTIVE,p5_improvement_pp,4.897427,4.005814,5.895765,4.024432,3.535435,4.572186,20260930,5000
stocks,INIT_50_C_W3_SELECTIVE,cvar10_improvement_pp,5.528709,4.606320,6.515219,4.443295,3.731580,6.571114,20260930,5000
stocks,INIT_60_C_W3_SELECTIVE,return_delta_pp,-35.164532,-54.490965,-19.203321,-11.325243,-34.572848,-7.989835,20260930,5000
stocks,INIT_60_C_W3_SELECTIVE,mdd_improvement_pp,10.831861,9.438219,12.257191,10.080110,8.486370,12.106711,20260930,5000
stocks,INIT_60_C_W3_SELECTIVE,p5_improvement_pp,3.909465,3.177185,4.755325,3.056858,2.828348,4.204444,20260930,5000
stocks,INIT_60_C_W3_SELECTIVE,cvar10_improvement_pp,4.445638,3.703139,5.215004,3.554636,3.007833,5.677457,20260930,5000
stocks,INIT_70_C_W3_SELECTIVE,return_delta_pp,-27.204534,-43.149273,-14.804534,-8.533843,-25.890167,-5.935690,20260930,5000
stocks,INIT_70_C_W3_SELECTIVE,mdd_improvement_pp,8.081245,7.105152,9.090580,7.458085,6.351693,8.942605,20260930,5000
stocks,INIT_70_C_W3_SELECTIVE,p5_improvement_pp,2.937887,2.406361,3.534718,2.414659,2.168162,3.437246,20260930,5000
stocks,INIT_70_C_W3_SELECTIVE,cvar10_improvement_pp,3.353193,2.803982,3.954151,2.665977,2.302864,4.258093,20260930,5000
stocks,BASE_100_FULL_FIRST_W5,return_delta_pp,0,0,0,0,0,0,20260930,5000
stocks,BASE_100_FULL_FIRST_W5,mdd_improvement_pp,0,0,0,0,0,0,20260930,5000
stocks,BASE_100_FULL_FIRST_W5,p5_improvement_pp,0,0,0,0,0,0,20260930,5000
stocks,BASE_100_FULL_FIRST_W5,cvar10_improvement_pp,0,0,0,0,0,0,20260930,5000
stocks,INIT_50_C_W5_FULL_FIRST,return_delta_pp,-36.140317,-59.843984,-17.506801,-11.986811,-44.999356,1.430040,20260930,5000
stocks,INIT_50_C_W5_FULL_FIRST,mdd_improvement_pp,14.434023,12.521427,16.382260,13.394663,11.353992,15.733404,20260930,5000
stocks,INIT_50_C_W5_FULL_FIRST,p5_improvement_pp,5.085079,4.165309,6.085425,3.990709,3.295570,5.142164,20260930,5000
stocks,INIT_50_C_W5_FULL_FIRST,cvar10_improvement_pp,5.639058,4.706435,6.620601,4.641951,3.832676,6.599025,20260930,5000
stocks,INIT_60_C_W5_FULL_FIRST,return_delta_pp,-29.768471,-49.566002,-13.834998,-9.625627,-36.856802,1.247804,20260930,5000
stocks,INIT_60_C_W5_FULL_FIRST,mdd_improvement_pp,11.460063,9.994914,12.969425,10.583633,9.019938,12.678918,20260930,5000
stocks,INIT_60_C_W5_FULL_FIRST,p5_improvement_pp,4.059632,3.304316,4.887234,3.144542,2.387893,4.113731,20260930,5000
stocks,INIT_60_C_W5_FULL_FIRST,cvar10_improvement_pp,4.558103,3.786489,5.355849,3.713561,3.243850,5.279220,20260930,5000
stocks,INIT_70_C_W5_FULL_FIRST,return_delta_pp,-23.004822,-38.198320,-10.528975,-7.245354,-28.259408,1.014049,20260930,5000
stocks,INIT_70_C_W5_FULL_FIRST,mdd_improvement_pp,8.527062,7.452151,9.651919,7.839533,6.717053,9.418923,20260930,5000
stocks,INIT_70_C_W5_FULL_FIRST,p5_improvement_pp,3.041360,2.489323,3.655265,2.402744,1.978396,3.085299,20260930,5000
stocks,INIT_70_C_W5_FULL_FIRST,cvar10_improvement_pp,3.440116,2.861893,4.060869,2.785171,2.432887,3.959415,20260930,5000
stocks,BASE_100_SELECTIVE_W5,return_delta_pp,0,0,0,0,0,0,20260930,5000
stocks,BASE_100_SELECTIVE_W5,mdd_improvement_pp,0,0,0,0,0,0,20260930,5000
stocks,BASE_100_SELECTIVE_W5,p5_improvement_pp,0,0,0,0,0,0,20260930,5000
stocks,BASE_100_SELECTIVE_W5,cvar10_improvement_pp,0,0,0,0,0,0,20260930,5000
stocks,INIT_50_C_W5_SELECTIVE,return_delta_pp,-39.781773,-61.624646,-21.881377,-14.088071,-44.695633,-10.075183,20260930,5000
stocks,INIT_50_C_W5_SELECTIVE,mdd_improvement_pp,13.183980,11.337470,15.074038,12.003443,9.502547,14.704670,20260930,5000
stocks,INIT_50_C_W5_SELECTIVE,p5_improvement_pp,4.732906,3.795983,5.742090,3.821072,3.349206,4.304362,20260930,5000
stocks,INIT_50_C_W5_SELECTIVE,cvar10_improvement_pp,5.384601,4.469814,6.398553,4.306014,3.505976,6.571114,20260930,5000
stocks,INIT_60_C_W5_SELECTIVE,return_delta_pp,-32.698057,-51.627697,-17.638789,-11.325243,-36.492404,-7.989835,20260930,5000
stocks,INIT_60_C_W5_SELECTIVE,mdd_improvement_pp,10.670076,9.277281,12.124982,9.831919,8.130909,12.106711,20260930,5000
stocks,INIT_60_C_W5_SELECTIVE,p5_improvement_pp,3.774205,3.013813,4.629520,3.043847,2.679364,3.657749,20260930,5000
stocks,INIT_60_C_W5_SELECTIVE,cvar10_improvement_pp,4.337104,3.580356,5.166538,3.524341,2.804781,5.677457,20260930,5000
stocks,INIT_70_C_W5_SELECTIVE,return_delta_pp,-25.207225,-40.914231,-13.336492,-8.533843,-27.932676,-5.935690,20260930,5000
stocks,INIT_70_C_W5_SELECTIVE,mdd_improvement_pp,7.996959,7.036230,9.062029,7.295798,6.102311,8.942605,20260930,5000
stocks,INIT_70_C_W5_SELECTIVE,p5_improvement_pp,2.829116,2.266023,3.445073,2.361343,2.062655,2.743312,20260930,5000
stocks,INIT_70_C_W5_SELECTIVE,cvar10_improvement_pp,3.276715,2.713622,3.869849,2.643256,2.195940,4.258093,20260930,5000
crypto,BASE_100_FULL_FIRST_W3,return_delta_pp,0,0,0,0,0,0,20260930,5000
crypto,BASE_100_FULL_FIRST_W3,mdd_improvement_pp,0,0,0,0,0,0,20260930,5000
crypto,BASE_100_FULL_FIRST_W3,p5_improvement_pp,0,0,0,0,0,0,20260930,5000
crypto,BASE_100_FULL_FIRST_W3,cvar10_improvement_pp,0,0,0,0,0,0,20260930,5000
crypto,INIT_50_C_W3_FULL_FIRST,return_delta_pp,-12.475570,-27.937940,2.986800,-14.585402,-29.833508,9.102033,20260930,5000
crypto,INIT_50_C_W3_FULL_FIRST,mdd_improvement_pp,22.043041,17.304197,25.792988,23.031940,15.051326,27.056959,20260930,5000
crypto,INIT_50_C_W3_FULL_FIRST,p5_improvement_pp,12.085727,11.355140,12.816315,12.131416,11.051738,13.028339,20260930,5000
crypto,INIT_50_C_W3_FULL_FIRST,cvar10_improvement_pp,13.662791,12.584428,14.895215,13.508729,12.199565,15.434140,20260930,5000
crypto,INIT_60_C_W3_FULL_FIRST,return_delta_pp,-7.798548,-19.233335,3.636240,-10.053098,-19.685892,8.597898,20260930,5000
crypto,INIT_60_C_W3_FULL_FIRST,mdd_improvement_pp,17.274377,13.747466,19.962624,18.113043,12.000434,20.870990,20260930,5000
crypto,INIT_60_C_W3_FULL_FIRST,p5_improvement_pp,9.668582,9.084112,10.253052,9.705133,8.841391,10.422671,20260930,5000
crypto,INIT_60_C_W3_FULL_FIRST,cvar10_improvement_pp,10.930232,10.067542,11.916172,10.806983,9.759652,12.347312,20260930,5000
crypto,INIT_70_C_W3_FULL_FIRST,return_delta_pp,-4.080455,-11.858371,3.697460,-4.988615,-13.803816,7.459225,20260930,5000
crypto,INIT_70_C_W3_FULL_FIRST,mdd_improvement_pp,12.690137,10.240909,14.565545,13.355954,8.970297,15.078343,20260930,5000
crypto,INIT_70_C_W3_FULL_FIRST,p5_improvement_pp,7.251436,6.813084,7.689789,7.278850,6.631043,7.817003,20260930,5000
crypto,INIT_70_C_W3_FULL_FIRST,cvar10_improvement_pp,8.197674,7.550657,8.937129,8.105237,7.319739,9.260484,20260930,5000
crypto,BASE_100_SELECTIVE_W3,return_delta_pp,0,0,0,0,0,0,20260930,5000
crypto,BASE_100_SELECTIVE_W3,mdd_improvement_pp,0,0,0,0,0,0,20260930,5000
crypto,BASE_100_SELECTIVE_W3,p5_improvement_pp,0,0,0,0,0,0,20260930,5000
crypto,BASE_100_SELECTIVE_W3,cvar10_improvement_pp,0,0,0,0,0,0,20260930,5000
crypto,INIT_50_C_W3_SELECTIVE,return_delta_pp,13.031133,-2.796932,34.195049,5.237452,-4.356294,46.005923,20260930,5000
crypto,INIT_50_C_W3_SELECTIVE,mdd_improvement_pp,23.145072,17.818209,27.284900,24.332106,15.338559,28.577515,20260930,5000
crypto,INIT_50_C_W3_SELECTIVE,p5_improvement_pp,13.426556,12.441029,14.412082,13.495785,12.150865,14.563787,20260930,5000
crypto,INIT_50_C_W3_SELECTIVE,cvar10_improvement_pp,15.056609,13.888424,16.232203,15.049200,13.324507,16.803530,20260930,5000
crypto,INIT_60_C_W3_SELECTIVE,return_delta_pp,12.827998,-0.748014,31.652668,5.434676,-1.694696,42.137335,20260930,5000
crypto,INIT_60_C_W3_SELECTIVE,mdd_improvement_pp,18.060598,14.105913,20.923826,19.152056,12.229513,21.708768,20260930,5000
crypto,INIT_60_C_W3_SELECTIVE,p5_improvement_pp,10.741244,9.952823,11.529666,10.796628,9.720692,11.651030,20260930,5000
crypto,INIT_60_C_W3_SELECTIVE,cvar10_improvement_pp,12.045287,11.110739,12.985763,12.039360,10.659605,13.442824,20260930,5000
crypto,INIT_70_C_W3_SELECTIVE,return_delta_pp,11.464414,0.610473,27.004520,5.036635,0.139004,35.645380,20260930,5000
crypto,INIT_70_C_W3_SELECTIVE,mdd_improvement_pp,13.209878,10.467091,15.033463,14.129079,9.141583,15.439770,20260930,5000
crypto,INIT_70_C_W3_SELECTIVE,p5_improvement_pp,8.055933,7.464617,8.647249,8.097471,7.290519,8.738272,20260930,5000
crypto,INIT_70_C_W3_SELECTIVE,cvar10_improvement_pp,9.033966,8.333054,9.739322,9.029520,7.994704,10.082118,20260930,5000
crypto,BASE_100_FULL_FIRST_W5,return_delta_pp,0,0,0,0,0,0,20260930,5000
crypto,BASE_100_FULL_FIRST_W5,mdd_improvement_pp,0,0,0,0,0,0,20260930,5000
crypto,BASE_100_FULL_FIRST_W5,p5_improvement_pp,0,0,0,0,0,0,20260930,5000
crypto,BASE_100_FULL_FIRST_W5,cvar10_improvement_pp,0,0,0,0,0,0,20260930,5000
crypto,INIT_50_C_W5_FULL_FIRST,return_delta_pp,-17.699032,-28.784111,1.526162,-25.839146,-29.833508,10.715673,20260930,5000
crypto,INIT_50_C_W5_FULL_FIRST,mdd_improvement_pp,18.023753,11.489508,24.529016,18.526199,7.985653,27.056959,20260930,5000
crypto,INIT_50_C_W5_FULL_FIRST,p5_improvement_pp,12.085727,11.355140,12.816315,12.131416,11.051738,13.028339,20260930,5000
crypto,INIT_50_C_W5_FULL_FIRST,cvar10_improvement_pp,12.363003,9.494222,14.625496,12.969291,8.079291,15.434140,20260930,5000
crypto,INIT_60_C_W5_FULL_FIRST,return_delta_pp,-12.231522,-20.011646,2.487016,-19.233335,-20.337400,9.877985,20260930,5000
crypto,INIT_60_C_W5_FULL_FIRST,mdd_improvement_pp,14.162307,9.214589,19.054258,14.618980,6.540276,20.870990,20260930,5000
crypto,INIT_60_C_W5_FULL_FIRST,p5_improvement_pp,9.668582,9.084112,10.253052,9.705133,8.841391,10.422671,20260930,5000
crypto,INIT_60_C_W5_FULL_FIRST,cvar10_improvement_pp,9.890403,7.595378,11.700397,10.375433,6.463432,12.347312,20260930,5000
crypto,INIT_70_C_W5_FULL_FIRST,return_delta_pp,-7.596779,-14.439705,2.852962,-11.858371,-15.075594,8.405222,20260930,5000
crypto,INIT_70_C_W5_FULL_FIRST,mdd_improvement_pp,10.435152,6.939398,13.868751,10.814728,5.032811,15.078343,20260930,5000
crypto,INIT_70_C_W5_FULL_FIRST,p5_improvement_pp,7.251436,6.813084,7.689789,7.278850,6.631043,7.817003,20260930,5000
crypto,INIT_70_C_W5_FULL_FIRST,cvar10_improvement_pp,7.417802,5.696533,8.775298,7.781575,4.847574,9.260484,20260930,5000
crypto,BASE_100_SELECTIVE_W5,return_delta_pp,0,0,0,0,0,0,20260930,5000
crypto,BASE_100_SELECTIVE_W5,mdd_improvement_pp,0,0,0,0,0,0,20260930,5000
crypto,BASE_100_SELECTIVE_W5,p5_improvement_pp,0,0,0,0,0,0,20260930,5000
crypto,BASE_100_SELECTIVE_W5,cvar10_improvement_pp,0,0,0,0,0,0,20260930,5000
crypto,INIT_50_C_W5_SELECTIVE,return_delta_pp,7.810690,-14.449476,33.415369,4.466178,-23.695518,46.005923,20260930,5000
crypto,INIT_50_C_W5_SELECTIVE,mdd_improvement_pp,18.974179,11.031023,26.917336,20.297858,6.723487,28.577515,20260930,5000
crypto,INIT_50_C_W5_SELECTIVE,p5_improvement_pp,13.426556,12.441029,14.412082,13.495785,12.150865,14.563787,20260930,5000
crypto,INIT_50_C_W5_SELECTIVE,cvar10_improvement_pp,13.745085,9.953852,16.232203,15.049200,8.078410,16.803530,20260930,5000
crypto,INIT_60_C_W5_SELECTIVE,return_delta_pp,8.407836,-11.065517,31.179327,5.109699,-18.725388,42.137335,20260930,5000
crypto,INIT_60_C_W5_SELECTIVE,mdd_improvement_pp,14.812087,8.902234,20.721940,15.982313,5.574954,21.708768,20260930,5000
crypto,INIT_60_C_W5_SELECTIVE,p5_improvement_pp,10.741244,9.952823,11.529666,10.796628,9.720692,11.651030,20260930,5000
crypto,INIT_60_C_W5_SELECTIVE,cvar10_improvement_pp,10.996068,7.963081,12.985763,12.039360,6.462728,13.442824,20260930,5000
crypto,INIT_70_C_W5_SELECTIVE,return_delta_pp,7.966623,-7.890817,26.768786,5.021899,-13.822688,35.645380,20260930,5000
crypto,INIT_70_C_W5_SELECTIVE,mdd_improvement_pp,10.842240,6.742788,14.941693,11.792600,4.343993,15.439770,20260930,5000
crypto,INIT_70_C_W5_SELECTIVE,p5_improvement_pp,8.055933,7.464617,8.647249,8.097471,7.290519,8.738272,20260930,5000
crypto,INIT_70_C_W5_SELECTIVE,cvar10_improvement_pp,8.247051,5.972311,9.739322,9.029520,4.847046,10.082118,20260930,5000
combined,BASE_100_FULL_FIRST_W3,return_delta_pp,0,0,0,0,0,0,20260930,5000
combined,BASE_100_FULL_FIRST_W3,mdd_improvement_pp,0,0,0,0,0,0,20260930,5000
combined,BASE_100_FULL_FIRST_W3,p5_improvement_pp,0,0,0,0,0,0,20260930,5000
combined,BASE_100_FULL_FIRST_W3,cvar10_improvement_pp,0,0,0,0,0,0,20260930,5000
combined,INIT_50_C_W3_FULL_FIRST,return_delta_pp,-36.121471,-59.504819,-18.664301,-11.986811,-31.058883,-1.344860,20260930,5000
combined,INIT_50_C_W3_FULL_FIRST,mdd_improvement_pp,15.449547,13.606251,17.344576,14.377042,12.924465,16.103228,20260930,5000
combined,INIT_50_C_W3_FULL_FIRST,p5_improvement_pp,5.817378,4.796919,6.942771,4.117129,3.827916,6.086123,20260930,5000
combined,INIT_50_C_W3_FULL_FIRST,cvar10_improvement_pp,6.479038,5.430402,7.584415,5.250267,4.395117,7.155190,20260930,5000
combined,INIT_60_C_W3_FULL_FIRST,return_delta_pp,-29.618362,-48.982115,-14.672747,-9.625627,-24.403280,0.195132,20260930,5000
combined,INIT_60_C_W3_FULL_FIRST,mdd_improvement_pp,12.237419,10.824401,13.703655,11.358741,10.224250,13.119244,20260930,5000
combined,INIT_60_C_W3_FULL_FIRST,p5_improvement_pp,4.640593,3.819999,5.533728,3.346306,2.957776,4.868899,20260930,5000
combined,INIT_60_C_W3_FULL_FIRST,cvar10_improvement_pp,5.215613,4.349308,6.113981,4.200214,3.516094,5.724152,20260930,5000
combined,INIT_70_C_W3_FULL_FIRST,return_delta_pp,-22.785259,-38.234327,-10.633115,-7.245354,-17.920082,0.595358,20260930,5000
combined,INIT_70_C_W3_FULL_FIRST,mdd_improvement_pp,9.086557,8.026660,10.098260,8.412671,7.582523,10.383526,20260930,5000
combined,INIT_70_C_W3_FULL_FIRST,p5_improvement_pp,3.477735,2.873083,4.124498,2.619982,2.302474,3.651674,20260930,5000
combined,INIT_70_C_W3_FULL_FIRST,cvar10_improvement_pp,3.921121,3.287161,4.612515,3.150160,2.641446,4.293114,20260930,5000
combined,BASE_100_SELECTIVE_W3,return_delta_pp,0,0,0,0,0,0,20260930,5000
combined,BASE_100_SELECTIVE_W3,mdd_improvement_pp,0,0,0,0,0,0,20260930,5000
combined,BASE_100_SELECTIVE_W3,p5_improvement_pp,0,0,0,0,0,0,20260930,5000
combined,BASE_100_SELECTIVE_W3,cvar10_improvement_pp,0,0,0,0,0,0,20260930,5000
combined,INIT_50_C_W3_SELECTIVE,return_delta_pp,-37.460820,-59.912295,-20.102464,-11.607201,-41.228867,-10.075183,20260930,5000
combined,INIT_50_C_W3_SELECTIVE,mdd_improvement_pp,14.411012,12.579807,16.386626,13.124584,11.500205,15.338559,20260930,5000
combined,INIT_50_C_W3_SELECTIVE,p5_improvement_pp,5.690834,4.577380,6.871018,4.091062,3.712761,5.894678,20260930,5000
combined,INIT_50_C_W3_SELECTIVE,cvar10_improvement_pp,6.415026,5.248666,7.656340,4.515590,3.989664,7.195530,20260930,5000
combined,INIT_60_C_W3_SELECTIVE,return_delta_pp,-30.700111,-49.443027,-15.813515,-9.302172,-32.856774,-7.199615,20260930,5000
combined,INIT_60_C_W3_SELECTIVE,mdd_improvement_pp,11.504302,10.037004,12.994825,10.966980,9.120893,12.633363,20260930,5000
combined,INIT_60_C_W3_SELECTIVE,p5_improvement_pp,4.544979,3.669193,5.480814,3.242775,2.967867,4.715743,20260930,5000
combined,INIT_60_C_W3_SELECTIVE,cvar10_improvement_pp,5.152582,4.227410,6.197493,3.612472,3.191732,5.756424,20260930,5000
combined,INIT_70_C_W3_SELECTIVE,return_delta_pp,-23.607423,-38.932416,-11.482654,-6.987692,-24.319586,-4.301790,20260930,5000
combined,INIT_70_C_W3_SELECTIVE,mdd_improvement_pp,8.558327,7.544713,9.607656,8.156140,6.782389,9.454171,20260930,5000
combined,INIT_70_C_W3_SELECTIVE,p5_improvement_pp,3.413985,2.767919,4.143299,2.454637,2.227657,3.536807,20260930,5000
combined,INIT_70_C_W3_SELECTIVE,cvar10_improvement_pp,3.881637,3.155139,4.625510,2.709354,2.393799,4.398622,20260930,5000
combined,BASE_100_FULL_FIRST_W5,return_delta_pp,0,0,0,0,0,0,20260930,5000
combined,BASE_100_FULL_FIRST_W5,mdd_improvement_pp,0,0,0,0,0,0,20260930,5000
combined,BASE_100_FULL_FIRST_W5,p5_improvement_pp,0,0,0,0,0,0,20260930,5000
combined,BASE_100_FULL_FIRST_W5,cvar10_improvement_pp,0,0,0,0,0,0,20260930,5000
combined,INIT_50_C_W5_FULL_FIRST,return_delta_pp,-34.424849,-55.928279,-17.000463,-13.522258,-35.246709,0.832753,20260930,5000
combined,INIT_50_C_W5_FULL_FIRST,mdd_improvement_pp,14.767951,12.935017,16.723945,13.558038,11.396100,15.733404,20260930,5000
combined,INIT_50_C_W5_FULL_FIRST,p5_improvement_pp,5.736302,4.677696,6.859744,4.040145,3.594489,6.086123,20260930,5000
combined,INIT_50_C_W5_FULL_FIRST,cvar10_improvement_pp,6.264541,5.226093,7.383618,5.090392,4.054812,7.155190,20260930,5000
combined,INIT_60_C_W5_FULL_FIRST,return_delta_pp,-28.137127,-46.974368,-13.803640,-10.289712,-34.653199,0.729917,20260930,5000
combined,INIT_60_C_W5_FULL_FIRST,mdd_improvement_pp,11.711434,10.265759,13.212446,10.746898,9.078238,12.678918,20260930,5000
combined,INIT_60_C_W5_FULL_FIRST,p5_improvement_pp,4.581395,3.721372,5.479023,3.232116,2.873982,4.868899,20260930,5000
combined,INIT_60_C_W5_FULL_FIRST,cvar10_improvement_pp,5.054131,4.217146,5.922472,4.072314,3.389435,5.724152,20260930,5000
combined,INIT_70_C_W5_FULL_FIRST,return_delta_pp,-21.571515,-35.904917,-10.024663,-7.284990,-21.612851,0.595358,20260930,5000
combined,INIT_70_C_W5_FULL_FIRST,mdd_improvement_pp,8.704559,7.674460,9.777840,7.984580,6.779920,9.418923,20260930,5000
combined,INIT_70_C_W5_FULL_FIRST,p5_improvement_pp,3.432995,2.797213,4.102895,2.577799,2.156693,3.651674,20260930,5000
combined,INIT_70_C_W5_FULL_FIRST,cvar10_improvement_pp,3.810133,3.191229,4.461434,3.054235,2.628228,4.293114,20260930,5000
combined,BASE_100_SELECTIVE_W5,return_delta_pp,0,0,0,0,0,0,20260930,5000
combined,BASE_100_SELECTIVE_W5,mdd_improvement_pp,0,0,0,0,0,0,20260930,5000
combined,BASE_100_SELECTIVE_W5,p5_improvement_pp,0,0,0,0,0,0,20260930,5000
combined,BASE_100_SELECTIVE_W5,cvar10_improvement_pp,0,0,0,0,0,0,20260930,5000
combined,INIT_50_C_W5_SELECTIVE,return_delta_pp,-35.354567,-55.617092,-18.314110,-11.607201,-37.874677,-7.816055,20260930,5000
combined,INIT_50_C_W5_SELECTIVE,mdd_improvement_pp,13.722603,11.892562,15.712634,12.421231,9.544940,15.003261,20260930,5000
combined,INIT_50_C_W5_SELECTIVE,p5_improvement_pp,5.541618,4.391862,6.782302,4.053469,3.604692,5.777837,20260930,5000
combined,INIT_50_C_W5_SELECTIVE,cvar10_improvement_pp,6.162320,5.064178,7.388395,4.515590,3.731580,7.195530,20260930,5000
combined,INIT_60_C_W5_SELECTIVE,return_delta_pp,-28.874253,-46.942820,-14.749230,-9.302172,-30.135082,-4.804823,20260930,5000
combined,INIT_60_C_W5_SELECTIVE,mdd_improvement_pp,11.055379,9.637242,12.504062,9.870066,8.136414,12.229513,20260930,5000
combined,INIT_60_C_W5_SELECTIVE,p5_improvement_pp,4.422302,3.522882,5.413988,3.219546,2.847176,4.622269,20260930,5000
combined,INIT_60_C_W5_SELECTIVE,cvar10_improvement_pp,4.956543,4.065353,5.956462,3.612472,2.998054,5.756424,20260930,5000
combined,INIT_70_C_W5_SELECTIVE,return_delta_pp,-22.121286,-35.966284,-10.791346,-6.987692,-22.535576,-2.477485,20260930,5000
combined,INIT_70_C_W5_SELECTIVE,mdd_improvement_pp,8.261636,7.226806,9.294738,7.351780,6.102311,9.141583,20260930,5000
combined,INIT_70_C_W5_SELECTIVE,p5_improvement_pp,3.315332,2.674889,4.030322,2.432081,2.225900,3.466702,20260930,5000
combined,INIT_70_C_W5_SELECTIVE,cvar10_improvement_pp,3.739071,3.080232,4.460288,2.709354,2.284087,4.394377,20260930,5000
