group,confirmation_group,window,n,mean_trade_pct,median_trade_pct,win_pct,worst_trade_pct
stocks,confirmed,3,103,3.38,3.82,72.82,-22.36
stocks,unconfirmed,3,1027,1.51,1.86,63.19,-47.68
stocks,confirmed,5,144,3.93,3.97,74.31,-22.36
stocks,unconfirmed,5,986,1.36,1.77,62.58,-47.68
crypto,confirmed,3,14,16.04,10.33,85.71,-9.31
crypto,unconfirmed,3,239,0.98,2.97,63.60,-67.51
crypto,confirmed,5,23,9.42,9.99,73.91,-44.07
crypto,unconfirmed,5,230,1.05,2.95,63.91,-67.51
combined,confirmed,3,117,4.89,4.83,74.36,-22.36
combined,unconfirmed,3,1266,1.41,1.98,63.27,-67.51
combined,confirmed,5,167,4.68,4.40,74.25,-44.07
combined,unconfirmed,5,1216,1.30,1.89,62.83,-67.51