group,policy,n_assets,mean_return_pct,median_return_pct,mean_mdd_pct,median_mdd_pct,mean_win_pct,mean_p5_trade_pct,mean_cvar10_pct,worst_trade_pct,mean_return_delta_vs_100_pp,median_return_delta_vs_100_pp,assets_return_improved_vs_100,assets_mdd_improved_vs_100,mean_mdd_improvement_pp,confirmations
stocks,BASE_100_FULL_FIRST_W3,39,72.48,24.48,-35.66,-31.08,63.77,-10.92,-12.39,-47.68,0.00,0.00,0,0,0.00,0
stocks,INIT_50_C_W3_FULL_FIRST,39,33.93,24.42,-20.88,-17.99,63.69,-5.75,-6.64,-23.84,-38.55,-11.99,13,39,14.77,103
stocks,INIT_60_C_W3_FULL_FIRST,39,40.62,23.98,-23.94,-20.22,63.69,-6.80,-7.76,-28.61,-31.86,-9.63,15,39,11.72,103
stocks,INIT_70_C_W3_FULL_FIRST,39,47.78,23.77,-26.94,-23.22,63.69,-7.83,-8.90,-33.38,-24.70,-7.25,15,39,8.72,103
stocks,BASE_100_FULL_FIRST_W5,39,72.48,24.48,-35.66,-31.08,63.77,-10.92,-12.39,-47.68,0.00,0.00,0,0,0.00,0
stocks,INIT_50_C_W5_FULL_FIRST,39,36.34,24.42,-21.22,-18.84,63.60,-5.84,-6.75,-23.84,-36.14,-11.99,15,39,14.43,144
stocks,INIT_60_C_W5_FULL_FIRST,39,42.71,23.98,-24.20,-22.13,63.60,-6.87,-7.83,-28.61,-29.77,-9.63,15,39,11.46,144
stocks,INIT_70_C_W5_FULL_FIRST,39,49.48,24.71,-27.13,-24.58,63.69,-7.88,-8.95,-33.38,-23.00,-7.25,15,39,8.53,144
crypto,BASE_100_FULL_FIRST_W3,10,19.31,-9.24,-65.90,-70.69,64.61,-24.62,-29.40,-67.51,0.00,0.00,0,0,0.00,0
crypto,INIT_50_C_W3_FULL_FIRST,10,28.79,8.39,-38.74,-42.50,64.61,-12.31,-14.70,-33.76,9.48,13.85,7,10,27.17,15
crypto,INIT_60_C_W3_FULL_FIRST,10,28.68,5.42,-44.75,-49.18,64.61,-14.77,-17.64,-40.51,9.37,12.85,7,10,21.15,15
crypto,INIT_70_C_W3_FULL_FIRST,10,27.71,1.72,-50.51,-53.70,64.61,-17.24,-20.58,-47.26,8.40,10.97,7,10,15.39,15
crypto,BASE_100_FULL_FIRST_W5,10,19.31,-9.24,-65.90,-70.69,64.61,-24.62,-29.40,-67.51,0.00,0.00,0,0,0.00,0
crypto,INIT_50_C_W5_FULL_FIRST,10,26.46,9.53,-42.71,-42.91,64.61,-12.84,-16.28,-43.42,7.14,8.51,6,10,23.19,24
crypto,INIT_60_C_W5_FULL_FIRST,10,26.49,8.07,-47.72,-49.18,64.61,-15.09,-18.83,-43.55,7.18,8.15,6,10,18.19,24
crypto,INIT_70_C_W5_FULL_FIRST,10,25.84,8.49,-52.58,-53.70,64.61,-17.45,-21.39,-47.26,6.53,7.15,6,10,13.32,24
combined,BASE_100_FULL_FIRST_W3,49,61.63,21.13,-41.83,-35.25,63.94,-13.72,-15.86,-67.51,0.00,0.00,0,0,0.00,0
combined,INIT_50_C_W3_FULL_FIRST,49,32.88,18.47,-24.53,-21.17,63.88,-7.09,-8.29,-33.76,-28.75,-4.04,20,49,17.30,118
combined,INIT_60_C_W3_FULL_FIRST,49,38.19,21.70,-28.18,-23.17,63.88,-8.43,-9.77,-40.51,-23.44,-3.02,22,49,13.65,118
combined,INIT_70_C_W3_FULL_FIRST,49,43.68,23.43,-31.75,-26.26,63.88,-9.75,-11.29,-47.26,-17.95,-2.10,22,49,10.08,118
combined,BASE_100_FULL_FIRST_W5,49,61.63,21.13,-41.83,-35.25,63.94,-13.72,-15.86,-67.51,0.00,0.00,0,0,0.00,0
combined,INIT_50_C_W5_FULL_FIRST,49,34.32,20.04,-25.61,-22.39,63.80,-7.27,-8.69,-43.42,-27.31,-4.93,21,49,16.22,168
combined,INIT_60_C_W5_FULL_FIRST,49,39.40,21.70,-29.00,-23.96,63.80,-8.54,-10.07,-43.55,-22.23,-3.80,21,49,12.83,168
combined,INIT_70_C_W5_FULL_FIRST,49,44.65,20.92,-32.32,-26.26,63.88,-9.84,-11.49,-47.26,-16.98,-2.74,21,49,9.51,168