rank,candidate_id,v2_tag,complexity,conditions,n,n_2023,n_2024,n_2025,mean10_pct,median10_pct,win10_pct,mean5_pct,mean20_pct,mfe10_pct,mae10_pct,mean10_2023_pct,mean10_2024_pct,mean10_2025_pct,lcb90_10_pct,ucb90_10_pct,matched_n,matched_diff10_pct,year_strat_perm_p,display_bh_q,ranking_score
1,S001,,3,anomaly.net5>0 AND anomaly.slope3>0 AND impbars3>=2,15,8,4,3,-3.515,-2.677,33.333,-1.166,-2.079,4.187,-7.035,-3.517,-0.680,-7.288,-5.901,-1.129,7,-8.328,0.00025,0.00417,0.034218
2,S002,,4,trend.net1>0 AND capital.pos5>=3 AND anomaly>=L AND bullbars5>=3,20,12,5,3,-2.145,-1.603,40.000,-0.588,-0.482,4.627,-5.573,-1.981,-1.363,-4.103,-4.098,-0.192,4,-7.758,0.00075,0.00489,0.027267
3,S003,,5,trend.net5<0 AND momentum>=L AND accel.pos3>=2 AND accel.slope5<0 AND accel.pos5>=3,16,4,8,4,-2.823,-4.291,31.250,-1.485,-3.654,2.598,-5.635,-2.184,-3.451,-2.205,-5.204,-0.441,12,-3.955,0.00050,0.00489,0.026457
4,S004,,5,trend.slope5<0 AND momentum>=L AND accel.pos3>=2 AND accel.slope5<0 AND accel.pos5>=3,17,4,8,5,-2.719,-4.704,29.412,-0.821,-3.414,2.862,-5.557,-2.017,-2.685,-3.334,-4.976,-0.461,14,-3.795,0.00025,0.00417,0.025994
5,S005,,4,trend.net1>0 AND capital.pos5>=3 AND anomaly=LONG AND bullbars5>=3,19,11,5,3,-2.098,-1.008,42.105,-0.556,-0.584,4.836,-5.534,-1.885,-1.363,-4.103,-4.155,-0.041,4,-7.758,0.00150,0.00489,0.025899
6,S006,SELL_A,3,trend=GRAY AND accel.pos5>=3 AND bullbars3>=2,15,3,3,9,-2.066,-3.914,40.000,-0.759,-2.176,3.551,-5.526,-4.013,-1.825,-1.497,-4.511,0.379,8,-5.756,0.02124,0.02124,0.023171
7,S007,,5,trend.net3<0 AND momentum>=L AND accel.net1<0 AND accel.pos5>=3 AND bullbars3>=2,21,7,7,7,-2.094,-3.663,42.857,-1.078,-1.710,3.477,-5.773,-1.235,-2.842,-2.204,-4.193,0.005,13,-5.570,0.00175,0.00489,0.023070
8,S008,,4,trend.net5<0 AND momentum>=L AND accel.net1<0 AND accel.pos5>=3,16,3,8,5,-2.504,-4.291,31.250,-1.297,-3.802,3.050,-5.353,-4.013,-1.606,-3.035,-4.908,-0.100,11,-3.931,0.00500,0.00714,0.023027
9,S009,,4,trend.net1>0 AND capital.pos5>=3 AND anomaly>=L AND anomaly.net1>0,22,14,5,3,-1.882,-0.524,45.455,-0.658,-0.745,4.534,-5.423,-1.591,-1.363,-4.103,-3.679,-0.085,5,-6.456,0.00075,0.00489,0.022712
10,S010,,5,trend.net3<0 AND momentum>=L AND accel.net1<0 AND accel.pos5>=3 AND anomaly=GRAY,19,6,7,6,-2.159,-4.704,42.105,-0.952,-2.184,3.644,-5.994,-2.658,-0.966,-3.054,-4.530,0.211,13,-5.570,0.00325,0.00570,0.022434
11,S011,,4,momentum.slope3>0 AND anomaly.net5>0 AND anomaly.slope3>0 AND anomaly.slope5>0,16,8,4,4,-2.502,-1.760,37.500,-1.064,0.027,3.376,-6.185,-3.479,-0.232,-2.816,-4.822,-0.181,7,-6.723,0.00150,0.00489,0.022424
12,S012,,3,trend.slope5<0 AND accel=GRAY AND accel.pos5>=3,16,3,8,5,-2.238,-3.769,31.250,-0.950,-1.277,3.219,-5.901,-1.935,-2.635,-1.787,-4.657,0.180,13,-4.171,0.00550,0.00756,0.022354
13,S013,,4,trend.net1>0 AND capital.pos5>=3 AND anomaly.net1>0 AND bull_now>=4,22,14,5,3,-1.763,-0.229,45.455,-0.517,-0.777,4.657,-5.201,-1.404,-1.363,-4.103,-3.560,0.034,5,-6.456,0.00075,0.00489,0.021699
14,S014,,5,trend.net3<0 AND capital>=L AND accel.net1<0 AND anomaly=GRAY AND bullbars5>=3,15,6,5,4,-2.420,-2.592,33.333,-0.007,-1.733,3.668,-5.638,-1.166,-3.231,-3.286,-4.556,-0.283,13,-4.553,0.00225,0.00489,0.021533
15,S015,,4,trend.net1>0 AND capital.pos5>=3 AND anomaly=LONG AND anomaly.net1>0,21,13,5,3,-1.827,-0.040,47.619,-0.632,-0.850,4.719,-5.380,-1.480,-1.363,-4.103,-3.709,0.055,5,-6.456,0.00125,0.00489,0.021499
16,S016,,4,trend.net1>0 AND capital.pos5>=3 AND anomaly.net1>0 AND bullbars3>=2,19,10,6,3,-2.410,-0.890,31.579,-0.668,-0.565,4.307,-5.551,-2.926,-1.259,-2.994,-4.240,-0.581,6,-4.146,0.00025,0.00417,0.021180
17,S017,,3,capital.pos3>=2 AND anomaly=LONG AND bullbars5>=3,27,14,10,3,-1.782,-0.385,44.444,-0.453,0.087,3.908,-4.995,-1.864,-0.347,-6.179,-3.217,-0.346,7,-6.486,0.00025,0.00417,0.021119
18,S018,,5,trend.net1>0 AND capital.pos5>=3 AND anomaly.net1>0 AND bullbars3>=2 AND bullbars5>=3,18,9,6,3,-2.521,-0.949,33.333,-0.811,-0.639,4.359,-5.779,-3.205,-1.259,-2.994,-4.446,-0.597,6,-4.146,0.00125,0.00489,0.020945
19,S019,,5,trend.net5<0 AND accel.pos3>=2 AND accel.slope5<0 AND accel.pos5>=3 AND anomaly=GRAY,22,6,12,4,-2.093,-2.806,40.909,-1.311,-2.243,2.634,-5.368,-2.082,-2.050,-2.236,-3.907,-0.278,16,-3.056,0.00150,0.00489,0.020917
20,S020,,5,trend.net5<0 AND momentum>=L AND accel.pos3>=2 AND accel.pos5>=3 AND anomaly=GRAY,19,5,9,5,-2.327,-3.879,36.842,-1.068,-3.230,3.031,-5.240,-1.723,-2.506,-2.609,-4.467,-0.186,16,-2.897,0.00200,0.00489,0.020610
21,S021,,3,capital.pos3>=2 AND anomaly>=L AND bullbars5>=3,29,16,10,3,-1.618,-0.385,44.828,-0.466,0.062,3.837,-4.961,-1.558,-0.347,-6.179,-2.998,-0.238,7,-6.486,0.00025,0.00417,0.020390
22,S022,,5,capital.net5<0 AND capital.pos3>=2 AND accel>=L AND accel.net5>0 AND bullbars5>=3,15,4,6,5,-2.522,-3.644,33.333,-0.958,-2.509,3.208,-6.134,-1.785,-2.402,-3.257,-4.469,-0.575,13,-1.784,0.00175,0.00489,0.020388
23,S023,,5,trend.slope5<0 AND accel.pos3>=2 AND accel.slope5<0 AND accel.pos5>=3 AND anomaly=GRAY,24,6,13,5,-2.102,-2.698,37.500,-0.916,-1.704,2.769,-5.298,-1.971,-1.680,-3.359,-3.775,-0.430,18,-3.032,0.00075,0.00489,0.020364
24,S024,,4,trend.net1>0 AND capital.pos3>=2 AND anomaly.net1>0 AND bullbars5>=3,22,12,6,4,-2.208,-0.949,36.364,-0.536,-0.209,4.156,-5.382,-2.261,-1.259,-3.473,-3.880,-0.536,9,-3.912,0.00075,0.00489,0.020249
25,S025,,4,trend.slope5<0 AND accel=GRAY AND accel.pos5>=3 AND anomaly=GRAY,16,3,8,5,-2.075,-3.752,31.250,-0.702,-1.172,3.242,-5.880,-1.935,-2.307,-1.787,-4.495,0.345,14,-3.792,0.00400,0.00667,0.020135
26,S026,,4,accel.net3>0 AND accel.pos3>=2 AND anomaly.net3>0 AND bullbars3>=2,15,9,3,3,-2.348,-2.198,40.000,-0.406,0.081,3.467,-5.543,-1.468,-1.753,-5.585,-4.643,-0.053,12,-3.879,0.00175,0.00489,0.020066
27,S027,,4,trend.slope3>0 AND anomaly.slope3>0 AND bull_now>=4 AND impbars3>=2,15,8,3,4,-2.197,-1.008,46.667,-0.600,-2.177,4.395,-6.116,-2.522,-1.961,-1.725,-4.611,0.217,9,-4.846,0.00425,0.00674,0.020065
28,S028,,4,trend.net5<0 AND momentum>=L AND accel.pos3>=2 AND accel.pos5>=3,21,5,10,6,-2.127,-3.355,38.095,-0.993,-2.697,3.003,-4.996,-1.723,-2.590,-1.692,-4.104,-0.150,16,-2.897,0.00200,0.00489,0.020031
29,S029,,4,capital.net5<0 AND accel.net5>0 AND accel.pos5>=3 AND bullbars5>=3,19,5,9,5,-2.122,-2.322,31.579,-0.928,-1.367,3.072,-5.912,-1.486,-2.337,-2.372,-3.728,-0.517,17,-2.887,0.00450,0.00692,0.019926
30,S030,,4,trend.slope5<0 AND accel=GRAY AND accel.pos5>=3 AND bullbars5>=3,15,3,7,5,-2.109,-3.355,33.333,-0.772,-1.564,3.424,-5.945,-1.935,-2.413,-1.787,-4.684,0.467,13,-4.171,0.01025,0.01056,0.019813
31,S031,SELL_B,3,capital.slope5<0 AND momentum>=L AND anomaly.net1<0,15,6,4,5,-1.969,-1.752,26.667,-1.489,-1.387,3.028,-5.995,-1.297,-1.919,-2.816,-3.695,-0.244,6,-3.950,0.01075,0.01097,0.019770
32,S032,,4,capital=LONG AND momentum=LONG AND momentum.pos5>=3 AND anomaly=GRAY,17,6,5,6,-1.717,-1.370,29.412,-0.182,0.401,3.409,-5.165,-2.205,-2.049,-0.953,-3.785,0.350,9,-6.366,0.01125,0.01136,0.019625
33,S033,,4,trend.net3<0 AND momentum>=L AND accel.net1<0 AND accel.pos5>=3,22,7,8,7,-1.554,-3.509,45.455,-0.718,-1.320,3.770,-5.537,-1.235,-1.264,-2.204,-3.743,0.636,13,-5.570,0.00750,0.00824,0.019598
34,S034,,3,momentum.slope3>0 AND anomaly.net5>0 AND anomaly.slope3>0,17,9,4,4,-2.348,-1.028,41.176,-0.919,0.706,3.594,-5.956,-3.080,-0.232,-2.816,-4.542,-0.153,8,-5.589,0.00175,0.00489,0.019559
35,S035,,4,capital=LONG AND momentum=LONG AND accel.pos5>=3 AND anomaly=GRAY,17,6,5,6,-1.705,-1.370,29.412,-0.245,0.252,3.378,-5.126,-2.205,-2.008,-0.953,-3.774,0.364,9,-6.336,0.00975,0.01026,0.019530
36,S036,,5,capital=LONG AND momentum=LONG AND momentum.pos5>=3 AND anomaly=GRAY AND bull_now>=4,15,6,5,4,-1.854,-1.639,33.333,-0.175,0.896,3.566,-5.386,-2.205,-2.049,-1.085,-4.201,0.492,9,-6.366,0.00875,0.00951,0.019430
37,S037,,3,trend.net3<0 AND capital>=L AND momentum.slope5>0,16,7,5,4,-2.241,-1.540,31.250,0.485,-1.480,4.026,-5.119,-0.584,-1.499,-6.068,-4.074,-0.408,12,-4.266,0.00325,0.00570,0.019422
38,S038,,4,trend.pos3>=2 AND capital.net5<0 AND accel.net5>0 AND accel.pos5>=3,15,4,7,4,-2.332,-2.848,33.333,-0.594,-1.064,3.397,-5.934,-1.785,-2.390,-2.779,-4.254,-0.410,13,-1.928,0.00325,0.00570,0.019307
39,S039,,4,capital.net5<0 AND accel>=L AND accel.net5>0 AND bullbars3>=2,15,4,7,4,-2.350,-2.848,33.333,-0.923,-2.200,3.180,-5.975,-1.785,-2.390,-2.844,-4.276,-0.423,13,-1.892,0.00375,0.00646,0.019303
40,S040,,5,capital=LONG AND momentum=LONG AND accel.pos5>=3 AND anomaly=GRAY AND bull_now>=4,15,6,5,4,-1.841,-1.639,33.333,-0.246,0.727,3.531,-5.342,-2.205,-2.008,-1.085,-4.189,0.507,9,-6.336,0.00900,0.00968,0.019271
41,S041,,4,trend.net3>0 AND anomaly.slope3>0 AND bull_now>=4 AND impbars3>=2,15,8,3,4,-2.304,-1.008,46.667,-0.538,-2.032,4.461,-6.240,-2.723,-1.961,-1.725,-4.739,0.130,11,-3.801,0.00150,0.00489,0.018609
42,S042,,4,capital.pos3>=2 AND anomaly.net1>0 AND bull_now>=4 AND bullbars5>=3,28,14,10,4,-1.690,-0.212,46.429,-0.478,-0.046,3.929,-4.922,-1.864,-0.347,-4.442,-3.082,-0.299,8,-5.672,0.00075,0.00489,0.018455
43,S043,,3,capital.slope5>0 AND momentum=LONG AND anomaly.net3>0,18,10,5,3,-2.172,-1.614,33.333,-0.181,-0.931,4.392,-5.580,-1.984,-1.249,-4.335,-4.688,0.345,8,-4.390,0.00200,0.00489,0.018288
44,S044,,5,capital.net5<0 AND momentum.pos3>=2 AND accel>=L AND accel.net5>0 AND bullbars5>=3,21,5,9,7,-2.095,-2.848,28.571,-0.928,-1.853,3.155,-5.844,-1.486,-2.990,-1.380,-3.726,-0.465,18,-2.313,0.00225,0.00489,0.018280
45,S045,,4,capital.pos3>=2 AND anomaly=LONG AND anomaly.net3>0 AND bullbars5>=3,25,12,10,3,-2.042,-1.008,40.000,-0.303,0.121,3.994,-4.885,-2.420,-0.347,-6.179,-3.520,-0.564,9,-4.280,0.00050,0.00489,0.018198
46,S046,,4,trend.net3<0 AND capital>=L AND accel.net1<0 AND anomaly=GRAY,22,9,7,6,-1.952,-1.667,36.364,-0.269,-0.499,3.405,-5.148,-0.572,-2.135,-3.807,-3.529,-0.374,15,-4.129,0.00225,0.00489,0.018187
47,S047,,4,trend.pos3>=2 AND capital.net5<0 AND accel.net5>0 AND bull_now>=2,17,4,7,6,-2.144,-3.644,35.294,-0.631,-1.678,3.509,-5.784,-1.785,-2.914,-1.485,-4.106,-0.182,14,-2.072,0.00625,0.00794,0.018089
48,S048,,5,trend.slope5<0 AND momentum>=L AND accel.pos3>=2 AND accel.slope5<0 AND anomaly=GRAY,19,6,8,5,-2.141,-3.663,26.316,-0.234,-2.344,3.883,-5.470,-1.889,-2.685,-1.573,-4.468,0.186,17,-2.928,0.00250,0.00521,0.018038
49,S049,,4,capital.net5<0 AND accel>=L AND accel.net5>0 AND bullbars5>=3,22,5,10,7,-1.914,-2.585,31.818,-0.841,-1.634,3.134,-5.665,-1.486,-2.501,-1.380,-3.497,-0.331,19,-2.464,0.00250,0.00521,0.017935
50,S050,,5,trend.net1>0 AND capital.pos5>=3 AND anomaly.net1>0 AND bull_now>=2 AND bullbars5>=3,23,12,6,5,-1.804,-0.890,39.130,-0.514,0.129,4.308,-5.263,-1.981,-1.259,-2.031,-3.540,-0.067,7,-4.340,0.00125,0.00489,0.017817
51,S051,,4,capital.net5<0 AND momentum.pos3>=2 AND accel.net5>0 AND bull_now>=2,17,4,7,6,-2.142,-3.644,35.294,-0.411,-1.785,3.576,-5.796,-1.785,-2.914,-1.479,-4.105,-0.178,14,-1.865,0.00300,0.00570,0.017736
52,S052,,4,capital.net5<0 AND capital.pos3>=2 AND accel.net5>0 AND bull_now>=2,15,4,6,5,-2.114,-3.644,40.000,-0.747,-2.417,3.572,-6.017,-1.785,-1.380,-3.257,-4.256,0.029,12,-2.434,0.00700,0.00814,0.017484
53,S053,,5,trend.slope5<0 AND accel=GRAY AND accel.pos5>=3 AND anomaly=GRAY AND bullbars5>=3,15,3,7,5,-1.934,-3.321,33.333,-0.508,-1.452,3.448,-5.922,-1.935,-2.039,-1.787,-4.509,0.641,14,-3.792,0.01000,0.01041,0.017481
54,S054,,4,capital.net5<0 AND capital.pos3>=2 AND accel.net5>0 AND bullbars5>=3,16,4,6,6,-2.111,-3.246,37.500,-0.827,-2.019,3.279,-5.965,-1.785,-2.402,-2.037,-4.054,-0.167,14,-1.521,0.00650,0.00794,0.017366
55,S055,,5,trend.net1>0 AND capital.pos5>=3 AND anomaly.net1>0 AND bull_now>=3 AND bullbars5>=3,22,11,6,5,-1.747,-0.813,40.909,-0.483,0.069,4.474,-5.215,-1.885,-1.259,-2.031,-3.562,0.067,7,-4.340,0.00200,0.00489,0.017029
56,S056,,4,capital.slope5>0 AND accel.pos3>=2 AND anomaly.net3>0 AND bullbars3>=2,19,11,5,3,-2.068,-1.370,36.842,-0.065,-0.055,4.104,-5.418,-1.583,-1.249,-5.210,-4.416,0.280,11,-3.926,0.00200,0.00489,0.016752
57,S057,,4,capital.net5<0 AND momentum>=L AND accel.net5>0 AND bullbars3>=2,15,4,6,5,-2.057,-2.848,40.000,-0.911,-2.016,3.344,-6.005,-1.785,-2.735,-1.462,-4.100,-0.015,13,-2.208,0.00650,0.00794,0.016606
58,S058,,4,trend.net1>0 AND capital.pos5>=3 AND anomaly.net1>0 AND bull_now>=2,26,15,6,5,-1.554,-0.577,42.308,-0.485,-0.116,4.219,-5.013,-1.513,-1.259,-2.031,-3.104,-0.004,8,-3.953,0.00150,0.00489,0.016565
59,S059,,4,trend.pos3>=2 AND capital.net5<0 AND accel>=L AND accel.net5>0,18,4,8,6,-2.042,-3.246,33.333,-0.543,-1.441,3.419,-5.628,-1.785,-2.589,-1.485,-3.900,-0.185,15,-1.533,0.00425,0.00674,0.016536
60,S060,,4,momentum.slope3<0 AND accel>=L AND accel.slope3<0 AND bull_now>=3,15,3,6,6,-2.130,-3.644,33.333,-0.411,-1.533,3.428,-4.934,-1.260,-3.160,-1.535,-4.218,-0.042,11,-1.958,0.00675,0.00794,0.016519
61,S061,,4,capital.pos3>=2 AND anomaly>=L AND anomaly.net3>0 AND bullbars5>=3,26,13,10,3,-1.802,-0.696,42.308,-0.294,0.038,4.037,-4.800,-1.910,-0.347,-6.179,-3.275,-0.328,9,-4.280,0.00050,0.00489,0.016462
62,S062,,4,capital.net3<0 AND accel.slope3>0 AND accel.pos3>=2 AND bull_now>=2,19,4,10,5,-1.911,-2.198,26.316,0.383,-0.407,3.185,-4.963,-0.226,-1.653,-3.774,-3.414,-0.407,15,-3.431,0.00400,0.00667,0.016314
63,S063,,5,trend.net5<0 AND momentum>=L AND accel.pos5>=3 AND anomaly=GRAY AND bullbars3>=2,22,5,12,5,-1.940,-2.265,36.364,-0.736,-2.156,3.416,-4.920,-1.723,-1.752,-2.609,-3.879,-0.002,19,-2.198,0.00225,0.00489,0.016181
64,S064,,4,capital.net5<0 AND accel.net5>0 AND accel.pos5>=3 AND bull_now>=2,15,4,7,4,-1.921,-2.848,40.000,-0.134,-1.094,3.836,-5.832,-1.785,-1.515,-2.770,-4.036,0.193,12,-2.365,0.00575,0.00756,0.015964
65,S065,,4,trend.net1>0 AND capital.pos5>=3 AND anomaly.net1>0 AND bull_now>=3,25,14,6,5,-1.495,-0.418,44.000,-0.457,-0.179,4.361,-4.961,-1.404,-1.259,-2.031,-3.105,0.115,8,-3.953,0.00150,0.00489,0.015780
66,S066,,5,capital.net3<0 AND accel.slope3>0 AND accel.pos3>=2 AND accel.pos5>=3 AND bullbars5>=3,21,5,10,6,-1.849,-1.767,23.810,-0.220,-0.500,2.962,-5.262,-0.238,-1.799,-3.275,-3.260,-0.439,18,-3.571,0.00325,0.00570,0.015778
67,S067,,5,trend.pos5>=3 AND capital.net3<0 AND accel.slope3>0 AND accel.pos3>=2 AND bull_now>=2,18,4,9,5,-1.917,-2.260,27.778,0.329,-0.116,3.222,-5.112,-0.226,-1.637,-3.774,-3.506,-0.327,14,-3.483,0.00575,0.00756,0.015579
68,S068,,5,capital.net5<0 AND capital.pos5>=3 AND accel.net5>0 AND accel.pos5>=3 AND bullbars5>=3,17,5,8,4,-1.949,-0.783,35.294,-1.071,-1.516,3.096,-5.251,-1.486,-2.339,-1.747,-3.726,-0.171,16,-2.636,0.00525,0.00739,0.015546
69,S069,,4,capital.net5<0 AND momentum>=L AND accel.pos3>=2 AND anomaly.slope5<0,15,5,6,4,-2.396,-4.704,33.333,-2.370,-2.555,3.226,-7.630,-5.674,-0.857,-0.609,-4.743,-0.050,10,-1.629,0.00325,0.00570,0.015511
70,S070,,3,capital.net5<0 AND accel.net5>0 AND bullbars3>=2,16,4,7,5,-1.949,-2.585,37.500,-0.794,-1.729,3.253,-5.816,-1.785,-2.390,-1.462,-3.868,-0.030,14,-1.621,0.00975,0.01026,0.015475
71,S071,,4,capital.net3<0 AND accel.net3>0 AND accel.pos3>=2 AND bullbars5>=3,19,5,8,6,-1.831,-1.767,21.053,-0.318,-0.879,2.711,-5.435,-0.238,-1.743,-3.275,-3.266,-0.396,16,-3.297,0.00475,0.00709,0.015461
72,S072,,4,capital.net3<0 AND accel.net3>0 AND accel.pos3>=2 AND bull_now>=2,17,4,8,5,-1.897,-2.198,23.529,0.344,-0.820,2.931,-5.121,-0.226,-1.560,-3.774,-3.434,-0.360,13,-3.071,0.00625,0.00794,0.015297
73,S073,,5,trend.net3<0 AND momentum>=L AND accel.pos5>=3 AND anomaly=GRAY AND bullbars3>=2,27,10,10,7,-1.830,-1.478,40.741,-0.688,-1.681,3.695,-5.570,-0.594,-3.100,-1.781,-3.555,-0.105,22,-3.668,0.00100,0.00489,0.015281
74,S074,,4,trend.pos3>=2 AND capital.net3<0 AND accel.net3>0 AND bull_now>=2,16,4,7,5,-1.949,-2.260,25.000,0.311,-0.512,2.976,-5.280,-0.226,-1.630,-3.774,-3.594,-0.304,12,-3.102,0.00750,0.00824,0.015209
75,S075,SELL_C,3,momentum=LONG AND anomaly.net3>0 AND bullbars3>=2,20,12,5,3,-2.217,-1.614,35.000,-0.403,0.331,3.805,-5.574,-1.427,-1.249,-6.985,-4.428,-0.005,11,-1.978,0.00025,0.00417,0.015161
76,S076,,4,trend.net1>0 AND capital.pos5>=3 AND anomaly.net1>0 AND bullbars5>=3,24,13,6,5,-1.552,-0.813,41.667,-0.390,0.226,4.356,-5.074,-1.503,-1.259,-2.031,-3.265,0.161,8,-3.517,0.00325,0.00570,0.015129
77,S077,,4,capital.net3<0 AND accel.slope3>0 AND accel.pos5>=3 AND bull_now>=2,17,4,8,5,-1.838,-2.198,29.412,0.463,-0.114,3.337,-5.078,-0.226,-1.434,-3.774,-3.518,-0.158,14,-3.483,0.00750,0.00824,0.015084
78,S078,,3,capital.net5<0 AND momentum.pos3>=2 AND accel.net5>0,22,5,9,8,-1.815,-2.585,31.818,-0.834,-1.526,3.210,-5.734,-1.486,-2.990,-0.699,-3.436,-0.194,19,-2.091,0.00500,0.00714,0.014808
79,S079,,5,capital.net3<0 AND momentum>=L AND accel.slope3>0 AND accel.pos3>=2 AND bull_now>=2,18,4,9,5,-1.836,-1.998,27.778,0.512,-0.421,3.292,-4.923,-0.226,-1.475,-3.774,-3.420,-0.252,15,-3.431,0.00575,0.00756,0.014750
80,S080,,4,trend.net5<0 AND accel.pos3>=2 AND accel.slope5<0 AND accel.pos5>=3,25,7,13,5,-1.628,-1.733,44.000,-1.065,-1.565,2.774,-4.963,-0.955,-2.151,-1.210,-3.334,0.078,16,-3.056,0.00200,0.00489,0.014741
81,S081,,5,trend.net5<0 AND accel.pos3>=2 AND accel.slope5<0 AND accel.pos5>=3 AND bullbars3>=2,20,7,9,4,-1.797,-2.544,40.000,-0.929,-1.826,3.039,-4.870,-0.955,-2.271,-2.205,-3.856,0.261,14,-3.189,0.00225,0.00489,0.014740
82,S082,,5,trend.pos5>=3 AND capital.net3<0 AND accel.slope3>0 AND accel.slope5>0 AND bullbars5>=3,20,5,10,5,-1.663,-1.983,25.000,-0.213,0.084,2.930,-5.089,-0.238,-1.448,-3.518,-3.044,-0.282,15,-3.435,0.00575,0.00756,0.014658
83,S083,,5,trend.pos5>=3 AND capital.net3<0 AND accel.net3>0 AND accel.pos3>=2 AND bull_now>=2,16,4,7,5,-1.904,-2.260,25.000,0.282,-0.518,2.957,-5.298,-0.226,-1.526,-3.774,-3.540,-0.267,12,-3.102,0.00650,0.00794,0.014504
84,S084,,4,capital.net3<0 AND accel.slope3>0 AND bull_now>=2 AND bullbars5>=3,19,4,9,6,-1.708,-2.198,31.579,0.418,0.180,3.261,-4.925,-0.226,-1.718,-2.680,-3.272,-0.143,15,-3.287,0.00675,0.00794,0.014451
85,S085,,3,capital.net3<0 AND accel.net3>0 AND bullbars5>=3,21,5,9,7,-1.642,-1.767,23.810,-0.170,-0.612,2.811,-5.216,-0.238,-1.992,-2.196,-3.037,-0.248,17,-3.033,0.00675,0.00794,0.014428
86,S086,,4,trend.slope5<0 AND accel.pos3>=2 AND accel.slope5<0 AND accel.pos5>=3,26,7,13,6,-1.606,-1.471,42.308,-0.647,-1.488,2.940,-4.937,-0.860,-1.680,-2.316,-3.253,0.041,18,-3.032,0.00275,0.00550,0.014254
87,S087,,4,capital.net5<0 AND momentum>=L AND accel.net5>0 AND bull_now>=2,18,4,8,6,-1.768,-3.246,38.889,-0.044,-1.298,3.860,-5.498,-1.785,-1.977,-1.479,-3.719,0.182,13,-1.477,0.00750,0.00824,0.014244
88,S088,,5,trend.slope5<0 AND accel.net1<0 AND accel.pos3>=2 AND accel.pos5>=3 AND anomaly=GRAY,26,5,16,5,-1.600,-2.698,38.462,-0.700,-1.431,3.086,-4.910,-3.159,-0.656,-3.060,-3.367,0.168,17,-3.239,0.00225,0.00489,0.014220
89,S089,,3,momentum=LONG AND anomaly.net3>0 AND anomaly.slope5>0,19,11,5,3,-1.844,-1.858,36.842,-0.331,-0.413,4.113,-5.474,-1.333,-1.249,-4.709,-4.305,0.617,8,-3.063,0.00125,0.00489,0.014184
90,S090,,4,trend.slope5<0 AND momentum>=L AND accel.pos3>=2 AND accel.slope5<0,20,6,8,6,-1.889,-2.662,30.000,-0.103,-2.393,3.891,-5.227,-1.889,-2.685,-0.829,-4.136,0.357,17,-2.928,0.00275,0.00550,0.014149
91,S091,,4,trend.net5<0 AND momentum>=L AND accel.pos5>=3 AND anomaly=GRAY,24,5,12,7,-1.663,-2.265,37.500,-0.409,-1.333,3.606,-5.014,-1.723,-1.752,-1.468,-3.582,0.256,21,-2.128,0.00425,0.00674,0.014140
92,S092,,5,capital.pos3>=2 AND anomaly=LONG AND anomaly.net1>0 AND anomaly.net3>0 AND bullbars5>=3,24,11,10,3,-1.846,-0.696,41.667,-0.038,0.536,4.021,-4.731,-2.026,-0.347,-6.179,-3.349,-0.342,8,-3.308,0.00100,0.00489,0.014133
93,S093,,3,trend.pos5>=3 AND capital.net5<0 AND accel.net5>0,23,5,10,8,-1.654,-2.322,34.783,-0.755,-1.331,3.187,-5.568,-1.486,-2.501,-0.699,-3.225,-0.082,20,-2.245,0.00450,0.00692,0.014122
94,S094,,5,trend.slope3>0 AND capital.pos5>=3 AND anomaly.slope3>0 AND bull_now>=4 AND bullbars5>=3,23,13,7,3,-1.612,-1.008,39.130,0.091,0.152,4.529,-4.769,-1.074,-1.460,-4.297,-3.275,0.051,14,-3.113,0.00125,0.00489,0.014109
95,S095,,3,trend.pos3>=2 AND capital.net3<0 AND accel.net3>0,17,4,8,5,-1.853,-2.198,23.529,0.349,-0.331,2.912,-5.145,-0.226,-1.466,-3.774,-3.406,-0.300,13,-2.401,0.00725,0.00824,0.014090
96,S096,,5,capital.net5<0 AND momentum>=L AND accel>=L AND accel.slope3>0 AND bullbars3>=2,18,4,6,8,-2.024,-2.037,38.889,-0.367,-2.112,3.434,-5.688,-2.352,-1.080,-2.569,-3.945,-0.104,15,-1.997,0.00675,0.00794,0.014072
97,S097,,3,capital.net5<0 AND momentum.pos5>=3 AND accel.net5>0,24,5,11,8,-1.652,-1.973,33.333,-0.727,-1.264,3.121,-5.529,-1.486,-2.422,-0.699,-3.157,-0.147,20,-2.245,0.00475,0.00709,0.014059
98,S098,,3,capital.pos3>=2 AND anomaly=LONG AND anomaly.net3>0,28,15,10,3,-1.602,-0.212,46.429,-0.257,0.115,4.061,-4.647,-1.523,-0.347,-6.179,-2.992,-0.212,9,-3.470,0.00100,0.00489,0.014022
99,S099,,5,trend.slope5<0 AND accel.net1<0 AND accel.pos3>=2 AND accel.pos5>=3 AND bullbars5>=3,23,6,12,5,-1.498,-3.355,34.783,-0.501,-1.214,3.316,-4.706,-1.665,-0.774,-3.035,-3.506,0.510,14,-3.516,0.00500,0.00714,0.014012
100,S100,,5,trend.slope5<0 AND accel.pos3>=2 AND accel.slope5<0 AND anomaly=GRAY AND bullbars3>=2,22,8,9,5,-1.694,-1.697,31.818,-0.092,-1.278,3.956,-5.025,-1.886,-1.590,-1.573,-3.724,0.336,19,-2.472,0.00175,0.00489,0.013836