side,family_a,family_b,exact_jaccard_pct,a_events_within_3d_of_b_pct,b_events_within_3d_of_a_pct
BUY,B-F1,B-F2,3.45,33.33,40
BUY,B-F1,B-F3,0,33.33,37.5
BUY,B-F1,B-F5,7.14,26.67,26.67
BUY,B-F1,B-F6,2.78,60,40.91
BUY,B-F2,B-F3,10.71,40,31.25
BUY,B-F2,B-F5,0,26.67,26.67
BUY,B-F2,B-F6,2.78,46.67,31.82
BUY,B-F3,B-F5,0,25,26.67
BUY,B-F3,B-F6,0,43.75,31.82
BUY,B-F5,B-F6,12.12,66.67,45.45
SELL,S-F1,S-F2,52,87.5,63.64
SELL,S-F1,S-F3,10.71,31.25,33.33
SELL,S-F1,S-F4,0,18.75,20
SELL,S-F1,S-F5,29.17,56.25,60
SELL,S-F1,S-F8,3.23,25,25
SELL,S-F2,S-F3,2.78,18.18,26.67
SELL,S-F2,S-F4,0,13.64,20
SELL,S-F2,S-F5,15.63,36.36,46.67
SELL,S-F2,S-F8,2.7,22.73,31.25
SELL,S-F3,S-F4,0,40,40
SELL,S-F3,S-F5,11.11,26.67,26.67
SELL,S-F3,S-F8,3.33,33.33,37.5
SELL,S-F4,S-F5,0,20,20
SELL,S-F4,S-F8,0,33.33,31.25
SELL,S-F5,S-F8,3.33,20,18.75