id,original_rank,v2_tag,family_id,family_name,mechanism,conditions,n,mean10_pct,median10_pct,win10_pct,mean5_pct,mean20_pct,mfe10_pct,mae10_pct,mean10_2023_pct,mean10_2024_pct,mean10_2025_pct,matched_n,matched_diff_pct,temporal_status,source_decision
S003,3,,S-F1,趋势先弱、动能仍强,趋势已转弱，但动能/加速仍保持强势；属于表面强、趋势先坏。,trend.net5<0 AND momentum>=L AND accel.pos3>=2 AND accel.slope5<0 AND accel.pos5>=3,16,-2.823,-4.291,31.25,-1.485,-3.654,2.598,-5.635,-2.184,-3.451,-2.205,12,-3.955,W3_W5_EXPLICIT,RETAIN_FAMILY_REPRESENTATIVE
S004,4,,S-F1,趋势先弱、动能仍强,趋势已转弱，但动能/加速仍保持强势；属于表面强、趋势先坏。,trend.slope5<0 AND momentum>=L AND accel.pos3>=2 AND accel.slope5<0 AND accel.pos5>=3,17,-2.719,-4.704,29.412,-0.821,-3.414,2.862,-5.557,-2.017,-2.685,-3.334,14,-3.795,W3_W5_EXPLICIT,RETAIN_FAMILY_REPRESENTATIVE
S006,6,SELL_A,S-F5,广泛强势后的失败延续,前期多维持续偏多，但趋势回落/走弱，形成强势后的失败延续。,trend=GRAY AND accel.pos5>=3 AND bullbars3>=2,15,-2.066,-3.914,40,-0.759,-2.176,3.551,-5.526,-4.013,-1.825,-1.497,8,-5.756,W3_W5_EXPLICIT,RETAIN_V2_BASELINE
S019,19,,S-F2,加速衰减/高位失速,加速仍处高位或过去持续偏多，但 W3/W5 斜率开始下行。,trend.net5<0 AND accel.pos3>=2 AND accel.slope5<0 AND accel.pos5>=3 AND anomaly=GRAY,22,-2.093,-2.806,40.909,-1.311,-2.243,2.634,-5.368,-2.082,-2.05,-2.236,16,-3.056,W3_W5_EXPLICIT,RETAIN_FAMILY_REPRESENTATIVE
S020,20,,S-F1,趋势先弱、动能仍强,趋势已转弱，但动能/加速仍保持强势；属于表面强、趋势先坏。,trend.net5<0 AND momentum>=L AND accel.pos3>=2 AND accel.pos5>=3 AND anomaly=GRAY,19,-2.327,-3.879,36.842,-1.068,-3.23,3.031,-5.24,-1.723,-2.506,-2.609,16,-2.897,W3_W5_EXPLICIT,RETAIN_FAMILY_REPRESENTATIVE
S022,22,,S-F3,资金先恶化的内部背离,资金 W3/W5 转弱，而动能、加速或多维表面仍强。,capital.net5<0 AND capital.pos3>=2 AND accel>=L AND accel.net5>0 AND bullbars5>=3,15,-2.522,-3.644,33.333,-0.958,-2.509,3.208,-6.134,-1.785,-2.402,-3.257,13,-1.784,W3_W5_EXPLICIT,RETAIN_FAMILY_REPRESENTATIVE
S023,23,,S-F2,加速衰减/高位失速,加速仍处高位或过去持续偏多，但 W3/W5 斜率开始下行。,trend.slope5<0 AND accel.pos3>=2 AND accel.slope5<0 AND accel.pos5>=3 AND anomaly=GRAY,24,-2.102,-2.698,37.5,-0.916,-1.704,2.769,-5.298,-1.971,-1.68,-3.359,18,-3.032,W3_W5_EXPLICIT,RETAIN_FAMILY_REPRESENTATIVE
S024,24,,S-F4,异动过热/强势末端,异动持续上升且市场仍偏多，历史上更像末端过热而非新起点。,trend.net1>0 AND capital.pos3>=2 AND anomaly.net1>0 AND bullbars5>=3,22,-2.208,-0.949,36.364,-0.536,-0.209,4.156,-5.382,-2.261,-1.259,-3.473,9,-3.912,W3_W5_EXPLICIT,RETAIN_FAMILY_REPRESENTATIVE
S026,26,,S-F4,异动过热/强势末端,异动持续上升且市场仍偏多，历史上更像末端过热而非新起点。,accel.net3>0 AND accel.pos3>=2 AND anomaly.net3>0 AND bullbars3>=2,15,-2.348,-2.198,40,-0.406,0.081,3.467,-5.543,-1.468,-1.753,-5.585,12,-3.879,LONGER_PATH_EXPLICIT,RETAIN_FAMILY_REPRESENTATIVE
S029,29,,S-F3,资金先恶化的内部背离,资金 W3/W5 转弱，而动能、加速或多维表面仍强。,capital.net5<0 AND accel.net5>0 AND accel.pos5>=3 AND bullbars5>=3,19,-2.122,-2.322,31.579,-0.928,-1.367,3.072,-5.912,-1.486,-2.337,-2.372,17,-2.887,LONGER_PATH_EXPLICIT,RETAIN_FAMILY_REPRESENTATIVE
S031,31,SELL_B,S-F3,资金先恶化的内部背离,资金 W3/W5 转弱，而动能、加速或多维表面仍强。,capital.slope5<0 AND momentum>=L AND anomaly.net1<0,15,-1.969,-1.752,26.667,-1.489,-1.387,3.028,-5.995,-1.297,-1.919,-2.816,6,-3.95,LONGER_PATH_EXPLICIT,RETAIN_V2_BASELINE
S037,37,,S-F8,多维复合衰减,多个维度共同恶化，未被单一领先机制完全解释。,trend.net3<0 AND capital>=L AND momentum.slope5>0,16,-2.241,-1.54,31.25,0.485,-1.48,4.026,-5.119,-0.584,-1.499,-6.068,12,-4.266,W3_W5_EXPLICIT,RETAIN_FAMILY_REPRESENTATIVE
S046,46,,S-F8,多维复合衰减,多个维度共同恶化，未被单一领先机制完全解释。,trend.net3<0 AND capital>=L AND accel.net1<0 AND anomaly=GRAY,22,-1.952,-1.667,36.364,-0.269,-0.499,3.405,-5.148,-0.572,-2.135,-3.807,15,-4.129,LONGER_PATH_EXPLICIT,RETAIN_FAMILY_REPRESENTATIVE
S047,47,,S-F3,资金先恶化的内部背离,资金 W3/W5 转弱，而动能、加速或多维表面仍强。,trend.pos3>=2 AND capital.net5<0 AND accel.net5>0 AND bull_now>=2,17,-2.144,-3.644,35.294,-0.631,-1.678,3.509,-5.784,-1.785,-2.914,-1.485,14,-2.072,W3_W5_EXPLICIT,RETAIN_FAMILY_REPRESENTATIVE
S057,57,,S-F3,资金先恶化的内部背离,资金 W3/W5 转弱，而动能、加速或多维表面仍强。,capital.net5<0 AND momentum>=L AND accel.net5>0 AND bullbars3>=2,15,-2.057,-2.848,40,-0.911,-2.016,3.344,-6.005,-1.785,-2.735,-1.462,13,-2.208,W3_W5_EXPLICIT,RETAIN_FAMILY_REPRESENTATIVE
S058,58,,S-F4,异动过热/强势末端,异动持续上升且市场仍偏多，历史上更像末端过热而非新起点。,trend.net1>0 AND capital.pos5>=3 AND anomaly.net1>0 AND bull_now>=2,26,-1.554,-0.577,42.308,-0.485,-0.116,4.219,-5.013,-1.513,-1.259,-2.031,8,-3.953,LONGER_PATH_EXPLICIT,RETAIN_FAMILY_REPRESENTATIVE
S060,60,,S-F2,加速衰减/高位失速,加速仍处高位或过去持续偏多，但 W3/W5 斜率开始下行。,momentum.slope3<0 AND accel>=L AND accel.slope3<0 AND bull_now>=3,15,-2.13,-3.644,33.333,-0.411,-1.533,3.428,-4.934,-1.26,-3.16,-1.535,11,-1.958,LONGER_PATH_EXPLICIT,RETAIN_FAMILY_REPRESENTATIVE
S062,62,,S-F3,资金先恶化的内部背离,资金 W3/W5 转弱，而动能、加速或多维表面仍强。,capital.net3<0 AND accel.slope3>0 AND accel.pos3>=2 AND bull_now>=2,19,-1.911,-2.198,26.316,0.383,-0.407,3.185,-4.963,-0.226,-1.653,-3.774,15,-3.431,LONGER_PATH_EXPLICIT,RETAIN_FAMILY_REPRESENTATIVE
S069,69,,S-F3,资金先恶化的内部背离,资金 W3/W5 转弱，而动能、加速或多维表面仍强。,capital.net5<0 AND momentum>=L AND accel.pos3>=2 AND anomaly.slope5<0,15,-2.396,-4.704,33.333,-2.37,-2.555,3.226,-7.63,-5.674,-0.857,-0.609,10,-1.629,W3_W5_EXPLICIT,RETAIN_FAMILY_REPRESENTATIVE
S071,71,,S-F3,资金先恶化的内部背离,资金 W3/W5 转弱，而动能、加速或多维表面仍强。,capital.net3<0 AND accel.net3>0 AND accel.pos3>=2 AND bullbars5>=3,19,-1.831,-1.767,21.053,-0.318,-0.879,2.711,-5.435,-0.238,-1.743,-3.275,16,-3.297,W3_W5_EXPLICIT,RETAIN_FAMILY_REPRESENTATIVE
S073,73,,S-F1,趋势先弱、动能仍强,趋势已转弱，但动能/加速仍保持强势；属于表面强、趋势先坏。,trend.net3<0 AND momentum>=L AND accel.pos5>=3 AND anomaly=GRAY AND bullbars3>=2,27,-1.83,-1.478,40.741,-0.688,-1.681,3.695,-5.57,-0.594,-3.1,-1.781,22,-3.668,W3_W5_EXPLICIT,RETAIN_FAMILY_REPRESENTATIVE
S074,74,,S-F3,资金先恶化的内部背离,资金 W3/W5 转弱，而动能、加速或多维表面仍强。,trend.pos3>=2 AND capital.net3<0 AND accel.net3>0 AND bull_now>=2,16,-1.949,-2.26,25,0.311,-0.512,2.976,-5.28,-0.226,-1.63,-3.774,12,-3.102,LONGER_PATH_EXPLICIT,RETAIN_FAMILY_REPRESENTATIVE
S075,75,SELL_C,S-F4,异动过热/强势末端,异动持续上升且市场仍偏多，历史上更像末端过热而非新起点。,momentum=LONG AND anomaly.net3>0 AND bullbars3>=2,20,-2.217,-1.614,35,-0.403,0.331,3.805,-5.574,-1.427,-1.249,-6.985,11,-1.978,LONGER_PATH_EXPLICIT,RETAIN_V2_BASELINE
S078,78,,S-F3,资金先恶化的内部背离,资金 W3/W5 转弱，而动能、加速或多维表面仍强。,capital.net5<0 AND momentum.pos3>=2 AND accel.net5>0,22,-1.815,-2.585,31.818,-0.834,-1.526,3.21,-5.734,-1.486,-2.99,-0.699,19,-2.091,W3_W5_EXPLICIT,RETAIN_FAMILY_REPRESENTATIVE
S082,82,,S-F3,资金先恶化的内部背离,资金 W3/W5 转弱，而动能、加速或多维表面仍强。,trend.pos5>=3 AND capital.net3<0 AND accel.slope3>0 AND accel.slope5>0 AND bullbars5>=3,20,-1.663,-1.983,25,-0.213,0.084,2.93,-5.089,-0.238,-1.448,-3.518,15,-3.435,W3_W5_EXPLICIT,RETAIN_FAMILY_REPRESENTATIVE
S096,96,,S-F3,资金先恶化的内部背离,资金 W3/W5 转弱，而动能、加速或多维表面仍强。,capital.net5<0 AND momentum>=L AND accel>=L AND accel.slope3>0 AND bullbars3>=2,18,-2.024,-2.037,38.889,-0.367,-2.112,3.434,-5.688,-2.352,-1.08,-2.569,15,-1.997,W3_W5_EXPLICIT,RETAIN_FAMILY_REPRESENTATIVE
S098,98,,S-F8,多维复合衰减,多个维度共同恶化，未被单一领先机制完全解释。,capital.pos3>=2 AND anomaly=LONG AND anomaly.net3>0,28,-1.602,-0.212,46.429,-0.257,0.115,4.061,-4.647,-1.523,-0.347,-6.179,9,-3.47,LONGER_PATH_EXPLICIT,RETAIN_FAMILY_REPRESENTATIVE