date,open,high,low,close,volume,trend,capital,momentum,accel,anomaly,prev_trend,prev_capital,prev_momentum,prev_accel,prev_anomaly,d_trend_state,d_capital_state,d_momentum_state,d_accel_state,d_anomaly_state,trend_gap,trend_abs_change,var3,rvol20,mom_var26,mom_slope,mom_threshold,mom_norm,accel_j_change,accel_rsi_change,precise_range,capital_price_gap_pct,capital_ma20_slope,capital_suspected_distribution,capital_violent_sell,anomaly_body,anomaly_lower_shadow,anomaly_upper_shadow,anomaly_core_buy,anomaly_core_sell,formula_signal
2025-01-02,222.029999,225.149994,218.190002,220.220001,33956600,SHORT,GRAY,SHORT,SHORT,GRAY,SHORT,LIGHT_SHORT,SHORT,SHORT,SHORT,0,1,0,0,2,-3.637819,-4.782399,-0.726543,0.939183,2.334947,-2.552613,0.903259,-2.826002,-17.436405,-1.419477,0,-0.965485,0.645382,0,0,1.809998,2.029999,3.119995,0,0,NONE
2025-01-03,222.509995,225.360001,221.619995,224.190002,27515600,GRAY,LIGHT_LONG,SHORT,LIGHT_LONG,GRAY,SHORT,GRAY,SHORT,SHORT,GRAY,2,1,0,3,0,-2.332494,-4.731196,0.704762,0.784055,0.922908,-1.412039,1.020455,-1.383735,31.493565,10.515211,1,0.728095,0.478968,0,0,1.680008,0.889999,1.169998,0,0,NONE
2025-01-06,226.779999,228.839996,224.839996,227.610001,31849800,GRAY,LIGHT_LONG,LIGHT_SHORT,SHORT,GRAY,GRAY,LIGHT_LONG,SHORT,LIGHT_LONG,GRAY,0,0,1,-3,0,-0.457596,-3.213955,1.464494,0.919731,1.186111,0.263204,0.84285,0.312278,70.636872,14.651204,1,2.008008,0.442006,0,0,0.830002,1.940002,1.229996,0,0,RISK_SELL
2025-01-07,227.899994,228.380005,221.460007,222.110001,28084200,SHORT,GRAY,LIGHT_SHORT,LIGHT_LONG,GRAY,GRAY,LIGHT_LONG,LIGHT_SHORT,SHORT,GRAY,-2,-1,0,3,0,-1.12074,-1.955415,-0.650328,0.830285,1.71343,0.527319,0.498341,1.058149,20.418715,-5.353036,1,-0.406365,0.181467,0,0,5.789993,0.649994,0.480011,0,1,NONE
2025-01-08,223.190002,223.520004,220.199997,222.130005,25033300,SHORT,GRAY,LIGHT_SHORT,SHORT,GRAY,SHORT,GRAY,LIGHT_SHORT,LIGHT_LONG,GRAY,0,0,0,-3,0,-1.641245,-1.609791,-0.427509,0.764715,1.974553,0.261122,0.179805,1.452256,-29.641618,-11.400293,1,-0.353396,-0.040371,0,0,1.059998,1.930008,0.330002,0,0,NONE
2025-01-10,221.460007,221.710007,216.5,218.940002,36811500,LIGHT_SHORT,LIGHT_SHORT,SHORT,SHORT,GRAY,SHORT,GRAY,LIGHT_SHORT,SHORT,GRAY,1,-1,-1,0,0,-3.292464,-3.027225,-1.260506,1.114958,1.253504,-0.721048,0.133061,-5.418919,-28.37374,-5.910642,0,-1.5893,-0.331762,0,0,2.520004,2.440002,0.25,0,0,NONE
2025-01-13,218.059998,219.399994,216.470001,218.460007,27262700,SHORT,GRAY,SHORT,SHORT,GRAY,LIGHT_SHORT,LIGHT_SHORT,SHORT,SHORT,GRAY,-1,1,0,0,0,-4.707948,-4.820829,-0.988662,0.836026,-0.324522,-1.578026,0.279256,-5.65083,-30.235398,-6.816367,0,-1.607715,-0.484661,0,0,0.400009,1.589996,0.939987,0,0,NONE
2025-01-14,220.440002,221.820007,216.199997,217.759995,24711700,SHORT,GRAY,SHORT,SHORT,GRAY,SHORT,GRAY,SHORT,SHORT,GRAY,0,0,0,0,0,-5.506549,-6.753481,-0.875534,0.761878,-2.164197,-1.839675,0.542033,-3.394028,-19.544606,-2.210373,0,-1.712988,-0.64597,0,0,2.680008,1.559998,1.380005,0,1,RISK_SELL
2025-01-15,222.830002,223.570007,220.75,223.350006,31291300,GRAY,LIGHT_LONG,LIGHT_SHORT,GRAY,LIGHT_LONG,SHORT,GRAY,SHORT,SHORT,GRAY,2,1,1,2,1,-4.248539,-7.231518,1.099455,0.960993,-2.675351,-0.511154,0.639017,-0.799906,23.816526,12.177322,0,0.719433,-0.602626,0,0,0.520004,2.080002,0.220001,1,0,RISK_SELL
2025-01-16,224.419998,224.649994,220.309998,220.660004,24757300,SHORT,GRAY,LIGHT_SHORT,GRAY,GRAY,GRAY,LIGHT_LONG,LIGHT_SHORT,GRAY,LIGHT_LONG,-2,-1,0,0,-1,-4.621021,-7.188054,-0.070809,0.775564,-2.555112,0.120239,0.535064,0.224718,31.300387,7.68246,0,-0.439015,-0.614682,0,0,3.759995,0.350006,0.229996,0,1,NONE
2025-01-17,225.839996,226.509995,223.080002,225.940002,42370100,GRAY,LONG,LIGHT_SHORT,GRAY,GRAY,SHORT,GRAY,LIGHT_SHORT,GRAY,GRAY,2,2,0,0,0,-3.246742,-6.058151,1.511833,1.314096,-1.29152,1.263592,0.309295,4.08539,31.790358,4.282752,0,1.723657,-0.482211,0,0,0.100006,2.759995,0.569992,0,0,NONE
2025-01-21,228.899994,231.779999,226.940002,230.710007,39951500,LIGHT_LONG,LONG,LONG,LONG,GRAY,GRAY,LONG,LIGHT_SHORT,GRAY,GRAY,1,0,3,2,0,0.730078,-3.568842,2.365405,1.245515,1.169083,2.460603,0.497524,4.945695,59.80797,17.051402,1,3.426354,-0.162971,0,0,1.810013,1.959991,1.069992,0,0,HIGH_SELL
2025-01-22,232.020004,235.440002,231.190002,235.009995,41448200,LIGHT_LONG,LONG,LONG,LONG,GRAY,LIGHT_LONG,LONG,LONG,LONG,GRAY,0,0,0,0,0,4.165078,0.824207,2.767886,1.289102,4.616952,3.44787,0.963979,3.576706,43.156214,11.958829,0,4.730986,0.374363,0,0,2.98999,0.830002,0.430008,0,0,NONE
2025-01-23,234.100006,235.520004,231.509995,235.419998,26404400,LIGHT_LONG,LIGHT_LONG,LONG,LONG,GRAY,LIGHT_LONG,LONG,LONG,LONG,GRAY,0,-1,0,0,0,6.032834,5.463995,1.958149,0.908647,8.054348,3.437396,1.362549,2.522768,22.093914,5.485698,0,4.344018,0.727383,0,0,1.319992,2.590012,0.100006,0,0,NONE
2025-01-24,234.5,236.399994,232.929993,234.850006,25890700,LIGHT_LONG,LIGHT_LONG,LONG,LIGHT_LONG,GRAY,LIGHT_LONG,LIGHT_LONG,LONG,LONG,GRAY,0,0,0,-1,0,5.940254,8.069083,1.146798,0.894323,10.949065,2.894717,1.554844,1.861741,1.814872,-1.168347,0,3.620327,0.716767,0,0,0.350006,1.570007,1.549988,0,0,NONE
2025-01-27,226.210007,235.610001,225.860001,235.419998,49428300,LONG,LONG,LONG,GRAY,GRAY,LIGHT_LONG,LIGHT_LONG,LONG,LIGHT_LONG,GRAY,1,1,0,-1,0,5.872334,8.922711,0.924092,1.61156,12.655593,1.706528,1.461436,1.167706,-7.144955,-0.831206,0,3.426874,0.595407,0,0,9.209991,0.350006,0.190002,0,0,OPEN
2025-01-28,234.289993,241.770004,233.979996,238.149994,41587200,LONG,LIGHT_LONG,LIGHT_LONG,LIGHT_LONG,GRAY,LONG,LONG,LONG,GRAY,GRAY,0,-1,-1,1,0,4.474383,8.143486,1.373223,1.301914,13.592174,0.936581,1.146119,0.817176,-14.595992,4.455221,0,4.091184,0.607382,0,0,3.860001,0.309998,3.62001,0,0,REDUCE
2025-01-29,239.020004,240.389999,236.149994,237.070007,26091700,LIGHT_LONG,LIGHT_LONG,LIGHT_LONG,GRAY,GRAY,LONG,LIGHT_LONG,LIGHT_LONG,LIGHT_LONG,GRAY,-1,0,0,-1,0,2.979873,6.663295,0.615948,0.818451,13.821219,0.229046,0.747104,0.306578,-23.4164,-0.047473,0,3.20413,0.684542,0,0,1.949997,0.920013,1.369995,0,0,NONE
2025-01-30,237.139999,237.949997,232.220001,234.639999,32020700,LIGHT_LONG,LIGHT_LONG,LIGHT_LONG,LIGHT_SHORT,GRAY,LIGHT_LONG,LIGHT_LONG,LIGHT_LONG,GRAY,GRAY,0,0,0,-1,0,0.928113,4.191185,-0.275537,0.998639,13.317898,-0.503322,0.362479,-1.388556,-29.919486,-11.610943,1,1.903256,0.838316,0,0,2.5,2.419998,0.809998,0,0,NONE
2025-01-31,236.5,240.289993,236.410004,237.679993,36110200,LONG,LIGHT_LONG,LIGHT_LONG,LIGHT_SHORT,GRAY,LIGHT_LONG,LIGHT_LONG,LIGHT_LONG,LIGHT_SHORT,GRAY,1,0,0,0,0,1.057674,2.48283,0.671343,1.106695,12.750849,-0.567049,0.160232,-3.538914,-18.258813,-2.592606,1,2.85512,0.995489,0,0,1.179993,0.089996,2.610001,0,0,NONE
2025-02-03,234.059998,239.25,232.899994,237.419998,37285900,LIGHT_LONG,LIGHT_LONG,LIGHT_LONG,LIGHT_LONG,GRAY,LONG,LIGHT_LONG,LIGHT_LONG,LIGHT_SHORT,GRAY,-1,0,0,2,0,0.957915,1.471851,0.375047,1.136928,12.108681,-0.642169,0.216482,-2.966377,-0.104431,4.43206,1,2.430467,1.078236,0,0,3.360001,1.160004,1.830002,0,0,NONE
2025-02-04,239.009995,242.520004,238.029999,242.059998,29713800,LIGHT_LONG,LIGHT_LONG,LIGHT_LONG,LONG,GRAY,LIGHT_LONG,LIGHT_LONG,LIGHT_LONG,LIGHT_LONG,GRAY,0,0,0,1,0,2.54532,2.280455,1.523158,0.903012,12.034469,-0.074211,0.241336,-0.307502,18.617737,6.212161,0,3.920523,1.174805,0,0,3.050003,0.979996,0.460007,0,0,RISK_SELL
2025-02-05,237.020004,238.320007,235.199997,236.169998,38727300,GRAY,GRAY,LIGHT_LONG,LIGHT_LONG,GRAY,LIGHT_LONG,LIGHT_LONG,LIGHT_LONG,LONG,GRAY,-1,-1,0,-1,0,0.799315,2.151276,-0.62188,1.164762,11.67107,-0.3634,0.204845,-1.774023,1.192976,-9.663653,1,1.235285,0.956731,0,0,0.850006,0.970001,1.300003,0,0,NONE
2025-02-06,238.009995,239.660004,236.009995,238.830002,60897100,LONG,LONG,LIGHT_LONG,LIGHT_SHORT,GRAY,GRAY,GRAY,LIGHT_LONG,LIGHT_LONG,GRAY,2,2,0,-2,0,0.907839,2.126237,0.33254,1.745415,11.272236,-0.398833,0.172128,-2.317067,-14.580625,-12.193495,1,2.106003,0.94265,0,0,0.820007,2,0.830002,0,0,NONE
2025-02-07,232.5,234.809998,228.059998,229.149994,77539300,LIGHT_SHORT,LIGHT_SHORT,SHORT,SHORT,GRAY,LONG,LONG,LIGHT_LONG,LIGHT_SHORT,GRAY,-3,-3,-3,-1,0,-3.168765,-0.730806,-2.585149,2.066885,9.226895,-2.045341,0.371154,-5.51076,-49.315565,-13.65978,0,-1.810712,0.702878,0,0,3.350006,1.089996,2.309998,0,0,REDUCE
2025-02-10,230.550003,233.919998,229.199997,233.139999,35419900,SHORT,GRAY,SHORT,SHORT,GRAY,LIGHT_SHORT,LIGHT_SHORT,SHORT,SHORT,GRAY,-1,1,0,0,0,-3.573104,-2.917015,-0.55299,0.945906,6.693399,-2.533496,0.698601,-3.62653,-56.269125,-11.228683,0,-0.089806,0.824075,0,0,2.589996,1.350006,0.779999,0,0,RISK_SELL
2025-02-11,231.919998,233.440002,230.130005,232.759995,23713700,SHORT,LIGHT_SHORT,SHORT,LIGHT_SHORT,GRAY,SHORT,GRAY,SHORT,SHORT,GRAY,0,-1,0,1,0,-3.759651,-5.25076,-0.478102,0.636302,4.181756,-2.511643,0.991445,-2.533317,-5.210102,6.349696,0,-0.224644,0.768719,0,0,0.839996,1.789993,0.680008,0,0,RISK_SELL
2025-02-12,230.460007,231.179993,228.160004,228.929993,32285200,SHORT,GRAY,SHORT,SHORT,GRAY,SHORT,LIGHT_SHORT,SHORT,LIGHT_SHORT,GRAY,0,1,0,-1,0,-5.271272,-6.302014,-1.439402,0.857584,1.895395,-2.286361,1.178682,-1.939761,-21.226782,-6.888251,0,-1.662488,0.857231,0,0,1.530014,0.769989,0.719986,0,0,RISK_SELL
2025-02-13,228.850006,230.419998,227.520004,230.369995,31346500,SHORT,GRAY,SHORT,SHORT,GRAY,SHORT,GRAY,SHORT,SHORT,GRAY,0,0,0,0,0,-5.210309,-7.120617,-0.536881,0.832589,0.045302,-1.850093,1.148537,-1.610826,-17.079596,-3.318604,0,-0.929016,0.69993,0,0,1.519989,1.330002,0.050003,0,0,RISK_SELL
2025-02-14,229.199997,229.889999,227.229996,228.679993,27031100,SHORT,LIGHT_SHORT,SHORT,LIGHT_SHORT,GRAY,SHORT,GRAY,SHORT,SHORT,GRAY,0,-1,0,1,0,-5.600422,-8.041002,-0.853249,0.715806,-1.169696,-1.214997,0.991493,-1.225422,-1.639997,0.038482,0,-1.474539,0.562906,0,0,0.520004,1.449997,0.690002,0,0,NONE
2025-02-18,228.820007,229.300003,223.720001,226.649994,42975100,LIGHT_SHORT,LIGHT_SHORT,SHORT,SHORT,GRAY,SHORT,LIGHT_SHORT,SHORT,LIGHT_SHORT,GRAY,1,0,0,-1,0,-6.36299,-8.58686,-1.17103,1.137106,-2.618338,-1.448642,0.831434,-1.742341,2.612012,-6.262762,0,-2.0936,0.337449,0,0,2.170013,2.929993,0.479996,0,0,NONE
2025-02-19,225.520004,226.830002,223.710007,226.630005,28566700,SHORT,GRAY,SHORT,LIGHT_SHORT,GRAY,LIGHT_SHORT,LIGHT_SHORT,SHORT,SHORT,GRAY,-1,1,0,1,0,-6.441577,-9.202494,-0.786636,0.767424,-3.943172,-1.324834,0.711475,-1.862097,11.486978,-3.405831,0,-1.873028,0.099478,0,0,1.110001,1.809998,0.199997,0,0,RISK_SELL
2025-02-20,224.779999,225.130005,221.809998,222.880005,30001700,SHORT,GRAY,SHORT,SHORT,GRAY,SHORT,GRAY,SHORT,LIGHT_SHORT,GRAY,0,0,0,-1,0,-7.710452,-10.257509,-1.654927,0.81856,-5.391636,-1.448464,0.675779,-2.1434,0.377597,-6.15631,0,-3.120314,-0.331027,0,0,1.899994,1.070007,0.350006,0,0,NONE
2025-02-21,223.279999,223.309998,214.740005,216.580002,55323900,SHORT,LIGHT_SHORT,SHORT,SHORT,GRAY,SHORT,GRAY,SHORT,SHORT,GRAY,0,-1,0,0,0,-10.071079,-12.111554,-3.074616,1.452155,-7.827384,-2.435748,0.803138,-3.032789,-4.612295,-13.67493,0,-5.2419,-0.748434,0,0,6.699997,1.839996,0.029999,0,0,NONE
2025-02-24,217.449997,217.720001,212.419998,212.710007,42387600,LIGHT_SHORT,GRAY,SHORT,SHORT,GRAY,SHORT,LIGHT_SHORT,SHORT,SHORT,GRAY,1,1,0,0,0,-11.451921,-14.616726,-3.299954,1.089022,-11.090788,-3.263404,1.051631,-3.103184,-5.836956,-11.040182,0,-6.212405,-1.135064,0,0,4.73999,0.290009,0.270004,0,0,NONE
2025-02-25,211.630005,213.339996,204.160004,212.800003,58958000,LIGHT_SHORT,GRAY,SHORT,LIGHT_SHORT,LIGHT_LONG,LIGHT_SHORT,GRAY,SHORT,SHORT,GRAY,0,0,0,1,1,-9.187284,-15.355142,-2.170845,1.496429,-14.337753,-3.246965,1.325099,-2.450356,16.243742,-3.212165,0,-5.524758,-1.362789,0,0,1.169998,7.470001,0.539993,1,0,NONE
2025-02-26,214.940002,218.160004,213.089996,214.350006,39120600,LIGHT_SHORT,GRAY,SHORT,GRAY,GRAY,LIGHT_SHORT,GRAY,SHORT,LIGHT_SHORT,LIGHT_LONG,0,0,0,1,-1,-6.969784,-13.804494,-0.954686,0.996048,-16.675588,-2.337836,1.441894,-1.621365,38.438542,5.244484,0,-4.322441,-1.475024,0,0,0.589996,1.26001,3.220001,0,0,RISK_SELL
2025-02-27,218.350006,219.970001,208.369995,208.740005,40548600,LIGHT_SHORT,GRAY,SHORT,LIGHT_SHORT,GRAY,LIGHT_SHORT,GRAY,SHORT,GRAY,GRAY,0,0,0,-1,0,-6.975586,-11.566327,-2.445265,1.013749,-18.419252,-1.743664,1.335729,-1.305402,8.056371,-0.716954,0,-6.114404,-1.615894,0,0,9.610001,0.37001,1.619995,0,1,RISK_SELL
2025-02-28,208.649994,212.619995,206.990005,212.279999,51771700,LIGHT_SHORT,GRAY,LIGHT_SHORT,LIGHT_SHORT,GRAY,LIGHT_SHORT,GRAY,SHORT,LIGHT_SHORT,GRAY,0,0,1,0,0,-5.565905,-9.755638,-0.491255,1.26315,-18.883093,-0.463841,1.0073,-0.46048,-1.950829,4.336381,0,-4.040043,-1.618187,0,0,3.630005,1.659988,0.339996,0,0,NONE
2025-03-03,213.350006,214.009995,202.550003,205.020004,42948400,LIGHT_SHORT,GRAY,LIGHT_SHORT,LIGHT_SHORT,SHORT,LIGHT_SHORT,GRAY,LIGHT_SHORT,LIGHT_SHORT,GRAY,0,0,0,0,-2,-6.138891,-9.340191,-2.699844,1.039206,-19.425577,-0.542484,0.6479,-0.837297,-7.77724,2.766002,0,-6.561722,-1.820067,0,0,8.330002,2.470001,0.659988,0,1,WARN
2025-03-04,200.110001,206.800003,197.429993,203.800003,60853100,SHORT,LIGHT_SHORT,SHORT,SHORT,GRAY,LIGHT_SHORT,GRAY,LIGHT_SHORT,LIGHT_SHORT,SHORT,-1,-1,-1,-1,2,-5.233092,-8.468944,-2.209755,1.43162,-20.382237,-0.95666,0.430105,-2.224245,-11.653206,-8.271867,0,-6.377315,-1.947631,0,0,3.690002,2.680008,3,0,0,NONE
2025-03-05,204.800003,209.979996,203.259995,208.360001,38610100,SHORT,GRAY,SHORT,GRAY,GRAY,SHORT,LIGHT_SHORT,SHORT,SHORT,GRAY,0,1,0,2,0,-3.315464,-7.343724,0.018083,0.898928,-20.693006,-0.310769,0.302597,-1.027004,19.056618,10.312203,0,-3.824885,-2.207644,0,0,3.559998,1.540009,1.619995,0,0,NONE
2025-03-06,204.399994,205.770004,198.300003,200.699997,49863800,LIGHT_SHORT,GRAY,SHORT,GRAY,GRAY,SHORT,GRAY,SHORT,GRAY,GRAY,1,0,0,0,0,-3.953507,-6.251031,-2.531914,1.146081,-21.065992,-0.372985,0.284327,-1.31182,2.611965,3.70335,0,-6.596707,-2.286178,0,0,3.699997,2.399994,1.37001,0,0,NONE
2025-03-07,199.490005,202.270004,192.529999,199.25,59802800,SHORT,LIGHT_SHORT,SHORT,SHORT,GRAY,LIGHT_SHORT,GRAY,SHORT,GRAY,GRAY,-1,-1,0,-2,0,-3.4005,-5.334736,-2.185378,1.376252,-21.815656,-0.749664,0.275637,-2.719753,-13.128332,-8.835946,0,-6.516219,-2.436958,0,0,0.240005,6.720001,2.779999,0,0,NONE
2025-03-10,195.600006,196.729996,190.850006,194.539993,62350900,SHORT,LIGHT_SHORT,SHORT,SHORT,GRAY,SHORT,LIGHT_SHORT,SHORT,SHORT,GRAY,0,0,0,0,0,-3.604495,-5.479251,-3.106258,1.460415,-22.884015,-1.068359,0.313724,-3.405413,-8.26416,-4.852058,0,-7.832431,-2.476049,0,0,1.060013,3.689987,1.12999,0,0,NONE
2025-03-11,193.899994,200.179993,193.399994,196.589996,54002900,LIGHT_SHORT,GRAY,SHORT,LIGHT_SHORT,LIGHT_LONG,SHORT,LIGHT_SHORT,SHORT,SHORT,GRAY,1,1,0,1,1,-3.076744,-5.040869,-1.354057,1.237942,-23.835567,-0.951552,0.406605,-2.340238,-7.676585,1.335383,0,-6.145694,-2.520622,0,0,2.690002,0.5,3.589996,1,0,NONE
2025-03-12,200.720001,201.520004,195.289993,198.889999,43679300,LIGHT_SHORT,GRAY,LIGHT_SHORT,GRAY,GRAY,LIGHT_SHORT,GRAY,SHORT,LIGHT_SHORT,LIGHT_LONG,0,0,1,1,-1,-2.118026,-4.399632,-0.121319,0.978887,-24.039557,-0.20399,0.401078,-0.508604,13.767871,10.412873,0,-4.512103,-2.412386,0,0,1.830002,3.600006,0.800003,0,0,NONE
2025-03-13,198.169998,198.880005,191.820007,193.889999,41270800,SHORT,GRAY,LIGHT_SHORT,GRAY,GRAY,LIGHT_SHORT,GRAY,LIGHT_SHORT,GRAY,GRAY,-1,0,0,0,0,-2.542936,-3.868853,-1.802153,0.915691,-23.648329,0.391228,0.285034,1.372567,1.95139,0.362803,0,-6.192113,-2.441673,0,0,4.279999,2.069992,0.710007,0,0,RISK_SELL
2025-03-14,197.410004,198.649994,195.320007,197.949997,38096700,SHORT,GRAY,LIGHT_SHORT,GRAY,GRAY,SHORT,GRAY,LIGHT_SHORT,GRAY,GRAY,0,0,0,0,0,-1.764662,-3.212812,0.190554,0.838983,-22.39606,1.252269,0.217273,5.763579,2.73933,3.876852,0,-3.775786,-2.366075,0,0,0.539993,2.089996,0.699997,0,0,NONE
2025-03-17,198.770004,199,194.320007,195.740005,47341800,LIGHT_SHORT,GRAY,LIGHT_SHORT,GRAY,SHORT,SHORT,GRAY,LIGHT_SHORT,GRAY,GRAY,1,0,0,0,-2,-1.709486,-3.008542,-0.624226,1.019776,-20.79892,1.59714,0.425587,3.752794,10.857896,6.366332,0,-4.334533,-2.363047,0,0,3.029999,1.419998,0.229996,0,1,WARN
2025-03-18,192.520004,194,189.380005,192.820007,40414900,SHORT,GRAY,LIGHT_SHORT,LIGHT_SHORT,GRAY,LIGHT_SHORT,GRAY,LIGHT_SHORT,GRAY,SHORT,-1,0,0,-1,2,-1.916133,-2.69514,-1.432029,0.872973,-19.790267,1.008653,0.570157,1.769079,-7.573352,-5.81819,0,-5.15446,-2.353982,0,0,0.300003,3.139999,1.179993,0,0,NONE
2025-03-19,193.380005,195.970001,191.960007,195.539993,39442900,SHORT,GRAY,LIGHT_SHORT,GRAY,GRAY,SHORT,GRAY,LIGHT_SHORT,LIGHT_SHORT,GRAY,0,0,0,1,0,-1.282495,-2.454057,-0.014065,0.842086,-18.797523,0.992745,0.611855,1.622517,13.114773,3.018264,0,-3.406924,-2.340426,0,0,2.159988,1.419998,0.430008,0,0,NONE
2025-03-20,193.070007,199.320007,192.300003,194.949997,38921100,SHORT,GRAY,LIGHT_SHORT,GRAY,SHORT,SHORT,GRAY,LIGHT_SHORT,GRAY,GRAY,0,0,0,0,-2,-0.989605,-2.094117,-0.211165,0.823109,-17.544745,1.252777,0.581614,2.153966,25.39548,5.45035,0,-3.301006,-2.238239,0,0,1.87999,0.770004,4.37001,0,1,WARN
2025-03-21,192.899994,196.990005,192.520004,196.210007,60056900,LIGHT_SHORT,GRAY,LIGHT_SHORT,GRAY,GRAY,SHORT,GRAY,LIGHT_SHORT,GRAY,SHORT,1,0,0,0,2,-0.332335,-1.302218,0.288244,1.263767,-16.179988,1.364758,0.569942,2.394554,18.025468,2.339495,0,-2.385775,-1.929509,0,0,3.310013,0.37999,0.779999,0,0,NONE
2025-03-24,200,203.639999,199.949997,203.259995,41625400,LIGHT_LONG,LIGHT_LONG,LONG,LONG,GRAY,LIGHT_SHORT,GRAY,LIGHT_SHORT,GRAY,GRAY,2,1,3,2,0,1.843373,0.260716,2.497803,0.876619,-13.494067,2.68592,0.769161,3.492013,47.119124,17.482493,0,0.995723,-1.414253,0,0,3.259995,0.050003,0.380005,0,0,NONE
2025-03-25,203.600006,206.210007,203.220001,205.710007,31171200,LIGHT_LONG,LIGHT_LONG,LONG,LONG,GRAY,LIGHT_LONG,LIGHT_LONG,LONG,LONG,GRAY,0,0,0,0,0,3.605259,2.558149,2.439371,0.676243,-9.656186,3.837881,1.139765,3.367258,52.220682,18.258566,0,1.962361,-0.910122,0,0,2.110001,0.380005,0.5,0,0,NONE
2025-03-26,205.839996,206.009995,199.929993,201.130005,32855300,LIGHT_LONG,LIGHT_SHORT,LONG,LIGHT_LONG,SHORT,LIGHT_LONG,LIGHT_LONG,LONG,LONG,GRAY,0,-2,0,-1,-2,3.38901,4.418821,0.145189,0.717656,-6.365522,3.290664,1.448081,2.27243,0.102588,-4.812286,0,-0.273663,-0.737523,0,0,4.709991,1.200012,0.169998,0,1,WARN
2025-03-27,200.889999,203.789993,199.279999,201.360001,27317700,LIGHT_LONG,GRAY,LONG,GRAY,GRAY,LIGHT_LONG,LIGHT_SHORT,LONG,LIGHT_LONG,SHORT,0,1,0,-1,2,3.200701,5.097485,0.17283,0.605447,-3.953065,2.412457,1.567353,1.539192,-24.829178,-8.296424,0,-0.141914,-0.687834,0,0,0.470001,1.610001,2.429993,0,0,NONE
2025-03-28,198.419998,199.259995,191.880005,192.720001,52548200,GRAY,LIGHT_SHORT,LIGHT_LONG,GRAY,GRAY,LIGHT_LONG,GRAY,LONG,GRAY,GRAY,-1,-1,-1,0,0,0.590917,3.590314,-2.868406,1.163634,-3.839925,0.11314,1.289166,0.087762,-54.785803,-12.595252,0,-3.954246,-0.999356,0,0,5.699997,0.839996,0.839996,0,0,NONE
2025-03-31,188.190002,191.330002,184.399994,190.259995,63547600,LIGHT_SHORT,LIGHT_SHORT,SHORT,SHORT,GRAY,GRAY,LIGHT_SHORT,LIGHT_LONG,GRAY,GRAY,-1,0,-3,-2,0,-0.357752,1.716933,-2.798977,1.375827,-5.922744,-2.082819,0.739972,-2.814726,-63.16544,-15.860921,0,-4.631313,-1.041103,0,0,2.069992,3.790009,1.070007,0,0,NONE
2025-04-01,187.860001,193.929993,187.199997,192.169998,41267300,LIGHT_SHORT,GRAY,SHORT,SHORT,GRAY,LIGHT_SHORT,LIGHT_SHORT,SHORT,SHORT,GRAY,0,1,0,0,0,-0.280327,-0.023581,-1.184829,0.912804,-8.458035,-2.535291,0.598298,-4.237503,-18.055066,1.399487,0,-3.279088,-1.149328,0,0,4.309998,0.660004,1.759995,1,0,NONE
2025-04-02,187.660004,198.339996,187.660004,196.009995,53679200,LIGHT_LONG,GRAY,LIGHT_LONG,LONG,GRAY,LIGHT_SHORT,GRAY,SHORT,SHORT,GRAY,2,0,3,4,0,0.910734,0.136328,0.531643,1.167883,-9.71194,-1.253905,0.827823,-1.514701,13.985225,12.067864,0,-1.198578,-0.973751,0,0,8.349991,0,2.330002,1,0,NONE
2025-04-03,183,184.130005,176.919998,178.410004,95553600,LIGHT_SHORT,SHORT,SHORT,SHORT,GRAY,LIGHT_LONG,GRAY,LIGHT_LONG,LONG,GRAY,-2,-2,-3,-4,0,-1.28848,-0.329036,-6.187216,1.980495,-12.172622,-2.460682,1.016451,-2.420857,-14.65697,-10.12215,0,-9.052475,-1.167353,0,1,4.589996,1.490005,1.130005,0,0,NONE
2025-04-04,167.149994,178.139999,166,171,123159400,LIGHT_SHORT,SHORT,SHORT,SHORT,GRAY,LIGHT_SHORT,SHORT,SHORT,SHORT,GRAY,0,0,0,0,0,-1.766185,-1.071965,-7.192443,2.395391,-16.189161,-4.016539,1.221552,-3.288061,-37.130653,-22.303776,0,-11.569235,-1.59133,0,1,3.850006,1.149994,7.139999,0,0,NONE
2025-04-07,162,183.410004,161.380005,175.259995,109327100,LIGHT_SHORT,GRAY,SHORT,GRAY,GRAY,LIGHT_SHORT,SHORT,SHORT,SHORT,GRAY,0,2,0,2,0,-0.330607,-1.692636,-3.057964,2.033464,-20.375965,-4.186804,1.533408,-2.730391,4.437532,2.729388,0,-8.413088,-1.77222,0,0,13.259995,0.619995,8.150009,0,0,NONE
2025-04-08,185.229996,185.899994,168.570007,170.660004,87710400,SHORT,GRAY,SHORT,GRAY,GRAY,LIGHT_SHORT,GRAY,SHORT,GRAY,GRAY,-1,0,0,0,0,-0.387047,-1.241919,-3.890534,1.581811,-24.524351,-4.148386,1.88005,-2.206529,12.424784,4.01339,0,-9.732025,-1.875223,0,0,14.569992,2.089996,0.669998,0,0,NONE
2025-04-09,172.119995,192.649994,169.929993,191.100006,116804300,LIGHT_LONG,LIGHT_LONG,LIGHT_LONG,LONG,LONG,SHORT,GRAY,SHORT,GRAY,GRAY,3,1,3,2,2,3.479378,1.380862,4.814378,1.976197,-24.650662,-0.126311,1.694223,-0.074554,45.130331,21.286385,0,0.958316,-1.362765,0,0,18.980011,2.190002,1.549988,1,0,RISK_SELL
2025-04-10,185.440002,186.869995,175.850006,181.220001,68302000,LONG,GRAY,LONG,LONG,GRAY,LIGHT_LONG,LIGHT_LONG,LIGHT_LONG,LONG,LONG,1,-1,1,0,-2,3.98651,3.53942,-0.250056,1.129759,-21.907904,2.742758,1.092357,2.510862,47.811327,16.385726,0,-3.805842,-1.198748,0,0,4.220001,5.369995,1.429993,0,0,NONE
2025-04-11,179.929993,185.860001,178,184.869995,50594300,LIGHT_LONG,GRAY,LONG,LONG,GRAY,LONG,GRAY,LONG,LONG,GRAY,-1,0,0,0,0,4.817354,6.141621,1.152825,0.828301,-17.793614,4.11429,0.907658,4.532863,10.900506,-4.574833,0,-1.664231,-0.872542,0,0,4.940002,1.929993,0.990005,0,0,NONE
2025-04-14,186.839996,187.440002,179.229996,182.119995,48002500,LIGHT_LONG,GRAY,LONG,LIGHT_LONG,GRAY,LIGHT_LONG,GRAY,LONG,LONG,GRAY,0,0,0,-1,0,4.79381,6.798837,-0.226507,0.785445,-14.355784,3.43783,1.403271,2.449869,5.113877,1.102065,0,-2.789253,-1.02629,0,0,4.720001,2.889999,0.600006,0,0,NONE
2025-04-15,181.410004,182.350006,177.929993,179.589996,43642000,GRAY,LIGHT_SHORT,LONG,GRAY,GRAY,LIGHT_LONG,GRAY,LONG,LIGHT_LONG,GRAY,-1,-1,0,-1,0,3.935989,6.773577,-1.092308,0.712215,-12.333249,2.022536,1.60177,1.262688,-3.787668,-4.430063,0,-3.696735,-1.044337,0,0,1.820007,1.660004,0.940002,0,0,NONE
2025-04-16,176.289993,179.100006,171.410004,174.330002,51875300,GRAY,GRAY,LIGHT_LONG,GRAY,GRAY,GRAY,LIGHT_SHORT,LONG,GRAY,GRAY,0,1,-1,0,0,2.287175,5.508487,-2.761686,0.838077,-12.916684,-0.583435,1.249061,-0.467099,-15.210356,-6.437523,0,-5.83546,-1.261285,0,0,1.959991,2.919998,2.810013,0,0,NONE
2025-04-17,176,176.210007,172,172.610001,44726500,GRAY,LIGHT_SHORT,LIGHT_LONG,GRAY,GRAY,GRAY,GRAY,LIGHT_LONG,GRAY,GRAY,0,-1,0,0,0,0.8178,3.520482,-2.523781,0.719211,-14.237276,-1.320592,0.6639,-1.989144,-26.157591,-5.663658,0,-6.058443,-1.495478,0,0,3.389999,0.610001,0.210007,0,0,NONE
2025-04-21,169.600006,169.600006,165.289993,167.320007,48126100,LIGHT_SHORT,GRAY,SHORT,SHORT,GRAY,GRAY,LIGHT_SHORT,LIGHT_LONG,GRAY,GRAY,-1,1,-3,-2,0,-1.355077,0.874949,-3.84345,0.781372,-16.631714,-2.394438,0.519496,-4.609153,-39.675159,-5.438032,0,-8.024108,-1.914604,0,0,2.279999,2.030014,0,0,0,NONE
2025-04-22,169.850006,176.779999,169.350006,173.179993,56607200,LIGHT_SHORT,GRAY,SHORT,SHORT,GRAY,LIGHT_SHORT,GRAY,SHORT,SHORT,GRAY,0,0,0,0,0,-1.034552,-0.785914,-0.219762,0.908027,-18.150871,-1.519157,0.775032,-1.96012,-24.115054,4.012959,0,-4.292124,-2.161155,0,0,3.329987,0.5,3.600006,0,0,NONE
2025-04-23,183.449997,187.380005,180.190002,180.600006,63470100,LIGHT_LONG,GRAY,LONG,LONG,GRAY,LIGHT_SHORT,GRAY,SHORT,SHORT,GRAY,2,0,4,4,0,1.040042,-0.674794,2.598534,0.992406,-17.294974,0.855897,0.685825,1.247982,38.185774,16.722242,0,-0.170219,-2.248128,0,0,2.849991,0.410004,3.930008,0,0,RISK_SELL
2025-04-24,180.919998,186.740005,180.179993,186.539993,43763200,LIGHT_LONG,LIGHT_LONG,LONG,LONG,GRAY,LIGHT_LONG,GRAY,LONG,LONG,GRAY,0,1,0,0,0,3.607039,1.806264,3.800057,0.678487,-13.657788,3.637185,0.612155,5.941606,72.686957,14.509046,0,2.75776,-1.8803,0,0,5.619995,0.740005,0.200012,0,0,NONE
2025-04-25,187.619995,189.940002,185.490005,188.990005,36414300,LIGHT_LONG,LIGHT_LONG,LONG,LONG,GRAY,LIGHT_LONG,LIGHT_LONG,LONG,LONG,GRAY,0,0,0,0,0,5.439993,5.043537,3.364777,0.560599,-8.295375,5.362413,1.256329,4.268317,56.232321,8.149928,0,3.634416,-1.41455,0,0,1.37001,2.12999,0.949997,0,0,NONE
2025-04-28,190.110001,190.220001,184.889999,187.699997,33224700,LIGHT_LONG,LIGHT_LONG,LONG,LONG,GRAY,LIGHT_LONG,LIGHT_LONG,LONG,LONG,GRAY,0,0,0,0,0,5.83635,7.441691,1.800421,0.519218,-2.863074,5.432301,2.015539,2.69521,19.951798,0.576828,0,2.593368,-0.874746,0,0,2.410004,2.809998,0.110001,0,0,NONE
2025-04-29,183.990005,188.020004,183.679993,187.389999,41667300,LIGHT_LONG,LIGHT_LONG,LONG,GRAY,GRAY,LIGHT_LONG,LIGHT_LONG,LONG,LONG,GRAY,0,0,0,-2,0,5.655474,8.465909,1.09198,0.662481,1.056411,3.919485,2.356612,1.663186,-0.191357,-2.149043,0,2.148817,-0.55639,0,0,3.399994,0.310013,0.630005,0,0,NONE
2025-04-30,182.169998,185.050003,178.850006,184.419998,55176500,LIGHT_LONG,LONG,LIGHT_LONG,GRAY,GRAY,LIGHT_LONG,LIGHT_LONG,LONG,GRAY,GRAY,0,1,-1,0,0,4.50468,7.998252,-0.333926,0.867674,2.749555,1.693144,2.122832,0.797587,-14.357133,-4.817069,0,0.470682,-0.430977,0,0,2.25,3.319992,0.630005,0,0,NONE
2025-05-01,190.630005,191.809998,187.5,190.199997,74266000,LONG,LONG,LIGHT_LONG,LIGHT_LONG,GRAY,LIGHT_LONG,LONG,LIGHT_LONG,GRAY,GRAY,1,0,0,1,0,5.047662,7.603908,1.810085,1.149261,3.644569,0.895014,1.535377,0.582928,-6.179212,2.776852,0,3.20452,-0.453374,0,0,0.430008,2.699997,1.179993,0,0,NONE
2025-05-02,191.440002,192.880005,186.399994,189.979996,77903500,LONG,LONG,LIGHT_LONG,LONG,GRAY,LONG,LONG,LIGHT_LONG,LIGHT_LONG,GRAY,0,0,0,1,0,5.014366,7.283354,1.130919,1.222243,4.35896,0.71439,0.901194,0.792716,3.130613,6.785097,0,2.732982,-0.054956,0,0,1.460007,3.580002,1.440002,0,0,NONE
2025-05-05,186.509995,188.179993,185.529999,186.350006,35217500,GRAY,GRAY,LIGHT_LONG,GRAY,GRAY,LONG,LONG,LIGHT_LONG,LONG,GRAY,-2,-2,0,-2,0,3.817599,6.939814,-0.529995,0.593476,4.621423,0.262464,0.451541,0.581262,-31.851542,-6.39798,0,0.683895,0.584227,0,0,0.159988,0.820007,1.669998,0,0,RISK_SELL
2025-05-06,184.570007,187.929993,183.850006,185.009995,29314100,GRAY,LIGHT_SHORT,LIGHT_LONG,GRAY,GRAY,GRAY,GRAY,LIGHT_LONG,GRAY,GRAY,0,-1,0,0,0,2.608519,5.720242,-0.83875,0.529705,4.270111,-0.351312,0.234926,-1.495414,-50.921513,-8.185321,0,-0.035651,1.016491,0,0,0.439987,0.720001,2.919998,0,0,RISK_SELL
2025-05-07,185.559998,190.990005,185.009995,188.710007,43948600,LIGHT_LONG,LIGHT_LONG,LIGHT_LONG,LIGHT_LONG,GRAY,GRAY,LIGHT_SHORT,LIGHT_LONG,GRAY,GRAY,1,2,0,1,0,2.739294,4.582706,0.758921,0.826843,4.032225,-0.237887,0.115381,-2.061755,-11.476408,3.553327,0,1.741565,1.192292,0,0,3.150009,0.550003,2.279999,0,0,NONE
2025-05-08,191.429993,194.330002,188.820007,192.080002,41043600,LIGHT_LONG,LIGHT_LONG,LONG,LONG,GRAY,LIGHT_LONG,LIGHT_LONG,LIGHT_LONG,LIGHT_LONG,GRAY,0,0,1,1,0,3.898847,4.62333,1.666721,0.831444,4.198407,0.166183,0.068162,2.438047,28.439717,10.345116,0,3.150629,0.791871,0,0,0.650009,2.609985,2.25,0,0,RISK_SELL
2025-05-09,193.380005,194.690002,191.160004,193.059998,29663100,LIGHT_LONG,LIGHT_LONG,LONG,LONG,GRAY,LIGHT_LONG,LIGHT_LONG,LONG,LONG,GRAY,0,0,0,0,0,5.575765,6.106953,1.443915,0.625377,5.096391,0.897984,0.132558,6.774293,30.427514,5.953791,0,3.255062,0.847104,0,0,0.320007,1.899994,1.309998,0,0,NONE
2025-05-12,210.710007,211.660004,205.75,208.639999,75205000,LONG,LONG,LONG,LONG,GRAY,LIGHT_LONG,LIGHT_LONG,LONG,LONG,GRAY,1,1,0,0,0,7.348855,8.411734,5.869,1.545429,8.705448,3.609057,0.61648,5.854292,19.121598,15.600252,0,10.169314,0.999118,0,0,2.070007,2.889999,0.949997,0,0,NONE
2025-05-13,211.080002,214.839996,210.100006,211.369995,56193700,LONG,LIGHT_LONG,LONG,LONG,GRAY,LONG,LONG,LONG,LONG,GRAY,0,-1,0,0,0,7.871806,10.398214,4.72318,1.145118,14.053081,5.347634,1.33459,4.00695,7.713314,15.935121,0,10.189302,1.770578,0,0,0.289993,0.979996,3.470001,0,0,REDUCE
2025-05-14,211.449997,211.929993,208.850006,210.25,38492100,LIGHT_LONG,LIGHT_LONG,LONG,GRAY,SHORT,LONG,LIGHT_LONG,LONG,LONG,GRAY,-1,0,0,-2,-2,7.492232,11.356447,2.810429,0.788531,19.150954,5.097873,1.975297,2.580813,-1.970347,-0.716394,0,8.448004,2.276976,0,0,1.199997,1.399994,0.479996,0,1,WARN
2025-05-15,206.449997,206.880005,202.669998,205.169998,64347300,LONG,LONG,LONG,GRAY,GRAY,LIGHT_LONG,LIGHT_LONG,LONG,GRAY,SHORT,1,1,0,0,2,5.809297,10.586668,0.269346,1.301562,22.16709,3.016136,2.215841,1.36117,-17.878043,-12.490501,0,5.146862,2.453485,0,0,1.279999,2.5,0.430008,0,0,OPEN
2025-05-16,206.850006,206.850006,204.369995,205.589996,43318500,LIGHT_LONG,LIGHT_LONG,LIGHT_LONG,GRAY,GRAY,LONG,LONG,LONG,GRAY,GRAY,-1,-1,-1,0,0,4.638886,8.970208,0.31539,0.877459,22.889001,0.721911,1.869911,0.386067,-21.319589,-9.691417,0,4.738087,2.534287,0,0,1.26001,1.220001,0,0,0,REDUCE
2025-05-19,201.649994,206.619995,201.259995,206.160004,34314800,LIGHT_LONG,LIGHT_LONG,LIGHT_LONG,LIGHT_LONG,GRAY,LIGHT_LONG,LIGHT_LONG,LIGHT_LONG,GRAY,GRAY,0,0,0,1,0,3.849412,7.148797,0.394004,0.704941,21.459559,-1.429441,1.12048,-1.27574,-8.818022,1.075055,0,4.444924,2.731241,0,0,4.51001,0.389999,0.459991,0,0,RISK_SELL
2025-05-20,204.630005,205.589996,202.649994,204.070007,29470400,LIGHT_LONG,GRAY,LIGHT_LONG,GRAY,GRAY,LIGHT_LONG,LIGHT_LONG,LIGHT_LONG,LIGHT_LONG,GRAY,0,-1,0,-1,0,2.58594,5.537119,-0.417412,0.62278,19.066904,-2.392655,0.548579,-4.361547,-12.663388,-4.055256,0,2.998575,2.710334,0,0,0.559998,1.420013,0.959991,0,0,RISK_SELL
2025-05-21,201.610001,203.460007,200.059998,201.119995,42460900,GRAY,GRAY,LIGHT_LONG,GRAY,GRAY,LIGHT_LONG,GRAY,LIGHT_LONG,GRAY,GRAY,-1,0,0,0,0,1.078837,3.757095,-1.260218,0.917672,16.243231,-2.823673,0.850006,-3.321946,-27.702054,-10.921992,1,1.339655,2.360989,0,0,0.490005,1.059998,1.850006,0,0,NONE
2025-05-22,201.380005,205.759995,200.160004,203.100006,38938900,LIGHT_LONG,LIGHT_LONG,LIGHT_LONG,LONG,GRAY,GRAY,GRAY,LIGHT_LONG,GRAY,GRAY,1,1,0,2,0,0.62562,2.145198,-0.182025,0.845964,13.83676,-2.406471,1.160653,-2.073377,-41.667527,-3.03372,1,2.07225,1.760247,0,0,1.720001,1.220001,2.659988,0,0,LOW_BUY
2025-05-23,198.899994,202.369995,197.850006,200.990005,33393500,LIGHT_SHORT,GRAY,SHORT,LONG,GRAY,LIGHT_LONG,LIGHT_LONG,LIGHT_LONG,LONG,GRAY,-2,-1,-3,0,0,-0.134072,0.785192,-0.822493,0.727876,11.479489,-2.35727,1.247457,-1.889661,-36.22389,-1.39309,1,0.898389,1.260958,0,0,2.090012,1.049988,1.37999,0,0,LOW_BUY
2025-05-27,203.089996,206.690002,202.190002,206.020004,34892000,LIGHT_LONG,LIGHT_LONG,LIGHT_LONG,LONG,GRAY,LIGHT_SHORT,GRAY,SHORT,LONG,GRAY,2,1,3,0,0,0.579255,0.535402,1.092732,0.759159,10.04466,-1.434829,1.135639,-1.263455,15.073319,3.46677,1,3.031565,1.19812,0,0,2.930008,0.899994,0.669998,0,0,RISK_SELL
2025-05-28,205.919998,207.660004,204.410004,204.720001,28549800,LIGHT_LONG,LIGHT_LONG,LIGHT_LONG,LONG,GRAY,LIGHT_LONG,LIGHT_LONG,LIGHT_LONG,LONG,GRAY,0,0,0,0,0,0.651854,0.548519,0.309771,0.630162,9.36705,-0.677611,0.888432,-0.762704,51.319518,5.073973,1,2.111238,1.212666,0,0,1.199997,0.309998,1.740005,0,0,NONE
2025-05-29,208.029999,208.809998,204.229996,205.699997,34650000,LIGHT_LONG,LIGHT_LONG,LIGHT_LONG,LONG,GRAY,LIGHT_LONG,LIGHT_LONG,LIGHT_LONG,LONG,GRAY,0,0,0,0,0,0.875727,1.053418,0.523143,0.782535,9.244798,-0.122252,0.600656,-0.203531,37.937289,-1.361031,1,2.304494,1.444425,0,0,2.330002,1.470001,0.779999,0,0,NONE
2025-05-30,204.839996,205.990005,201.699997,205.009995,51679400,LIGHT_LONG,LONG,LIGHT_LONG,LONG,GRAY,LIGHT_LONG,LIGHT_LONG,LIGHT_LONG,LONG,GRAY,0,1,0,0,0,0.796723,1.162151,0.125556,1.197673,9.069927,-0.174871,0.309142,-0.565665,15.051527,-0.206238,1,1.739606,1.349099,0,0,0.169998,3.139999,0.980011,0,0,HIGH_SELL
2025-06-02,204.979996,207,202.679993,206.649994,29113300,LIGHT_LONG,LIGHT_LONG,LIGHT_LONG,LONG,GRAY,LIGHT_LONG,LONG,LIGHT_LONG,LONG,GRAY,0,-1,0,0,0,1.076323,1.374386,0.612114,0.715133,8.993613,-0.076314,0.130882,-0.583073,13.084113,1.265222,1,2.263341,1.326625,0,0,1.669998,2.300003,0.350006,0,0,HIGH_SELL
2025-06-03,207.110001,208.949997,205.029999,205.710007,33139100,LIGHT_LONG,LIGHT_LONG,LIGHT_LONG,LONG,GRAY,LIGHT_LONG,LIGHT_LONG,LIGHT_LONG,LONG,GRAY,0,0,0,0,0,0.778354,1.3257,0.105309,0.816105,8.559881,-0.433732,0.096769,-4.482123,9.241479,0.255282,1,1.595192,1.271543,0,0,1.399994,0.680008,1.839996,0,0,HIGH_SELL
2025-06-04,206.550003,208.179993,205.179993,207.229996,29915600,LIGHT_LONG,LIGHT_LONG,LIGHT_LONG,LIGHT_LONG,GRAY,LIGHT_LONG,LIGHT_LONG,LIGHT_LONG,LONG,GRAY,0,0,0,-1,0,0.450191,1.152434,0.558677,0.736176,8.259882,-0.299999,0.12661,-2.369468,6.128271,0.337225,1,2.079804,1.451496,0,0,0.679993,1.37001,0.949997,0,0,NONE
2025-06-05,209.550003,212.809998,207.559998,207.910004,51864200,LIGHT_LONG,LONG,LIGHT_LONG,LIGHT_LONG,GRAY,LIGHT_LONG,LIGHT_LONG,LIGHT_LONG,LIGHT_LONG,GRAY,0,1,0,0,0,0.452805,0.840675,0.589279,1.263986,8.103344,-0.156538,0.134619,-1.162823,-1.51734,4.58711,1,2.140719,1.508275,0,0,1.639999,0.350006,3.259995,0,0,NONE
2025-06-06,212.399994,213.869995,210.5,213.570007,39832500,LIGHT_LONG,LIGHT_LONG,LONG,LONG,GRAY,LIGHT_LONG,LONG,LIGHT_LONG,LIGHT_LONG,GRAY,0,-1,1,1,0,2.176502,1.539749,2.149232,0.972195,8.837728,0.734384,0.117482,6.251057,7.764644,10.883953,1,4.350725,1.553667,0,0,1.170013,1.899994,0.299988,0,0,HIGH_SELL
2025-06-09,214.75,217.850006,212.880005,216.979996,38102500,LIGHT_LONG,LIGHT_LONG,LONG,LONG,GRAY,LIGHT_LONG,LIGHT_LONG,LONG,LONG,GRAY,0,0,0,0,0,3.15741,2.893358,2.458016,0.920491,10.511415,1.673686,0.303119,5.521547,23.625596,13.510467,0,5.312795,1.586943,0,0,2.229996,1.869995,0.87001,0,0,NONE
2025-06-10,216.779999,217.690002,214.149994,217.610001,31303300,LIGHT_LONG,LIGHT_LONG,LONG,LONG,LONG,LIGHT_LONG,LIGHT_LONG,LONG,LONG,GRAY,0,0,0,0,2,3.706435,4.520173,1.82694,0.798582,12.648479,2.137065,0.600427,3.55924,10.56657,4.737342,0,4.963301,1.329406,0,0,0.830002,2.630005,0.080002,1,0,WATCH
2025-06-11,217.410004,218.399994,212.889999,213.199997,39326000,LONG,LIGHT_LONG,LONG,LIGHT_SHORT,GRAY,LIGHT_LONG,LIGHT_LONG,LONG,LONG,LONG,1,0,0,-3,-2,2.413035,4.63844,-0.135834,1.025311,13.849463,1.200983,0.765554,1.568777,-17.092376,-14.192287,1,2.513106,0.84435,0,0,4.210007,0.309998,0.98999,0,0,NONE
2025-06-12,211.779999,213.580002,211.330002,213.240005,27640000,LIGHT_LONG,LIGHT_LONG,LIGHT_LONG,LIGHT_SHORT,GRAY,LONG,LIGHT_LONG,LONG,LIGHT_SHORT,GRAY,-1,0,-1,0,0,1.361873,3.740671,-0.078031,0.730973,13.874735,0.025272,0.692187,0.03651,-34.69318,-14.813055,1,2.244656,0.333417,0,0,1.460007,0.449997,0.339996,0,0,NONE
2025-06-13,209.960007,214.050003,209.619995,212.100006,29337800,LIGHT_LONG,GRAY,LIGHT_LONG,GRAY,GRAY,LIGHT_LONG,LIGHT_LONG,LIGHT_LONG,LIGHT_SHORT,GRAY,0,-1,0,1,0,0.335616,2.055262,-0.410622,0.813535,12.622845,-1.251889,0.428654,-2.920512,-30.199732,-3.629183,1,1.506533,0.283479,0,0,2.139999,0.340012,1.949997,0,0,RISK_SELL
2025-06-16,212.309998,217.059998,211.600006,216.100006,33284200,LIGHT_LONG,LIGHT_LONG,LIGHT_LONG,LIGHT_LONG,GRAY,LIGHT_LONG,GRAY,LIGHT_LONG,GRAY,GRAY,0,1,0,1,0,1.033209,1.365349,0.965316,0.93599,11.332269,-1.290576,0.329949,-3.911446,-2.193591,4.004336,1,3.029239,0.492674,0,0,3.790009,0.709991,0.959991,0,0,NONE
2025-06-17,215.199997,217.410004,214.559998,214.820007,32086300,LIGHT_LONG,LIGHT_LONG,LIGHT_LONG,LONG,GRAY,LIGHT_LONG,LIGHT_LONG,LIGHT_LONG,LIGHT_LONG,GRAY,0,0,0,1,0,0.951719,1.160272,0.250147,0.90514,10.32728,-1.00499,0.48904,-2.055024,11.175427,3.454785,1,2.14444,0.628954,0,0,0.37999,0.26001,2.210007,0,0,NONE
2025-06-18,215.089996,217.960007,212.339996,212.520004,44360500,GRAY,GRAY,LIGHT_LONG,GRAY,GRAY,LIGHT_LONG,LIGHT_LONG,LIGHT_LONG,LONG,GRAY,-1,-1,0,-2,0,0.048209,1.016569,-0.552932,1.225649,9.435866,-0.891414,0.55478,-1.606789,-32.077301,-11.382376,1,0.932968,0.664473,0,0,2.569992,0.180008,2.87001,0,0,NONE
2025-06-20,214.679993,214.889999,208.270004,209.690002,75350700,LIGHT_SHORT,LIGHT_SHORT,SHORT,LONG,GRAY,GRAY,GRAY,LIGHT_LONG,GRAY,GRAY,-1,-1,-3,2,0,-1.771477,-0.385774,-1.273338,1.991404,7.998673,-1.437193,0.553296,-2.597513,-55.876666,-14.686277,1,-0.365585,0.616243,0,0,4.98999,1.419998,0.210007,0,0,LOW_BUY
2025-06-23,209.789993,210.389999,207.309998,208.470001,37311700,LIGHT_SHORT,GRAY,SHORT,SHORT,GRAY,LIGHT_SHORT,LIGHT_SHORT,SHORT,LONG,GRAY,0,1,0,-4,0,-3.462684,-2.592976,-1.244004,0.988216,5.99889,-1.999783,0.652892,-3.062958,-42.495596,-10.524323,0,-0.841124,0.536178,0,0,1.319992,1.160004,0.600006,0,0,RISK_SELL
2025-06-24,212.139999,214.339996,211.050003,212.770004,38378800,GRAY,LIGHT_LONG,SHORT,GRAY,GRAY,LIGHT_SHORT,GRAY,SHORT,SHORT,GRAY,1,1,0,2,0,-3.20352,-4.218841,0.534733,1.009812,4.305135,-1.693755,0.772957,-2.191268,10.609929,7.888895,0,1.068948,0.614679,0,0,0.630005,1.089996,1.569992,0,0,NONE
2025-06-25,214.619995,216.029999,211.110001,211.990005,31755700,SHORT,LIGHT_LONG,SHORT,GRAY,SHORT,GRAY,LIGHT_LONG,SHORT,GRAY,GRAY,-2,0,0,0,-2,-3.303302,-4.984753,0.112506,0.839009,3.285222,-1.019913,0.795553,-1.282018,35.599214,8.698699,0,0.620351,0.551412,0,0,2.62999,0.880005,1.410004,0,1,WARN
2025-06-26,213.119995,218.039993,212.009995,217.119995,50480800,GRAY,LIGHT_LONG,LIGHT_SHORT,SHORT,GRAY,SHORT,LIGHT_LONG,SHORT,GRAY,SHORT,2,0,1,-2,2,-0.401501,-3.454162,1.648395,1.296187,3.651839,0.366617,0.61063,0.600391,53.243803,8.15733,1,2.706619,0.718158,0,0,4,1.110001,0.919998,0,0,RISK_SELL
2025-06-27,219.919998,223.300003,216.740005,223.300003,119217100,LIGHT_LONG,LONG,LONG,LONG,GRAY,GRAY,LIGHT_LONG,LIGHT_SHORT,SHORT,GRAY,1,1,3,4,0,1.924995,-0.889904,2.91357,2.761319,5.800328,2.148489,0.386966,5.552145,70.641009,18.667481,1,4.973347,0.85439,0,0,3.380005,3.179993,0,0,0,HIGH_SELL
2025-06-30,223.520004,223.820007,219.119995,219.389999,58887800,LIGHT_LONG,LIGHT_LONG,LONG,LONG,SHORT,LIGHT_LONG,LONG,LONG,LONG,GRAY,0,-1,0,0,-2,1.215196,1.369345,0.788853,1.352673,8.102101,2.301773,0.616243,3.735172,18.952428,-1.887906,1,2.777218,1.052659,0,0,4.130005,0.270004,0.300003,0,1,HIGH_SELL
2025-07-01,219.5,221.880005,217.929993,220.460007,39256800,LIGHT_LONG,LIGHT_LONG,LONG,LIGHT_SHORT,GRAY,LIGHT_LONG,LIGHT_LONG,LONG,LONG,SHORT,0,0,0,-3,2,1.211149,2.17567,0.846918,0.891358,9.795452,1.693351,0.880824,1.922462,-9.782767,-8.654755,1,2.903629,1.082919,0,0,0.960007,1.570007,1.419998,0,0,NONE
2025-07-02,219.729996,221.600006,219.059998,219.919998,30894200,LIGHT_LONG,LIGHT_LONG,LIGHT_LONG,LIGHT_LONG,GRAY,LIGHT_LONG,LIGHT_LONG,LONG,LIGHT_SHORT,GRAY,0,0,-1,2,0,0.910575,1.66846,0.4023,0.703271,10.683867,0.888415,0.90472,0.981977,-5.402665,0.10937,1,2.350028,0.998589,0,0,0.190002,0.669998,1.680008,0,0,NONE
2025-07-03,221.820007,224.009995,221.360001,223.410004,29632400,LIGHT_LONG,LIGHT_LONG,LIGHT_LONG,LONG,GRAY,LIGHT_LONG,LIGHT_LONG,LIGHT_LONG,LIGHT_LONG,GRAY,0,0,0,1,0,2.106759,2.114241,1.305445,0.674765,11.056759,0.372892,0.676942,0.550848,8.038648,3.976422,1,3.517149,1.037469,0,0,1.589996,0.460007,0.599991,0,0,HIGH_SELL
2025-07-07,223,224.289993,222.369995,223.470001,36604100,LIGHT_LONG,LIGHT_LONG,LIGHT_LONG,LONG,GRAY,LIGHT_LONG,LIGHT_LONG,LIGHT_LONG,LONG,GRAY,0,0,0,0,0,2.56451,2.790922,0.887962,0.848256,11.125256,0.068497,0.395296,0.173281,15.502751,5.54112,0,3.138702,1.07506,0,0,0.470001,0.630005,0.819992,0,0,NONE
2025-07-08,223.919998,224,218.429993,219.360001,45692000,GRAY,GRAY,LIGHT_LONG,LIGHT_SHORT,SHORT,LIGHT_LONG,LIGHT_LONG,LIGHT_LONG,LONG,GRAY,-1,-1,0,-3,-2,0.94916,2.810215,-0.646022,1.051717,10.732811,-0.392445,0.166051,-2.363404,-20.820096,-11.860282,1,1.102304,0.875154,0,0,4.559998,0.930008,0.080002,0,1,WARN
2025-07-09,221.070007,224.289993,220.470001,222.539993,38155100,LIGHT_LONG,LIGHT_LONG,LIGHT_LONG,LIGHT_SHORT,GRAY,GRAY,GRAY,LIGHT_LONG,LIGHT_SHORT,SHORT,1,1,0,0,2,1.210033,2.361852,0.528108,0.878183,10.218052,-0.514759,0.113052,-4.553289,-18.375622,-6.062234,1,2.27613,0.625149,0,0,1.469986,0.600006,1.75,0,0,NONE
2025-07-10,221.550003,222.789993,219.699997,222.259995,30370600,LIGHT_LONG,LIGHT_LONG,LIGHT_LONG,LIGHT_LONG,GRAY,LIGHT_LONG,LIGHT_LONG,LIGHT_LONG,LIGHT_SHORT,GRAY,0,0,0,2,0,1.150018,1.654606,0.26853,0.699765,9.625599,-0.592453,0.197112,-3.005671,-1.695357,5.085369,1,1.904297,0.370359,0,0,0.709991,1.850006,0.529999,0,0,NONE
2025-07-11,223.580002,226.679993,222.369995,225.020004,50518300,LIGHT_LONG,LONG,LIGHT_LONG,LIGHT_LONG,GRAY,LIGHT_LONG,LIGHT_LONG,LIGHT_LONG,LIGHT_LONG,GRAY,0,1,0,0,0,1.312898,1.836475,0.994532,1.149168,9.269984,-0.355616,0.239182,-1.4868,-4.776804,4.134301,1,2.807657,0.509256,0,0,1.440002,1.210007,1.659988,0,0,RISK_SELL
2025-07-14,225.070007,226.660004,224.240005,225.690002,35702600,LIGHT_LONG,LIGHT_LONG,LIGHT_LONG,LONG,GRAY,LIGHT_LONG,LONG,LIGHT_LONG,LIGHT_LONG,GRAY,0,-1,0,1,0,1.628464,2.04569,0.858964,0.804767,9.38168,0.111697,0.193029,0.578652,9.64395,6.075918,1,2.75825,0.66767,0,0,0.619995,0.830002,0.970001,0,0,HIGH_SELL
2025-07-15,226.199997,227.270004,225.460007,226.350006,34907300,LIGHT_LONG,LIGHT_LONG,LONG,LONG,GRAY,LIGHT_LONG,LIGHT_LONG,LIGHT_LONG,LONG,GRAY,0,0,1,0,0,1.73795,2.339656,0.765363,0.781932,9.904659,0.522979,0.121248,4.313316,11.260403,2.315715,1,2.709684,0.88835,0,0,0.150009,0.73999,0.919998,0,0,HIGH_SELL
2025-07-16,225.880005,226.100006,222.179993,223.190002,39535900,LIGHT_LONG,GRAY,LIGHT_LONG,LIGHT_SHORT,GRAY,LIGHT_LONG,LIGHT_LONG,LONG,LONG,GRAY,0,-1,-1,-3,0,0.079559,1.722986,-0.426424,0.879456,9.775571,-0.129088,0.082901,-1.557148,-22.079214,-9.780505,1,1.132426,0.777148,0,0,2.690002,1.01001,0.220001,0,0,NONE
2025-07-17,223.320007,224.5,222.509995,223.880005,31855800,LIGHT_SHORT,LIGHT_LONG,SHORT,SHORT,GRAY,LIGHT_LONG,GRAY,LIGHT_LONG,LIGHT_SHORT,GRAY,-2,1,-3,-1,0,-0.512964,0.652272,-0.077939,0.708798,9.168364,-0.607207,0.101026,-6.01043,-32.949163,-9.328575,1,1.282458,0.697184,0,0,0.559998,0.810013,0.619995,0,0,NONE
2025-07-18,225.139999,226.399994,222.979996,226.130005,37833800,LIGHT_LONG,LIGHT_LONG,LIGHT_LONG,LONG,LONG,LIGHT_SHORT,LIGHT_LONG,SHORT,SHORT,GRAY,2,0,3,4,2,0.256897,-0.088254,0.611893,0.847967,8.492611,-0.675753,0.17554,-3.849574,10.37546,6.672889,1,2.039542,0.680283,0,0,0.990005,2.160004,0.269989,1,0,HIGH_SELL
2025-07-21,225.839996,229.690002,225.649994,229.300003,40297600,LIGHT_LONG,LIGHT_LONG,LIGHT_LONG,LONG,GRAY,LIGHT_LONG,LIGHT_LONG,LIGHT_LONG,LONG,LONG,0,0,0,0,-2,1.111302,0.427617,1.323934,0.940118,8.41991,-0.072701,0.217246,-0.334647,33.096222,10.920795,1,3.072581,0.964913,0,0,3.460007,0.190002,0.389999,0,0,RISK_SELL
2025-07-22,229.679993,230,226.350006,227.470001,37483700,LIGHT_LONG,LIGHT_LONG,LIGHT_LONG,LIGHT_LONG,GRAY,LIGHT_LONG,LIGHT_LONG,LIGHT_LONG,LONG,GRAY,0,0,0,-1,0,0.478938,0.923568,0.353389,0.874296,8.57861,0.1587,0.181024,0.876676,7.479529,-0.776429,1,1.994992,1.189305,0,0,2.209991,1.119995,0.320007,0,0,NONE
2025-07-23,228.470001,228.789993,227.089996,228.289993,28294900,LIGHT_LONG,LIGHT_LONG,LONG,LIGHT_SHORT,GRAY,LIGHT_LONG,LIGHT_LONG,LIGHT_LONG,LIGHT_LONG,GRAY,0,0,1,-2,0,0.50256,1.0464,0.474205,0.667824,8.938378,0.359768,0.100282,3.587561,-10.929965,-4.956995,1,2.09465,1.228995,0,0,0.180008,1.199997,0.319992,0,0,NONE
2025-07-24,229.169998,236,228.639999,232.229996,42902300,GRAY,LIGHT_LONG,LIGHT_SHORT,SHORT,GRAY,LIGHT_LONG,LIGHT_LONG,LONG,LIGHT_SHORT,GRAY,-1,0,-3,-1,0,-0.134913,0.423293,1.441837,0.999444,9.638669,0.700292,0.157271,4.452777,-8.034696,8.704145,1,3.41353,1.237788,0,0,3.059998,0.529999,3.770004,0,0,HIGH_SELL
2025-07-25,232.220001,232.479996,231.179993,231.440002,28712100,GRAY,LIGHT_LONG,LIGHT_SHORT,SHORT,GRAY,GRAY,LIGHT_LONG,LIGHT_SHORT,SHORT,GRAY,0,0,0,0,0,-0.78752,-0.209936,0.736947,0.686273,10.209956,0.571286,0.235639,2.424415,-12.699882,3.928328,1,2.71232,1.127161,0,0,0.779999,0.26001,0.259995,0,0,NONE
2025-07-28,233.350006,234.289993,232.25,232.789993,26300100,GRAY,LIGHT_LONG,LIGHT_SHORT,LIGHT_SHORT,GRAY,GRAY,LIGHT_LONG,LIGHT_SHORT,SHORT,GRAY,0,0,0,1,0,-0.583501,-0.752967,0.875061,0.707146,10.677038,0.467083,0.271748,1.718805,-2.79155,-0.692288,1,2.932713,0.987991,0,0,0.560013,0.539993,0.939987,0,0,NONE
2025-07-29,234.149994,234.720001,230.309998,231.009995,33716200,SHORT,LIGHT_LONG,LIGHT_SHORT,LIGHT_SHORT,GRAY,GRAY,LIGHT_LONG,LIGHT_SHORT,LIGHT_SHORT,GRAY,-2,0,0,0,0,-1.127102,-1.249061,0.074183,0.9383,10.835991,0.158952,0.244547,0.649987,-3.886101,-4.831204,1,1.90271,0.791063,0,0,3.139999,0.699997,0.570007,0,0,NONE
2025-07-30,231.639999,231.800003,229.289993,230.190002,32993300,SHORT,LIGHT_LONG,SHORT,SHORT,GRAY,SHORT,LIGHT_LONG,LIGHT_SHORT,LIGHT_SHORT,GRAY,0,0,-1,-1,0,-1.684053,-1.697328,-0.187851,0.926255,10.363756,-0.472234,0.145897,-3.236767,-17.91923,-10.411718,1,1.367433,0.686385,0,0,1.449997,0.900009,0.160004,0,0,NONE
2025-07-31,235.770004,236.529999,231.399994,234.110001,104357300,GRAY,LONG,SHORT,GRAY,GRAY,SHORT,LIGHT_LONG,SHORT,SHORT,GRAY,2,1,0,2,0,-0.570028,-1.690591,0.993147,2.655857,9.884543,-0.479213,0.118153,-4.055875,3.569589,5.146813,1,2.7405,0.789323,0,0,1.660004,2.710007,0.759995,0,0,NONE
2025-08-01,217.210007,220.440002,212.800003,214.75,122258800,SHORT,SHORT,SHORT,SHORT,GRAY,GRAY,LONG,SHORT,GRAY,GRAY,-2,-4,0,-2,0,-7.281233,-4.767657,-5.288303,2.783379,6.894161,-2.990382,0.50931,-5.871442,-33.787469,-28.970832,0,-5.149149,0.338044,0,1,2.460007,1.949997,3.229996,0,0,CLEAR
2025-08-04,217.399994,217.440002,211.419998,211.649994,77890100,SHORT,GRAY,SHORT,SHORT,GRAY,SHORT,SHORT,SHORT,SHORT,GRAY,0,2,0,0,0,-11.783967,-9.817614,-4.55363,1.693672,1.689111,-5.205051,1.194211,-4.358569,-74.962702,-40.123084,0,-5.836369,-0.139038,0,0,5.75,0.229996,0.040009,0,0,NONE
2025-08-05,213.050003,216.300003,212.869995,213.75,51505100,LIGHT_SHORT,GRAY,SHORT,SHORT,GRAY,SHORT,GRAY,SHORT,SHORT,GRAY,1,0,0,0,0,-14.103742,-16.584471,-2.350956,1.112913,-3.836836,-5.525946,1.88655,-2.929129,-32.880198,1.694717,0,-4.38126,-0.574907,0,0,0.699997,0.180008,2.550003,0,0,RISK_SELL
2025-08-06,214.699997,222.649994,213.740005,222.309998,54823000,GRAY,GRAY,SHORT,GRAY,LIGHT_LONG,LIGHT_SHORT,GRAY,SHORT,SHORT,GRAY,1,0,0,2,1,-10.890826,-18.389268,1.06003,1.163651,-7.293496,-3.456661,2.24238,-1.541514,21.787834,19.507302,0,-0.491002,-0.389891,0,0,7.610001,0.959991,0.339996,1,0,RISK_SELL
2025-08-07,221,226.220001,220.820007,223.130005,40603500,GRAY,GRAY,LIGHT_SHORT,GRAY,GRAY,GRAY,GRAY,SHORT,GRAY,LIGHT_LONG,0,0,1,0,-1,-8.21471,-16.604639,0.949091,0.852574,-8.231919,-0.938423,1.997308,-0.469844,44.416118,16.223075,0,-0.110198,-0.110013,0,0,2.130005,0.179993,3.089996,0,0,RISK_SELL
2025-08-08,223.139999,223.800003,221.880005,222.690002,32970500,GRAY,LIGHT_SHORT,LIGHT_SHORT,GRAY,GRAY,GRAY,GRAY,LIGHT_SHORT,GRAY,GRAY,0,-1,0,0,0,-6.466307,-12.785921,0.502254,0.705294,-6.582241,1.649679,1.254106,1.315422,25.811298,0.523625,0,-0.273138,-0.037455,0,0,0.449997,0.809998,0.660004,0,0,NONE
2025-08-11,221.779999,223.050003,220.399994,221.300003,31646200,SHORT,LIGHT_SHORT,LIGHT_SHORT,LIGHT_SHORT,GRAY,GRAY,LIGHT_SHORT,LIGHT_SHORT,GRAY,GRAY,-2,0,0,-1,0,-5.750803,-10.21591,-0.081798,0.679915,-4.508681,2.07356,0.582639,3.55891,7.997262,-3.032607,0,-0.796899,-0.12966,0,0,0.479996,0.900009,1.270004,0,0,NONE
2025-08-12,222.229996,223.5,219.050003,221.470001,37185800,SHORT,GRAY,LIGHT_SHORT,LIGHT_SHORT,GRAY,SHORT,LIGHT_SHORT,LIGHT_SHORT,LIGHT_SHORT,GRAY,0,1,0,0,0,-4.958588,-8.587849,-0.003318,0.796981,-3.125447,1.383234,0.654179,2.114458,0.271023,-1.984811,0,-0.64113,-0.257054,0,0,0.759995,2.419998,1.270004,0,0,NONE
2025-08-13,222,224.919998,222,224.559998,36508300,GRAY,LIGHT_LONG,LIGHT_SHORT,GRAY,GRAY,SHORT,GRAY,LIGHT_SHORT,LIGHT_SHORT,GRAY,2,1,0,1,0,-2.875677,-6.792534,0.915167,0.785008,-2.272186,0.853261,0.768877,1.109749,38.497008,6.595285,0,0.661804,-0.175153,0,0,2.559998,0,0.360001,0,0,NONE
2025-08-14,227.399994,233.110001,227.020004,230.979996,61545800,LIGHT_LONG,LONG,LONG,LONG,GRAY,GRAY,LIGHT_LONG,LIGHT_SHORT,GRAY,GRAY,1,1,3,2,0,1.282089,-3.276088,2.446127,1.282433,-0.517653,1.754533,0.717476,2.445425,57.261104,16.35057,1,3.134028,0.079672,0,0,3.580002,0.37999,2.130005,0,0,HIGH_SELL
2025-08-15,232.580002,234.080002,229.809998,231.029999,39649200,LIGHT_LONG,LIGHT_LONG,LONG,LONG,GRAY,LIGHT_LONG,LONG,LONG,LONG,GRAY,0,-1,0,0,0,3.542858,0.974636,1.644828,0.824613,1.937097,2.45475,0.780655,3.144476,23.340387,10.173089,0,2.795843,0.297039,0,0,1.550003,1.220001,1.5,0,0,NONE
2025-08-18,230.229996,231.910004,228.330002,231.490005,25248900,LIGHT_LONG,LIGHT_LONG,LONG,LIGHT_LONG,GRAY,LIGHT_LONG,LIGHT_LONG,LONG,LONG,GRAY,0,0,0,-1,0,4.805567,4.815258,1.22685,0.533468,4.552369,2.615272,0.985108,2.654808,5.514424,0.771486,0,2.658268,0.315161,0,0,1.26001,1.899994,0.419998,0,0,NONE
2025-08-19,230.089996,230.529999,227.119995,228.009995,29891000,LIGHT_LONG,LIGHT_LONG,LONG,GRAY,GRAY,LIGHT_LONG,LIGHT_LONG,LONG,LIGHT_LONG,GRAY,0,0,0,-1,0,3.700201,6.024313,-0.187119,0.636654,6.157315,1.604945,1.088808,1.474039,-21.305573,-8.272851,0,0.989882,0.169196,0,0,2.080002,0.889999,0.440002,0,0,NONE
2025-08-20,227.119995,227.270004,220.919998,223.809998,36604300,GRAY,GRAY,LIGHT_LONG,GRAY,GRAY,LIGHT_LONG,LIGHT_LONG,LONG,GRAY,GRAY,-1,-1,-1,0,0,1.022053,4.763911,-1.378148,0.772804,5.870234,-0.287081,0.88987,-0.32261,-56.762743,-17.777928,1,-0.774416,-0.038764,0,0,3.309998,2.889999,0.150009,0,0,NONE
2025-08-21,222.649994,222.779999,220.5,221.949997,32140500,LIGHT_SHORT,LIGHT_SHORT,SHORT,LONG,GRAY,GRAY,GRAY,LIGHT_LONG,GRAY,GRAY,-1,-1,-3,2,0,-1.345633,1.688311,-1.485149,0.68636,3.892603,-1.977631,0.532247,-3.715624,-60.509657,-12.215654,1,-1.423901,-0.314836,0,0,0.699997,1.449997,0.130005,0,0,LOW_BUY
2025-08-22,222.789993,229.139999,220.820007,228.839996,37315300,LIGHT_LONG,LONG,LIGHT_LONG,LONG,LONG,LIGHT_SHORT,LIGHT_SHORT,SHORT,LONG,GRAY,2,3,3,0,2,0.462551,0.069486,1.046936,0.789614,2.391118,-1.501486,0.480326,-3.125974,-2.542672,10.026472,1,1.45176,-0.384311,0,0,6.050003,1.969986,0.300003,1,0,WATCH
2025-08-25,227.350006,229.600006,227.309998,227.940002,22633700,LIGHT_LONG,LIGHT_LONG,LIGHT_LONG,LONG,SHORT,LIGHT_LONG,LONG,LIGHT_LONG,LONG,LONG,0,-1,0,0,-4,1.043155,0.080037,0.437487,0.480808,1.696174,-0.694944,0.627261,-1.107903,28.79672,11.55922,1,0.934698,-0.392891,0,0,0.589996,0.040009,1.660004,0,1,WARN
2025-08-26,227.110001,229,226.020004,228.710007,26105400,LIGHT_LONG,LIGHT_LONG,LIGHT_LONG,LONG,GRAY,LIGHT_LONG,LIGHT_LONG,LIGHT_LONG,LONG,SHORT,0,0,0,0,2,1.648485,1.577095,0.515125,0.559076,1.965625,0.269452,0.543178,0.496066,12.22472,-0.459897,1,1.13232,-0.21655,0,0,1.600006,1.089996,0.289993,0,0,NONE
2025-08-27,228.570007,229.869995,227.809998,229.119995,21254500,LIGHT_LONG,LIGHT_LONG,LONG,LONG,GRAY,LIGHT_LONG,LIGHT_LONG,LIGHT_LONG,LONG,GRAY,0,0,1,0,0,2.074615,2.383127,0.462096,0.460983,2.84231,0.876685,0.270362,3.242631,13.379186,2.229182,1,1.165953,-0.182674,0,0,0.549988,0.76001,0.75,0,0,NONE
2025-08-28,229.009995,232.710007,228.020004,231.600006,33679600,LIGHT_LONG,LONG,LONG,LONG,GRAY,LIGHT_LONG,LIGHT_LONG,LONG,LONG,GRAY,0,1,0,0,0,3.293497,3.508298,1.018643,0.791103,4.015377,1.173067,0.285347,4.111025,30.298184,5.614993,0,2.004724,-0.130813,0,0,2.590012,0.98999,1.110001,0,0,NONE
2025-08-29,231.320007,231.809998,228.160004,229,26199200,LIGHT_LONG,LIGHT_LONG,LONG,LONG,GRAY,LIGHT_LONG,LONG,LONG,LONG,GRAY,0,-1,0,0,0,2.637185,4.002648,-0.070111,0.693651,4.477867,0.46249,0.38372,1.20528,18.924681,-2.296844,0,0.763351,0.237498,0,0,2.320007,0.839996,0.48999,0,0,NONE
2025-09-02,223.520004,226.169998,221.830002,225.339996,38843900,GRAY,LIGHT_SHORT,LIGHT_LONG,GRAY,GRAY,LIGHT_LONG,LIGHT_LONG,LONG,LONG,GRAY,-1,-2,-1,-2,0,0.506515,3.218598,-1.130309,1.084489,4.008335,-0.469532,0.323058,-1.453401,-32.20215,-15.511367,1,-0.753691,0.566168,0,0,1.819992,1.690002,0.830002,0,0,NONE
2025-09-03,225.210007,227.169998,224.360001,225.990005,29223100,LIGHT_SHORT,GRAY,SHORT,SHORT,GRAY,GRAY,LIGHT_SHORT,LIGHT_LONG,GRAY,GRAY,-1,1,-3,-2,0,-0.417703,1.362998,-0.55962,0.842077,2.943362,-1.064973,0.226755,-4.696575,-36.341174,-6.787031,1,-0.415689,0.895059,0,0,0.779999,0.850006,1.179993,0,0,NONE
2025-09-04,231.190002,235.770004,230.779999,235.679993,59391800,LIGHT_LONG,LONG,LIGHT_LONG,LONG,GRAY,LIGHT_SHORT,GRAY,SHORT,SHORT,GRAY,2,2,3,4,0,3.379843,1.734327,2.38326,1.700211,3.056213,0.112851,0.209215,0.539402,28.770445,19.173243,0,3.411418,0.872686,0,0,4.48999,0.410004,0.090012,0,0,RISK_SELL
2025-09-05,235.190002,236,231.929993,232.330002,36721800,LONG,LIGHT_LONG,LONG,LONG,GRAY,LIGHT_LONG,LONG,LIGHT_LONG,LONG,GRAY,1,-1,1,0,0,3.819459,3.390799,0.650476,1.057109,3.719488,0.663275,0.202282,3.278966,37.335496,10.053998,0,1.722074,0.770639,0,0,2.860001,0.400009,0.809998,0,0,NONE
2025-09-08,234.940002,237.600006,233.75,235.839996,33947100,LIGHT_LONG,LIGHT_LONG,LONG,LONG,GRAY,LONG,LIGHT_LONG,LONG,LONG,GRAY,-1,0,0,0,0,4.963016,6.081159,1.419393,0.975862,5.257619,1.538131,0.291218,5.281722,9.356999,-2.430547,0,2.886323,0.788648,0,0,0.899994,1.190002,1.76001,0,0,NONE
2025-09-09,236.360001,238.850006,235.080002,238.240005,27033800,LIGHT_LONG,LIGHT_LONG,LONG,LONG,GRAY,LIGHT_LONG,LIGHT_LONG,LONG,LONG,GRAY,0,0,0,0,0,5.822479,7.302477,1.608324,0.782315,7.440864,2.183245,0.592693,3.683604,20.278082,8.210094,0,3.481087,0.864915,0,0,1.880005,1.279999,0.610001,0,0,NONE
2025-09-10,237.520004,237.679993,229.100006,230.330002,60907700,GRAY,GRAY,LONG,GRAY,GRAY,LIGHT_LONG,LIGHT_LONG,LONG,LONG,GRAY,-1,-1,0,-2,0,2.772371,6.778933,-1.180432,1.704082,8.193234,0.75237,0.703769,1.069059,-22.25261,-12.515975,0,0.040287,0.855698,0,0,7.190002,1.229996,0.159988,0,0,NONE
2025-09-11,231.490005,231.529999,229.339996,229.949997,37485600,GRAY,GRAY,LIGHT_LONG,GRAY,GRAY,GRAY,GRAY,LONG,GRAY,GRAY,0,0,-1,0,0,0.769916,4.682383,-0.898425,1.047344,7.216922,-0.976313,0.574058,-1.700721,-50.634008,-16.295701,1,-0.110915,0.683244,0,0,1.540009,0.610001,0.039993,0,0,NONE
2025-09-12,230.350006,230.789993,226.289993,228.149994,38496200,LIGHT_SHORT,GRAY,SHORT,SHORT,GRAY,GRAY,GRAY,LIGHT_LONG,GRAY,GRAY,-1,0,-3,-2,0,-1.114461,1.213913,-1.129646,1.111366,5.358916,-1.858006,0.411889,-4.510938,-35.112505,-3.774646,1,-0.794412,0.24924,0,0,2.200012,1.860001,0.439987,0,0,NONE
2025-09-15,230.630005,233.729996,230.320007,231.429993,33243300,LIGHT_SHORT,LIGHT_LONG,SHORT,LIGHT_LONG,GRAY,LIGHT_SHORT,GRAY,SHORT,SHORT,GRAY,0,1,0,3,0,-0.770789,-0.557667,0.202426,0.968675,3.506531,-1.852385,0.594101,-3.11796,-14.93082,3.026306,1,0.561222,0.064477,0,0,0.799988,0.309998,2.300003,0,0,RISK_SELL
2025-09-16,232.940002,235.899994,232.229996,234.050003,38203900,LIGHT_LONG,LIGHT_LONG,LIGHT_LONG,LONG,GRAY,LIGHT_SHORT,LIGHT_LONG,SHORT,LIGHT_LONG,GRAY,2,0,3,1,0,0.415735,-0.734758,0.879722,1.092599,2.611085,-0.895446,0.741897,-1.206969,14.148144,10.607631,1,1.507971,0.002828,0,0,1.110001,0.710007,1.849991,0,0,RISK_SELL
2025-09-17,233.770004,234.300003,228.710007,231.619995,42815200,LIGHT_SHORT,LIGHT_LONG,LIGHT_SHORT,LIGHT_SHORT,GRAY,LIGHT_LONG,LIGHT_LONG,LIGHT_LONG,LONG,GRAY,-2,0,-2,-3,0,-0.094582,-0.224818,-0.106789,1.202259,2.597515,-0.01357,0.626128,-0.021673,4.122802,-0.629051,1,0.403416,0.143033,0,0,2.150009,2.909988,0.529999,0,0,NONE
2025-09-18,232.5,233.479996,228.789993,231.229996,37931700,LIGHT_SHORT,LIGHT_LONG,LIGHT_SHORT,SHORT,GRAY,LIGHT_SHORT,LIGHT_LONG,LIGHT_SHORT,LIGHT_SHORT,GRAY,0,0,0,-1,0,-1.449674,-0.56426,-0.183755,1.063148,2.715118,0.117603,0.369586,0.318202,-14.016587,-5.893642,1,0.208264,0.295837,0,0,1.270004,2.440002,0.979996,0,0,NONE
2025-09-19,232.369995,234.160004,229.699997,231.479996,97943200,LIGHT_SHORT,LONG,LIGHT_SHORT,LIGHT_SHORT,GRAY,LIGHT_SHORT,LIGHT_LONG,LIGHT_SHORT,SHORT,GRAY,0,1,0,1,0,-1.981674,-1.762965,-0.050371,2.513375,2.735786,0.020669,0.119379,0.173136,-6.419908,-0.269638,1,0.281329,0.447315,0,0,0.889999,1.779999,1.790009,0,0,NONE
2025-09-22,230.559998,230.570007,227.509995,227.630005,45914500,LIGHT_SHORT,GRAY,SHORT,SHORT,GRAY,LIGHT_SHORT,LONG,LIGHT_SHORT,LIGHT_SHORT,GRAY,0,-2,-1,-1,0,-4.327625,-3.879487,-1.161706,1.165379,1.857719,-0.878068,0.114615,-7.661033,-23.027706,-7.890168,0,-1.234397,0.34218,0,0,2.929993,0.12001,0.01001,0,0,RISK_SELL
2025-09-23,227.830002,227.860001,220.070007,220.710007,70956200,SHORT,LIGHT_SHORT,SHORT,SHORT,GRAY,LIGHT_SHORT,GRAY,SHORT,SHORT,GRAY,-1,-1,0,0,0,-9.273783,-7.791541,-2.888977,1.696912,-0.528698,-2.386416,0.435658,-5.477734,-38.467255,-19.174281,0,-3.783939,0.023658,0,0,7.119995,0.639999,0.029999,0,0,NONE
2025-09-24,224.149994,224.559998,219.449997,220.210007,49509000,LIGHT_SHORT,GRAY,SHORT,SHORT,GRAY,SHORT,LIGHT_SHORT,SHORT,SHORT,GRAY,1,1,0,0,0,-12.002692,-12.80205,-2.081728,1.151772,-3.556458,-3.027761,0.845194,-3.582325,-21.759665,-11.375326,0,-3.57314,-0.366915,0,0,3.939987,0.76001,0.410004,0,0,RISK_SELL
2025-09-25,220.059998,220.669998,216.470001,218.149994,52226300,LIGHT_SHORT,GRAY,SHORT,LIGHT_SHORT,GRAY,LIGHT_SHORT,GRAY,SHORT,SHORT,GRAY,0,0,0,1,0,-12.453148,-16.864811,-2.030464,1.172738,-6.806933,-3.250474,1.235093,-2.631765,-3.572756,-3.317429,0,-3.997826,-0.578465,0,0,1.910004,1.679993,0.610001,0,0,RISK_SELL
2025-09-26,219.080002,221.050003,218.020004,219.779999,41650100,SHORT,GRAY,SHORT,GRAY,GRAY,LIGHT_SHORT,GRAY,SHORT,LIGHT_SHORT,GRAY,-1,0,0,1,0,-11.202303,-17.829071,-0.849168,0.926955,-9.354127,-2.547194,1.422445,-1.790716,11.494743,2.255616,0,-2.926671,-0.678973,0,0,0.699997,1.059998,1.270004,0,0,RISK_SELL
2025-09-29,220.080002,222.600006,219.300003,222.169998,44259200,LIGHT_SHORT,GRAY,LIGHT_SHORT,GRAY,GRAY,SHORT,GRAY,SHORT,GRAY,GRAY,1,0,1,0,0,-8.698465,-16.176958,0.157146,0.965616,-10.312965,-0.958839,1.274947,-0.752062,26.776768,11.717872,0,-1.666617,-0.643923,0,0,2.089996,0.779999,0.430008,0,0,NONE
2025-09-30,222.029999,222.240005,217.889999,219.570007,48396400,LIGHT_SHORT,GRAY,LIGHT_SHORT,GRAY,GRAY,LIGHT_SHORT,GRAY,LIGHT_SHORT,GRAY,GRAY,0,0,0,0,0,-8.115025,-14.007897,-0.683414,1.04499,-10.224932,0.088033,0.903098,0.097479,15.425445,2.212854,0,-2.512205,-0.532147,0,0,2.459991,1.680008,0.210007,0,0,NONE
2025-10-01,217.360001,222.149994,216.610001,220.630005,43933800,SHORT,GRAY,LIGHT_SHORT,LIGHT_SHORT,GRAY,LIGHT_SHORT,GRAY,LIGHT_SHORT,GRAY,GRAY,-1,0,0,-1,0,-6.813795,-11.813643,-0.133126,0.933801,-9.625714,0.599218,0.448215,1.336899,1.76665,-1.464375,0,-1.818857,-0.392385,0,0,3.270004,0.75,1.519989,0,0,NONE
2025-10-02,221.009995,222.809998,218.949997,222.410004,41258600,SHORT,GRAY,LIGHT_SHORT,GRAY,GRAY,SHORT,GRAY,LIGHT_SHORT,LIGHT_SHORT,GRAY,0,0,0,1,0,-4.828621,-9.878721,0.445508,0.894172,-8.549938,1.075776,0.224747,4.786602,20.270878,8.227295,0,-0.91371,-0.53388,0,0,1.400009,2.059998,0.399994,0,0,NONE
2025-10-03,223.440002,224.199997,219.339996,219.509995,43639000,SHORT,GRAY,LIGHT_SHORT,LIGHT_SHORT,GRAY,SHORT,GRAY,LIGHT_SHORT,GRAY,GRAY,0,0,0,-1,0,-4.897271,-8.269844,-0.579823,0.938725,-7.828717,0.721221,0.339864,2.122087,12.308841,-0.851422,0,-1.965438,-0.689007,0,0,3.930008,0.169998,0.759995,0,1,NONE
2025-10-06,221,221.729996,216.029999,220.899994,43690900,SHORT,GRAY,LIGHT_SHORT,LIGHT_SHORT,GRAY,SHORT,GRAY,LIGHT_SHORT,LIGHT_SHORT,GRAY,0,0,0,0,0,-3.801409,-6.763651,0.035379,0.930094,-7.268865,0.559851,0.383794,1.458728,16.925952,-1.826843,0,-1.197038,-0.899943,0,0,0.100006,4.869995,0.729996,0,0,NONE
2025-10-07,220.880005,222.889999,220.169998,221.779999,31194700,SHORT,GRAY,LIGHT_SHORT,GRAY,LIGHT_LONG,SHORT,GRAY,LIGHT_SHORT,LIGHT_SHORT,GRAY,0,0,0,1,1,-2.552931,-5.625806,0.288021,0.661146,-6.497459,0.771406,0.375542,2.054116,41.101405,6.766459,0,-0.714801,-0.972743,0,0,0.899994,0.710007,1.110001,1,0,NONE
2025-10-08,222.919998,226.729996,221.190002,225.220001,46686000,GRAY,LIGHT_LONG,LIGHT_SHORT,GRAY,GRAY,SHORT,GRAY,LIGHT_SHORT,GRAY,LIGHT_LONG,2,1,0,0,-1,-0.042558,-3.198449,1.207345,1.004612,-5.227683,1.269777,0.399897,3.17526,40.54931,11.792739,0,0.732838,-0.805411,0,0,2.300003,1.729996,1.509995,0,0,NONE
2025-10-09,225,228.210007,221.75,227.740005,46412100,LIGHT_LONG,LIGHT_LONG,LONG,LONG,GRAY,GRAY,LIGHT_LONG,LIGHT_SHORT,GRAY,GRAY,1,0,3,2,0,2.581454,-0.007018,1.533675,0.989217,-3.3043,1.923383,0.565697,3.400026,36.638488,14.692923,0,1.649876,-0.526322,0,0,2.740005,3.25,0.470001,0,0,NONE
2025-10-10,226.210007,228.25,216,216.369995,72367500,LIGHT_SHORT,LIGHT_SHORT,LIGHT_SHORT,SHORT,GRAY,LIGHT_LONG,LIGHT_LONG,LONG,LONG,GRAY,-2,-2,-3,-4,0,-1.625889,0.456503,-2.427083,1.488688,-2.635037,0.669262,0.624327,1.071975,-50.797625,-17.358986,0,-3.056106,-0.424285,0,0,9.840012,0.369995,2.039993,0,0,NONE
2025-10-13,217.699997,220.679993,217.039993,220.070007,37809700,LIGHT_SHORT,GRAY,LIGHT_SHORT,SHORT,GRAY,LIGHT_SHORT,LIGHT_SHORT,LIGHT_SHORT,SHORT,GRAY,0,1,0,0,0,-2.073796,-0.559115,-0.469992,0.774156,-2.830341,-0.195303,0.528738,-0.369377,-77.704098,-15.183531,0,-1.244891,-0.563761,0,0,2.37001,0.660004,0.609985,0,0,RISK_SELL
2025-10-14,215.559998,219.320007,212.600006,216.389999,45665600,SHORT,GRAY,SHORT,SHORT,GRAY,LIGHT_SHORT,GRAY,LIGHT_SHORT,SHORT,GRAY,-1,0,-1,0,0,-2.582286,-3.140985,-1.452414,0.927918,-4.015921,-1.18558,0.329568,-3.597374,-22.597863,2.29642,0,-2.582777,-0.907802,0,0,0.830002,2.959991,2.930008,0,0,NONE
2025-10-15,216.619995,217.710007,212.660004,215.570007,45909500,SHORT,GRAY,SHORT,SHORT,GRAY,SHORT,GRAY,SHORT,SHORT,GRAY,0,0,0,0,0,-3.068406,-3.862244,-1.225548,0.92995,-5.817858,-1.801937,0.403033,-4.470944,-20.807485,-6.560581,0,-2.632573,-1.005445,0,0,1.049988,2.910004,1.090012,0,0,NONE
2025-10-16,215.669998,218.589996,212.809998,214.470001,42414600,SHORT,GRAY,SHORT,SHORT,GRAY,SHORT,GRAY,SHORT,SHORT,GRAY,0,0,0,0,0,-3.633617,-4.642154,-1.163153,0.855274,-7.575919,-1.758061,0.657964,-2.67197,-17.743946,-2.778745,0,-2.791411,-1.128772,0,0,1.199997,1.660004,2.919998,0,0,RISK_SELL
2025-10-17,214.559998,214.800003,211.029999,213.039993,45986900,LIGHT_SHORT,GRAY,SHORT,SHORT,GRAY,SHORT,GRAY,SHORT,SHORT,GRAY,1,0,0,0,0,-3.734511,-5.218267,-1.228133,0.978569,-8.6842,-1.108282,0.758354,-1.461431,-11.913745,-3.7617,0,-3.069118,-1.150762,0,0,1.520004,2.009995,0.240005,0,0,NONE
2025-10-20,213.880005,216.690002,213.589996,216.479996,38882800,SHORT,GRAY,LIGHT_SHORT,GRAY,GRAY,LIGHT_SHORT,GRAY,SHORT,SHORT,GRAY,-1,0,1,2,0,-2.209178,-4.788653,0.25363,0.833636,-9.1224,-0.4382,0.663444,-0.660492,12.193855,6.794569,0,-1.339086,-1.044502,0,0,2.599991,0.290009,0.210007,0,0,NONE
2025-10-21,218.429993,223.320007,217.990005,222.029999,50494600,LIGHT_LONG,LIGHT_LONG,LONG,LONG,GRAY,SHORT,GRAY,LIGHT_SHORT,GRAY,GRAY,3,1,3,2,0,1.170473,-2.386608,1.831303,1.106868,-7.911601,1.210799,0.399663,3.029554,49.025152,20.15817,0,1.056675,-0.639483,0,0,3.600006,0.439987,1.290009,0,0,RISK_SELL
2025-10-22,219.300003,220.009995,216.520004,217.949997,44308500,LIGHT_LONG,GRAY,LONG,LONG,GRAY,LIGHT_LONG,LIGHT_LONG,LONG,LONG,GRAY,0,-1,0,0,0,1.488461,0.224878,-0.00427,0.976833,-6.264258,1.647343,0.346106,4.759646,31.78244,3.515993,0,-0.71204,-0.274629,0,0,1.350006,1.429993,0.709991,0,0,NONE
2025-10-23,219,221.300003,218.179993,221.089996,31540000,LIGHT_LONG,LIGHT_LONG,LONG,LONG,GRAY,LIGHT_LONG,GRAY,LONG,LONG,GRAY,0,1,0,0,0,2.98528,2.822107,0.944017,0.711562,-4.259051,2.005207,0.624492,3.21094,28.877813,-1.937954,0,0.638068,0.045546,0,0,2.089996,0.820007,0.210007,0,0,NONE
2025-10-24,221.970001,225.399994,221.899994,224.210007,38685100,LIGHT_LONG,LIGHT_LONG,LONG,LONG,GRAY,LIGHT_LONG,LIGHT_LONG,LONG,LONG,GRAY,0,0,0,0,0,5.044916,4.759329,1.548292,0.875689,-1.90264,2.356411,0.902354,2.611406,52.47562,10.895409,0,1.825396,0.116335,0,0,2.240005,0.070007,1.189987,0,0,NONE
2025-10-27,227.660004,228.399994,225.539993,226.970001,38267000,LIGHT_LONG,LIGHT_LONG,LONG,LONG,GRAY,LIGHT_LONG,LIGHT_LONG,LONG,LONG,GRAY,0,0,0,0,0,7.141962,7.586079,1.830321,0.872139,0.561741,2.464381,1.058053,2.329165,30.487109,9.229723,0,2.727427,0.277207,0,0,0.690002,1.430008,0.73999,0,0,NONE
2025-10-28,228.220001,231.490005,226.210007,229.25,47100000,LONG,LONG,LONG,LONG,GRAY,LIGHT_LONG,LIGHT_LONG,LONG,LONG,GRAY,1,1,0,0,0,9.488537,10.837708,1.87111,1.075039,3.109313,2.547572,1.167702,2.181697,8.644279,7.26182,0,3.327756,0.430441,0,0,1.029999,2.009995,2.240005,0,0,OPEN
2025-10-29,231.669998,232.820007,227.759995,230.300003,52036200,LONG,LONG,LONG,LIGHT_LONG,GRAY,LONG,LONG,LONG,LONG,GRAY,0,0,0,-1,0,10.822103,13.726301,1.545672,1.176825,5.827782,2.718469,1.247088,2.179854,-2.837887,4.595406,0,3.36447,0.549163,0,0,1.369995,2.540009,1.150009,0,0,NONE
2025-10-30,227.059998,228.440002,222.75,222.860001,102252900,GRAY,SHORT,LIGHT_LONG,GRAY,GRAY,LONG,LONG,LONG,LIGHT_LONG,GRAY,-2,-4,-1,-1,0,7.387742,13.849191,-1.160765,2.163296,6.881649,1.053868,1.139538,0.92482,-37.173149,-15.025557,0,0.022407,0.449754,0,1,4.199997,0.110001,1.380005,0,0,REDUCE
2025-10-31,250.100006,250.5,243.979996,244.220001,166340800,LONG,LONG,LONG,LIGHT_LONG,GRAY,GRAY,SHORT,LIGHT_LONG,GRAY,GRAY,2,4,1,1,0,8.729722,13.469783,5.124647,3.114864,9.426758,2.545109,1.072675,2.372675,-26.451845,5.700683,0,8.451145,0.789424,0,0,5.880005,0.240005,0.399994,0,0,OPEN
2025-11-03,255.360001,258.600006,252.899994,254,95997800,LONG,LIGHT_LONG,LONG,LONG,GRAY,LONG,LONG,LONG,LIGHT_LONG,GRAY,0,-1,0,1,0,9.683709,12.900586,5.851814,1.713707,14.511493,5.084735,1.349307,3.768404,17.645224,27.329268,0,11.213186,1.317578,0,0,1.360001,1.100006,3.240005,0,0,REDUCE
2025-11-04,250.380005,257.01001,248.660004,249.320007,51546300,LIGHT_LONG,LIGHT_LONG,LONG,LIGHT_LONG,GRAY,LONG,LIGHT_LONG,LONG,LONG,GRAY,-1,0,0,-1,0,8.582593,13.498012,2.723037,0.903763,20.063701,5.552207,1.852576,2.997019,4.559201,-1.887957,0,8.063728,1.930035,0,0,1.059998,0.660004,6.630005,0,0,NONE
2025-11-05,249.029999,251,246.160004,250.199997,40610700,LIGHT_LONG,LIGHT_LONG,LONG,GRAY,GRAY,LIGHT_LONG,LIGHT_LONG,LONG,LIGHT_LONG,GRAY,0,0,0,-1,0,7.699594,12.982948,2.04345,0.715841,24.888229,4.824529,2.324307,2.075685,-8.07809,-6.492664,0,7.43701,1.925382,0,0,1.169998,2.869995,0.800003,0,0,NONE
2025-11-06,249.160004,250.380005,242.169998,243.039993,46004200,GRAY,GRAY,LIGHT_LONG,GRAY,GRAY,LIGHT_LONG,LIGHT_LONG,LONG,GRAY,GRAY,-1,-1,-1,0,0,5.108895,10.695541,-0.561579,0.811204,27.070199,2.18197,2.281936,0.956192,-20.726972,-9.903686,0,3.859048,1.513836,0,0,6.12001,0.869995,1.220001,0,0,NONE
2025-11-07,242.899994,244.899994,238.490005,244.410004,46374300,LIGHT_LONG,LIGHT_LONG,LIGHT_LONG,GRAY,LONG,GRAY,GRAY,LIGHT_LONG,GRAY,GRAY,1,1,0,0,2,3.705788,8.257138,0.001404,0.836909,25.823852,-1.246347,1.622023,-0.768391,-23.399919,-9.247068,0,3.931252,1.515679,0,0,1.51001,4.409988,0.48999,1,0,WATCH
2025-11-10,248.339996,251.75,245.589996,248.399994,36476500,LIGHT_LONG,LIGHT_LONG,LIGHT_LONG,LIGHT_LONG,GRAY,LIGHT_LONG,LIGHT_LONG,LIGHT_LONG,GRAY,LONG,0,0,0,1,-2,3.652365,6.233524,1.071772,0.659078,23.517428,-2.306424,0.841414,-2.741128,0.769654,4.726868,0,4.971515,1.581236,0,0,0.059998,2.75,3.350006,0,0,NONE
2025-11-11,248.410004,249.75,247.229996,249.100006,23564100,LIGHT_LONG,LIGHT_LONG,LIGHT_LONG,LONG,GRAY,LIGHT_LONG,LIGHT_LONG,LIGHT_LONG,LIGHT_LONG,GRAY,0,0,0,1,0,3.58328,5.470716,0.899851,0.434444,21.782464,-1.734964,0.641406,-2.70494,11.633829,4.128222,0,4.654831,1.958736,0,0,0.690002,1.180008,0.649994,0,0,NONE
2025-11-12,250.240005,250.369995,243.75,244.199997,31190100,GRAY,GRAY,LIGHT_LONG,GRAY,SHORT,LIGHT_LONG,LIGHT_LONG,LIGHT_LONG,LONG,GRAY,-1,-1,0,-2,-2,2.201315,4.71848,-0.725766,0.582953,19.915152,-1.867312,0.910993,-2.049755,-27.116278,-7.456464,1,2.301079,1.959627,0,0,6.040009,0.449997,0.12999,0,1,RISK_SELL
2025-11-13,243.050003,243.75,236.5,237.580002,41401700,LIGHT_SHORT,LIGHT_SHORT,SHORT,LONG,GRAY,GRAY,GRAY,LIGHT_LONG,GRAY,SHORT,-1,-1,-3,2,2,-0.234997,2.774799,-2.354944,0.774544,17.157371,-2.757781,1.039667,-2.652561,-65.922399,-17.14917,1,-0.419946,1.834195,0,0,5.470001,1.080002,0.699997,0,0,LOW_BUY
2025-11-14,235.059998,238.729996,232.889999,234.690002,38956700,LIGHT_SHORT,LIGHT_SHORT,SHORT,LONG,GRAY,LIGHT_SHORT,LIGHT_SHORT,SHORT,LONG,GRAY,0,0,0,0,0,-2.250476,-0.142079,-2.410236,0.733627,13.035858,-4.121514,1.289974,-3.195036,-46.382048,-12.561654,1,-1.452651,1.582735,0,0,0.369995,1.800003,3.669998,0,0,LOW_BUY
2025-11-17,233.25,234.600006,229.190002,232.869995,59919000,LIGHT_SHORT,LIGHT_SHORT,SHORT,SHORT,GRAY,LIGHT_SHORT,LIGHT_SHORT,SHORT,LONG,GRAY,0,0,0,-4,0,-3.670267,-3.07787,-2.140419,1.106469,8.043862,-4.991996,1.73022,-2.88518,-9.703603,-5.669788,0,-1.975425,1.310674,0,0,0.380005,3.679993,1.350006,0,0,NONE
2025-11-18,228.100006,230.199997,222.419998,222.550003,60608400,LIGHT_SHORT,LIGHT_SHORT,SHORT,SHORT,GRAY,LIGHT_SHORT,LIGHT_SHORT,SHORT,SHORT,GRAY,0,0,0,0,0,-6.665616,-6.29318,-4.584554,1.108845,1.920301,-6.12356,2.255105,-2.715421,-5.400224,-12.311631,0,-5.657087,0.822412,0,0,5.550003,0.130005,2.099991,0,0,NONE
2025-11-19,223.740005,223.740005,218.520004,222.690002,58335600,LIGHT_SHORT,GRAY,SHORT,SHORT,LIGHT_LONG,LIGHT_SHORT,LIGHT_SHORT,SHORT,SHORT,GRAY,0,1,0,0,1,-7.926687,-9.131285,-3.012536,1.053743,-3.911931,-5.832232,2.643632,-2.206144,-1.134833,-9.888408,0,-5.006909,0.459631,0,0,1.050003,4.169998,0,1,0,NONE
2025-11-20,227.050003,227.410004,216.740005,217.139999,50309000,SHORT,GRAY,SHORT,LIGHT_SHORT,GRAY,LIGHT_SHORT,GRAY,SHORT,SHORT,LIGHT_LONG,-1,0,0,1,-1,-9.483246,-12.037775,-3.763661,0.893607,-9.328274,-5.416343,2.806965,-1.929608,3.939614,-4.320202,0,-6.609158,0.027715,0,0,9.910004,0.399994,0.360001,0,1,NONE
2025-11-21,216.350006,222.210007,215.179993,220.690002,68490500,LIGHT_SHORT,GRAY,SHORT,GRAY,GRAY,SHORT,GRAY,SHORT,LIGHT_SHORT,GRAY,1,0,0,1,0,-8.991966,-13.20095,-1.396351,1.18518,-13.343833,-4.015559,2.681672,-1.497409,7.709113,1.884481,0,-4.543273,-0.057751,0,0,4.339996,1.170013,1.520004,0,0,NONE
2025-11-24,222.559998,227.330002,222.270004,226.279999,54318400,GRAY,GRAY,LIGHT_SHORT,GRAY,GRAY,LIGHT_SHORT,GRAY,SHORT,GRAY,GRAY,1,0,1,0,0,-6.913802,-12.694507,0.739022,0.927067,-14.818085,-1.474252,2.168182,-0.679949,30.100095,15.401827,0,-1.893707,-0.172445,0,0,3.720001,0.289993,1.050003,0,0,NONE
2025-11-25,226.380005,230.520004,223.800003,229.669998,39379300,GRAY,GRAY,LIGHT_SHORT,GRAY,GRAY,GRAY,GRAY,LIGHT_SHORT,GRAY,GRAY,0,0,0,0,0,-4.583351,-10.24456,1.46943,0.676555,-13.449114,1.368971,1.392107,0.983381,43.708775,13.77269,0,-0.377008,-0.080161,0,0,3.289993,2.580002,0.850006,0,0,RISK_SELL
2025-11-26,230.740005,231.75,228.770004,229.160004,38497900,GRAY,LIGHT_SHORT,LIGHT_SHORT,GRAY,GRAY,GRAY,GRAY,LIGHT_SHORT,GRAY,GRAY,0,-1,0,0,0,-3.153147,-7.32515,0.833434,0.669195,-10.77702,2.672094,0.698109,3.827619,43.165242,4.117205,0,-0.53211,-0.029845,0,0,1.580002,0.389999,1.009995,0,0,NONE
2025-11-28,231.240005,233.289993,230.220001,233.220001,20292300,GRAY,GRAY,LIGHT_SHORT,SHORT,GRAY,GRAY,LIGHT_SHORT,LIGHT_SHORT,GRAY,GRAY,0,1,0,-2,0,-1.235105,-4.485801,1.706513,0.379787,-7.154228,3.622792,0.949303,3.816265,52.384684,5.209604,1,1.091974,0.204073,0,0,1.979996,1.020004,0.069992,0,0,HIGH_SELL
2025-12-01,233.220001,235.800003,232.25,233.880005,42904000,GRAY,LIGHT_LONG,LIGHT_SHORT,SHORT,GRAY,GRAY,GRAY,LIGHT_SHORT,SHORT,GRAY,0,1,0,0,0,-0.275149,-2.3317,1.322596,0.907851,-3.771421,3.382807,1.422633,2.377849,46.908451,6.846595,1,1.22307,-0.023708,0,0,0.660004,0.970001,1.919998,0,0,HIGH_SELL
2025-12-02,235.009995,238.970001,233.550003,234.419998,45785400,LIGHT_LONG,LONG,LONG,LONG,GRAY,GRAY,LIGHT_LONG,LIGHT_SHORT,SHORT,GRAY,1,1,3,4,0,0.188167,-0.661043,1.033269,1.023178,-1.133696,2.637725,1.568277,1.681925,9.030234,1.768422,1,1.292821,-0.414137,0,0,0.589996,0.869995,3.960007,0,0,HIGH_SELL
2025-12-03,233.350006,233.380005,230.610001,232.380005,35495100,LIGHT_SHORT,LIGHT_LONG,LIGHT_SHORT,SHORT,GRAY,LIGHT_LONG,LONG,LONG,LONG,GRAY,-2,-1,-3,-4,0,-0.08692,-0.086951,0.109646,0.807704,0.469268,1.602964,1.425998,1.1241,-15.097658,-3.215199,1,0.365469,-0.98998,0,0,0.970001,1.770004,0.029999,0,0,NONE
2025-12-04,232.770004,233.5,226.800003,229.110001,45683200,LIGHT_SHORT,LIGHT_SHORT,LIGHT_SHORT,SHORT,GRAY,LIGHT_SHORT,LIGHT_LONG,LIGHT_SHORT,SHORT,GRAY,0,-2,0,0,0,-1.071705,-0.485229,-0.877368,1.033573,0.802357,0.333089,1.041576,0.319793,-29.244299,-10.02829,1,-0.93162,-1.219752,0,0,3.660004,2.309998,0.729996,0,0,NONE
2025-12-05,230.320007,231.240005,228.550003,229.529999,33117400,SHORT,GRAY,SHORT,SHORT,GRAY,LIGHT_SHORT,LIGHT_SHORT,LIGHT_SHORT,SHORT,GRAY,-1,1,-1,0,0,-1.451793,-1.305209,-0.461854,0.760359,0.154729,-0.647628,0.585169,-1.106737,-39.82258,-5.089827,1,-0.667232,-1.095777,0,0,0.790009,0.979996,0.919998,0,0,RISK_SELL
2025-12-08,229.589996,230.830002,226.270004,226.889999,35019200,SHORT,GRAY,SHORT,LONG,GRAY,SHORT,GRAY,SHORT,SHORT,GRAY,0,0,0,4,0,-2.257869,-2.390683,-1.087191,0.814643,-1.184857,-1.339586,0.289375,-4.629234,-50.581152,-3.962829,1,-1.611894,-1.112114,0,0,2.699997,0.619995,1.240005,0,0,RISK_SELL
2025-12-09,226.839996,228.570007,225.110001,227.919998,25841700,SHORT,GRAY,SHORT,LONG,GRAY,SHORT,GRAY,SHORT,LONG,GRAY,0,0,0,0,0,-2.316677,-3.013169,-0.420244,0.608678,-2.50794,-1.323083,0.430208,-3.075453,-42.329584,-2.308272,1,-1.037118,-1.104066,0,0,1.080002,1.729996,0.650009,0,0,RISK_SELL
2025-12-10,228.809998,232.419998,228.460007,231.779999,38790700,GRAY,LIGHT_LONG,LIGHT_SHORT,LIGHT_LONG,GRAY,SHORT,GRAY,SHORT,LONG,GRAY,2,1,1,-1,0,-1.232875,-2.90371,0.834752,0.897584,-2.808664,-0.300723,0.497491,-0.60448,3.094173,11.219316,1,0.567504,-1.189174,0,0,2.970001,0.349991,0.639999,0,0,RISK_SELL
2025-12-11,230.710007,232.110001,228.690002,230.279999,28249600,SHORT,LIGHT_SHORT,LIGHT_SHORT,LIGHT_LONG,GRAY,GRAY,LIGHT_LONG,LIGHT_SHORT,LIGHT_LONG,GRAY,-2,-2,0,0,0,-0.946118,-2.247835,0.125872,0.655903,-2.415736,0.392927,0.386137,1.017585,17.678958,5.296703,1,-0.074082,-1.11599,0,0,0.430008,1.589996,1.399994,0,0,NONE
2025-12-12,229.869995,230.080002,225.119995,226.190002,35639100,SHORT,GRAY,LIGHT_SHORT,SHORT,GRAY,SHORT,LIGHT_SHORT,LIGHT_SHORT,LIGHT_LONG,GRAY,0,1,0,-3,0,-1.78087,-1.979932,-1.120043,0.833047,-2.379671,0.036065,0.195312,0.184653,-20.524084,-11.483587,0,-1.646817,-0.923933,0,0,3.679993,1.070007,0.210007,0,0,NONE
2025-12-15,227.929993,227.929993,221.5,222.539993,47286100,LIGHT_SHORT,LIGHT_SHORT,SHORT,SHORT,GRAY,SHORT,GRAY,LIGHT_SHORT,SHORT,GRAY,1,-1,-1,0,0,-3.079715,-2.903351,-1.852382,1.094634,-3.209628,-0.829957,0.10906,-7.61012,-30.606489,-13.957967,0,-2.884975,-0.814941,0,0,5.389999,1.039993,0,0,0,NONE
2025-12-16,223.039993,223.660004,221.130005,222.559998,39298900,SHORT,GRAY,SHORT,SHORT,GRAY,LIGHT_SHORT,LIGHT_SHORT,SHORT,SHORT,GRAY,-1,1,0,0,0,-3.553297,-4.206941,-1.228818,0.93198,-4.752918,-1.54329,0.305734,-5.04782,-9.666233,-5.793566,0,-2.564859,-0.738643,0,0,0.479996,1.429993,0.62001,0,0,NONE
2025-12-17,224.660004,225.190002,220.990005,221.270004,44034400,LIGHT_SHORT,LIGHT_SHORT,SHORT,LIGHT_SHORT,SHORT,SHORT,GRAY,SHORT,SHORT,GRAY,1,-1,0,1,-2,-3.728972,-5.180992,-1.212651,1.065218,-6.697473,-1.944555,0.576045,-3.375701,-6.632782,-2.059857,0,-2.791582,-0.519323,0,0,3.389999,0.279999,0.529999,0,1,WARN
2025-12-18,225.710007,229.229996,224.410004,226.759995,50272400,GRAY,GRAY,SHORT,GRAY,GRAY,LIGHT_SHORT,LIGHT_SHORT,SHORT,LIGHT_SHORT,SHORT,1,1,0,1,2,-1.951374,-4.616822,0.825177,1.228096,-7.443844,-0.74637,0.681072,-1.095875,29.868866,12.569685,0,-0.337669,-0.164942,0,0,1.049988,1.300003,2.470001,0,0,NONE
2025-12-19,226.759995,229.130005,225.580002,227.350006,85544400,GRAY,GRAY,LIGHT_SHORT,GRAY,GRAY,GRAY,GRAY,SHORT,GRAY,GRAY,0,0,1,0,0,-0.676146,-3.178246,0.721702,2.003522,-6.785558,0.658285,0.548573,1.199995,58.198399,16.032447,0,-0.069655,0.285785,0,0,0.590012,1.179993,1.779999,0,0,NONE
2025-12-22,228.610001,229.479996,226.710007,228.429993,32261300,LIGHT_LONG,LIGHT_LONG,LONG,LONG,GRAY,GRAY,GRAY,LIGHT_SHORT,GRAY,GRAY,1,1,3,2,0,0.398011,-1.114754,0.794051,0.789064,-5.136451,1.649108,0.362244,4.552483,40.224399,3.91112,0,0.359879,0.484211,0,0,0.180008,1.719986,0.869995,0,0,NONE
2025-12-23,229.059998,232.449997,228.729996,232.139999,29230200,LIGHT_LONG,LIGHT_LONG,LONG,LONG,GRAY,LIGHT_LONG,LIGHT_LONG,LONG,LONG,GRAY,0,0,0,0,0,2.301948,1.011907,1.586358,0.737557,-2.743144,2.393307,0.590996,4.049615,50.422033,10.4238,0,1.76486,0.523105,0,0,3.080002,0.330002,0.309998,0,0,NONE
2025-12-24,232.130005,232.949997,231.330002,232.380005,11420500,LIGHT_LONG,GRAY,LONG,LONG,GRAY,LIGHT_LONG,LIGHT_LONG,LONG,LONG,GRAY,0,-1,0,0,0,3.307586,3.003773,1.125334,0.298706,-0.220057,2.523087,0.935144,2.698072,45.028028,8.332036,0,1.65884,0.357528,0,0,0.25,0.800003,0.569992,0,0,NONE
2025-12-26,232.039993,232.990005,231.179993,232.520004,15994700,LIGHT_LONG,LIGHT_LONG,LONG,LONG,GRAY,LIGHT_LONG,GRAY,LONG,LONG,GRAY,0,1,0,0,0,4.995352,5.302443,0.789911,0.431031,1.744652,1.964708,1.090172,1.802201,16.590273,0.776323,0,1.526048,0.261072,0,0,0.480011,0.860001,0.470001,0,0,NONE
2025-12-29,231.940002,232.600006,230.770004,232.070007,19797900,LIGHT_LONG,LIGHT_LONG,LONG,LIGHT_LONG,GRAY,LIGHT_LONG,LIGHT_LONG,LONG,LONG,GRAY,0,0,0,-1,0,6.80028,7.551609,0.398358,0.533876,3.10302,1.358368,1.044313,1.300729,0.659464,-1.342372,0,1.180092,0.10753,0,0,0.130005,1.169998,0.529999,0,0,NONE
2025-12-30,231.210007,232.770004,230.199997,232.529999,21910500,LIGHT_LONG,LIGHT_LONG,LIGHT_LONG,GRAY,GRAY,LIGHT_LONG,LIGHT_LONG,LONG,LIGHT_LONG,GRAY,0,0,-1,-1,0,7.640063,9.717848,0.396927,0.608057,3.881085,0.778065,0.83796,0.928522,-4.495505,-0.413162,0,1.225359,0.018785,0,0,1.319992,1.01001,0.240005,0,0,NONE
2025-12-31,232.910004,232.990005,230.119995,230.820007,24383700,LIGHT_LONG,LONG,LIGHT_LONG,GRAY,SHORT,LIGHT_LONG,LIGHT_LONG,LIGHT_LONG,GRAY,GRAY,0,1,0,0,-2,6.883511,10.661927,-0.227311,0.697403,3.862117,-0.018968,0.544299,-0.034848,-20.050724,-5.538301,0,0.427294,-0.133143,0,0,2.089996,0.700012,0.080002,0,1,WARN