id,original_rank,v2_tag,decision,cluster,jaccard_to_rep,complexity,conditions,n,mean10_pct,median10_pct,win10_pct,mean5_pct,mean20_pct,mfe10_pct,mae10_pct,mean10_2023_pct,mean10_2024_pct,mean10_2025_pct,lcb90_pct,ucb90_pct,matched_n,matched_diff_pct,temporal_status,strongest_longer_path_feature,longer_path_z,parent_dropped_condition,parent_n,parent_mean10_pct,incremental_diff_pct,incremental_boot_p,reason
B001,1,,RETAIN_FAMILY_REPRESENTATIVE,C01,1.000,4,trend.net5<0 AND trend.slope3>0 AND trend.neg5>=3 AND accel.neg3>=2,15,6.641,6.496,93.333,3.548,5.823,9.003,-2.672,7.526,5.556,6.841,4.617,8.664,9,3.905,W3_W5_EXPLICIT,trend_slope3,5.761,trend.neg5>=3,17,5.696,,,Distinct family; conservative direction + temporal context + matched incremental evidence.
B002,2,,REJECT_REDUNDANT_EVENT_SET,C01,0.938,4,trend.net5<0 AND trend.slope3>0 AND momentum<=LS AND accel.neg3>=2,16,6.376,6.383,93.750,3.556,5.660,8.746,-2.526,6.671,5.556,6.841,4.433,8.318,9,3.905,W3_W5_EXPLICIT,trend_slope3,5.761,momentum<=LS,17,5.696,,,Overlap 0.938 with B001; simpler/equal or more robust representative.
B003,3,,REJECT_SAME_FAMILY_NONREP,C01,0.875,4,trend.net5<0 AND trend.slope3>0 AND accel.neg3>=2 AND accel.neg5>=3,15,6.367,6.270,93.333,3.831,5.823,8.883,-2.089,6.671,5.319,6.841,4.291,8.444,9,3.905,W3_W5_EXPLICIT,trend_slope3,5.761,accel.neg5>=3,17,5.696,,,Overlap 0.875 with family representative B001.
B004,4,,RETAIN_FAMILY_REPRESENTATIVE,C02,1.000,4,capital=GRAY AND capital.net1<0 AND accel.slope3>0 AND anomaly=GRAY,16,5.575,5.151,93.750,1.349,4.208,7.524,-3.055,4.690,6.492,5.565,3.762,7.387,10,6.712,LONGER_PATH_EXPLICIT,accel_slope3,5.538,anomaly=GRAY,17,4.911,,,Distinct family; conservative direction + temporal context + matched incremental evidence.
B005,5,,RETAIN_FAMILY_REPRESENTATIVE,C03,1.000,4,capital.slope3>0 AND capital.slope5<0 AND momentum.neg5>=3 AND accel.net1>0,15,5.755,4.902,93.333,1.598,6.646,7.469,-2.995,5.574,7.678,2.972,3.911,7.599,8,8.526,W3_W5_EXPLICIT,detbars5,3.870,accel.net1>0,32,3.485,3.903,0.0044,Distinct family; conservative direction + temporal context + matched incremental evidence.
B006,6,,REJECT_SAME_FAMILY_NONREP,C01,0.875,4,trend.net5<0 AND trend.slope3>0 AND accel.neg3>=2 AND bear_now>=2,15,5.919,6.270,93.333,3.420,5.093,8.412,-2.288,5.360,5.556,6.841,4.004,7.834,9,3.905,W3_W5_EXPLICIT,trend_slope3,5.761,bear_now>=2,17,5.696,,,Overlap 0.875 with family representative B001.
B007,7,,RETAIN_FAMILY_REPRESENTATIVE,C04,1.000,5,trend=GRAY AND capital.net3>0 AND capital.pos3>=2 AND capital.slope5>0 AND anomaly=GRAY,15,4.922,4.118,93.333,2.520,4.193,6.319,-2.300,7.694,4.407,3.875,3.525,6.320,9,8.550,W3_W5_EXPLICIT,accel_slope3,6.265,capital.slope5>0,17,4.682,,,Distinct family; conservative direction + temporal context + matched incremental evidence.
B008,8,,RETAIN_FAMILY_REPRESENTATIVE,C05,1.000,5,trend.slope3>0 AND momentum<=LS AND momentum.slope5<0 AND accel<=LS AND accel.neg5>=3,16,5.525,6.008,100.000,2.982,4.626,7.901,-2.366,6.706,4.564,5.537,3.877,7.174,12,4.286,W3_W5_EXPLICIT,trend_slope3,4.165,momentum<=LS,16,5.525,,,Distinct family; conservative direction + temporal context + matched incremental evidence.
B009,9,BUY_B,RETAIN_V2_BASELINE,C02,0.941,3,capital=GRAY AND capital.net1<0 AND accel.slope3>0,17,4.911,5.060,88.235,0.777,3.652,7.098,-3.550,4.690,6.492,4.539,2.888,6.933,10,6.712,LONGER_PATH_EXPLICIT,accel_slope3,5.538,capital=GRAY,69,2.501,3.198,0.0128,User-frozen V2 reference.
B010,10,,REJECT_REDUNDANT_EVENT_SET,C04,0.938,5,trend=GRAY AND capital.slope3>0 AND capital.pos3>=2 AND capital.slope5>0 AND anomaly=GRAY,16,4.690,3.920,93.750,2.379,4.330,6.055,-2.303,7.694,4.051,3.875,3.328,6.052,10,7.769,W3_W5_EXPLICIT,accel_slope3,5.163,capital.slope5>0,19,4.022,,,Overlap 0.938 with B007; simpler/equal or more robust representative.
B011,11,,REJECT_SAME_FAMILY_NONREP,C01,0.882,3,trend.net5<0 AND trend.slope3>0 AND accel.neg3>=2,17,5.696,6.270,88.235,3.203,4.461,8.318,-2.754,6.671,5.556,4.839,3.557,7.836,10,3.011,W3_W5_EXPLICIT,trend_slope3,5.565,trend.net5<0,45,2.719,3.569,0.0072,Overlap 0.882 with family representative B001.
B012,12,,REJECT_SAME_FAMILY_NONREP,C05,0.833,4,trend.slope3>0 AND momentum=SHORT AND momentum.slope5<0 AND bear_now>=2,17,5.257,5.746,94.118,2.856,4.196,7.661,-2.365,5.079,5.041,5.537,3.522,6.991,13,3.609,W3_W5_EXPLICIT,trend_slope3,5.858,bear_now>=2,20,4.996,,,Overlap 0.833 with family representative B008.
B013,13,,REJECT_NO_INCREMENTAL_VALUE,C07,1.000,4,trend<=LS AND trend.slope3>0 AND trend.slope5<0 AND momentum=SHORT,16,5.366,4.693,93.750,3.172,5.585,7.865,-2.397,4.912,5.488,5.537,3.600,7.131,13,3.609,W3_W5_EXPLICIT,trend_slope3,5.858,trend<=LS,21,5.092,1.150,0.3626,Simpler parent not materially worse; weakest added condition trend<=LS.
B014,14,,RETAIN_FAMILY_REPRESENTATIVE,C06,1.000,4,trend.slope3>0 AND momentum=SHORT AND momentum.slope5<0 AND accel.neg3>=2,17,5.549,5.746,94.118,2.674,5.765,7.683,-2.707,6.437,3.881,5.740,3.729,7.368,11,4.012,W3_W5_EXPLICIT,trend_slope3,5.077,accel.neg3>=2,20,4.996,,,Distinct family; conservative direction + temporal context + matched incremental evidence.
B015,15,,REJECT_REDUNDANT_EVENT_SET,C05,0.938,4,trend.slope3>0 AND momentum=SHORT AND momentum.slope5<0 AND accel<=LS,15,5.407,5.746,100.000,3.016,4.483,7.827,-2.199,6.706,3.881,5.537,3.657,7.157,11,4.287,W3_W5_EXPLICIT,trend_slope3,5.316,accel<=LS,20,4.996,1.644,0.3126,Overlap 0.938 with B008; simpler/equal or more robust representative.
B016,16,,REJECT_NO_INCREMENTAL_VALUE,C10,1.000,5,trend.neg5>=3 AND capital.net1<0 AND accel.slope3>0 AND anomaly=GRAY AND bear_now>=2,15,4.805,3.930,100.000,3.398,6.274,7.487,-2.117,5.254,4.428,4.663,2.973,6.637,6,6.496,W3_W5_EXPLICIT,accel_slope3,4.352,bear_now>=2,20,4.852,-0.188,0.5336,Simpler parent not materially worse; weakest added condition bear_now>=2.
B017,17,,REJECT_REDUNDANT_EVENT_SET,C05,0.941,5,trend.slope3>0 AND momentum<=LS AND momentum.slope5<0 AND accel.neg5>=3 AND bear_now>=2,17,5.116,5.746,94.118,2.776,4.192,7.452,-2.547,5.079,4.564,5.537,3.428,6.805,13,3.948,W3_W5_EXPLICIT,trend_slope3,4.357,momentum<=LS,17,5.116,,,Overlap 0.941 with B008; simpler/equal or more robust representative.
B018,18,,RETAIN_FAMILY_REPRESENTATIVE,C08,1.000,4,trend=GRAY AND capital.net3>0 AND capital.pos3>=2 AND anomaly=GRAY,17,4.682,4.131,94.118,2.006,4.321,6.174,-2.536,6.592,3.893,3.875,3.361,6.003,8,6.054,LONGER_PATH_EXPLICIT,accel_slope3,4.911,anomaly=GRAY,18,4.026,,,Distinct family; conservative direction + temporal context + matched incremental evidence.
B019,19,,RETAIN_FAMILY_REPRESENTATIVE,C09,1.000,3,trend.neg5>=3 AND capital.net1<0 AND accel.slope3>0,22,4.723,4.334,95.455,2.889,5.490,7.408,-2.658,4.079,4.706,5.603,3.092,6.354,10,5.639,W3_W5_EXPLICIT,accel_slope3,5.703,accel.slope3>0,51,2.716,3.564,0.0039,Distinct family; conservative direction + temporal context + matched incremental evidence.
B020,20,,REJECT_REDUNDANT_EVENT_SET,C07,0.938,5,trend<=LS AND trend.slope3>0 AND trend.slope5<0 AND momentum=SHORT AND anomaly=GRAY,15,5.361,3.953,93.333,3.011,5.330,7.859,-2.487,4.912,5.501,5.537,3.473,7.249,13,3.609,W3_W5_EXPLICIT,trend_slope3,5.858,anomaly=GRAY,16,5.366,,,Overlap 0.938 with B013; simpler/equal or more robust representative.
B021,21,,REJECT_REDUNDANT_EVENT_SET,C09,0.909,4,trend.neg5>=3 AND capital.net1<0 AND accel.slope3>0 AND anomaly=GRAY,20,4.852,4.334,95.000,3.059,5.581,7.598,-2.441,4.079,4.450,6.654,3.100,6.605,10,5.639,W3_W5_EXPLICIT,accel_slope3,5.703,anomaly=GRAY,22,4.723,,,Overlap 0.909 with B019; simpler/equal or more robust representative.
B022,22,BUY_A,RETAIN_V2_BASELINE,C06,0.850,3,trend.slope3>0 AND momentum=SHORT AND momentum.slope5<0,20,4.996,4.850,90.000,2.573,4.754,7.407,-2.844,4.889,5.041,5.062,3.167,6.826,13,3.609,W3_W5_EXPLICIT,trend_slope3,5.858,momentum.slope5<0,29,3.912,3.495,0.0516,User-frozen V2 reference.
B023,23,,REJECT_REDUNDANT_EVENT_SET,C06,0.944,5,trend.slope3>0 AND momentum=SHORT AND momentum.slope5<0 AND accel.neg3>=2 AND anomaly=GRAY,18,5.395,4.850,94.444,2.667,5.548,7.469,-2.607,6.437,3.881,5.370,3.661,7.129,11,4.012,W3_W5_EXPLICIT,trend_slope3,5.077,anomaly=GRAY,17,5.549,,,Overlap 0.944 with B014; simpler/equal or more robust representative.
B024,24,,REJECT_SAME_FAMILY_NONREP,C06,0.882,5,trend.slope3>0 AND momentum=SHORT AND momentum.slope5<0 AND accel.neg3>=2 AND bear_now>=2,15,5.291,5.746,93.333,2.902,5.139,7.643,-2.350,5.079,3.881,6.408,3.467,7.115,11,4.012,W3_W5_EXPLICIT,trend_slope3,5.077,bear_now>=2,17,5.549,,,Overlap 0.882 with family representative B014.
B025,25,,REJECT_SAME_FAMILY_NONREP,C07,0.824,5,trend<=LS AND trend.slope3>0 AND trend.slope5<0 AND accel.neg3>=2 AND accel.neg5>=3,15,5.217,3.953,93.333,3.294,6.555,7.676,-2.249,4.409,4.439,6.408,3.455,6.979,11,4.012,W3_W5_EXPLICIT,trend_slope3,5.077,accel.neg5>=3,15,5.047,,,Overlap 0.824 with family representative B013.
B026,26,,REJECT_SAME_FAMILY_NONREP,C10,0.882,4,trend.neg5>=3 AND capital.net1<0 AND accel.slope3>0 AND bear_now>=2,17,4.643,3.930,100.000,3.138,6.074,7.254,-2.436,5.254,4.724,3.585,2.966,6.320,6,6.496,W3_W5_EXPLICIT,accel_slope3,4.352,bear_now>=2,22,4.723,-0.351,0.5491,Overlap 0.882 with family representative B016.
B027,27,,REJECT_NO_INCREMENTAL_VALUE,C14,1.000,4,trend=GRAY AND capital.slope3>0 AND momentum.net3>0 AND anomaly=GRAY,18,4.422,3.421,94.444,1.837,5.334,5.767,-2.256,8.101,3.546,3.055,3.038,5.805,14,7.474,LONGER_PATH_EXPLICIT,momentum_net3,4.659,capital.slope3>0,26,4.070,1.523,0.2410,Simpler parent not materially worse; weakest added condition capital.slope3>0.
B028,28,,RETAIN_FAMILY_REPRESENTATIVE,C12,1.000,4,trend<=LS AND trend.slope3>0 AND trend.slope5<0 AND accel.neg3>=2,15,5.047,3.953,93.333,3.159,6.327,7.456,-2.439,3.899,4.439,6.408,3.335,6.758,11,4.766,W3_W5_EXPLICIT,trend_slope3,4.435,trend.slope5<0,24,3.904,3.046,0.0961,Distinct family; conservative direction + temporal context + matched incremental evidence.
B029,29,,RETAIN_FAMILY_REPRESENTATIVE,C11,1.000,4,capital.slope3>0 AND momentum=SHORT AND momentum.net5<0 AND accel.net3>0,17,5.107,5.809,82.353,2.086,5.613,6.955,-2.566,5.304,7.261,2.790,2.997,7.218,8,6.081,W3_W5_EXPLICIT,accel_slope3,2.583,momentum.net5<0,28,3.647,3.717,0.0428,Distinct family; conservative direction + temporal context + matched incremental evidence.
B030,30,,REJECT_SAME_FAMILY_NONREP,C06,0.810,4,trend.slope3>0 AND momentum=SHORT AND momentum.slope5<0 AND anomaly=GRAY,21,4.891,3.953,90.476,2.572,4.617,7.237,-2.752,4.889,5.041,4.808,3.142,6.640,13,3.609,W3_W5_EXPLICIT,trend_slope3,5.858,anomaly=GRAY,20,4.996,,,Overlap 0.810 with family representative B014.
B031,31,,REJECT_REDUNDANT_EVENT_SET,C07,0.938,5,trend<=LS AND trend.slope3>0 AND trend.slope5<0 AND momentum=SHORT AND accel.neg5>=3,15,5.078,3.953,93.333,3.129,5.502,7.552,-2.439,4.912,4.439,5.537,3.259,6.896,12,3.921,W3_W5_EXPLICIT,trend_slope3,5.470,accel.neg5>=3,16,5.366,,,Overlap 0.938 with B013; simpler/equal or more robust representative.
B032,32,,REJECT_SAME_FAMILY_NONREP,C12,0.875,4,trend<=LS AND trend.slope3>0 AND trend.slope5<0 AND bearbars3>=2,15,4.845,3.953,86.667,3.339,5.637,7.572,-2.727,4.274,4.439,5.404,3.044,6.647,12,4.421,W3_W5_EXPLICIT,trend_slope3,4.728,trend.slope5<0,22,3.590,3.943,0.0516,Overlap 0.875 with family representative B028.
B033,33,,REJECT_SAME_FAMILY_NONREP,C05,0.889,4,trend.slope3>0 AND momentum<=LS AND momentum.slope5<0 AND accel<=LS,18,4.757,4.850,94.444,2.445,3.998,7.234,-2.566,6.706,4.564,3.997,2.988,6.525,13,4.339,W3_W5_EXPLICIT,trend_slope3,4.093,momentum<=LS,18,4.757,,,Overlap 0.889 with family representative B008.
B034,34,,RETAIN_FAMILY_REPRESENTATIVE,C15,1.000,4,trend.neg5>=3 AND capital.net3<0 AND accel.slope5>0 AND bear_now>=3,18,4.697,4.410,88.889,1.924,7.059,6.427,-2.782,4.463,5.164,4.115,3.089,6.305,8,4.139,W3_W5_EXPLICIT,accel_slope5,7.783,bear_now>=3,23,4.161,2.469,0.0239,Distinct family; conservative direction + temporal context + matched incremental evidence.
B035,35,,REJECT_SAME_FAMILY_NONREP,C05,0.882,5,trend.slope3>0 AND momentum=SHORT AND momentum.slope5<0 AND accel.neg5>=3 AND bear_now>=2,16,4.980,4.850,93.750,2.796,4.032,7.355,-2.402,5.079,3.881,5.537,3.199,6.761,12,3.921,W3_W5_EXPLICIT,trend_slope3,5.470,accel.neg5>=3,17,5.257,,,Overlap 0.882 with family representative B008.
B036,36,,REJECT_NO_INCREMENTAL_VALUE,C21,1.000,4,trend=GRAY AND capital.slope3>0 AND momentum.net1>0 AND momentum.net3>0,16,4.677,3.537,100.000,1.974,6.088,6.042,-2.299,8.418,4.184,3.221,3.247,6.106,10,5.416,LONGER_PATH_EXPLICIT,momentum_net3,3.360,momentum.net3>0,21,4.241,1.830,0.1938,Simpler parent not materially worse; weakest added condition momentum.net3>0.
B037,37,,RETAIN_FAMILY_REPRESENTATIVE,C13,1.000,4,capital.slope3<0 AND accel.neg3>=2 AND accel.slope5>0 AND bear_now>=2,15,5.209,5.964,93.333,2.188,6.766,7.316,-2.790,4.226,7.109,4.339,3.354,7.065,8,1.980,W3_W5_EXPLICIT,impbars5,9.139,bear_now>=2,18,4.630,,,Distinct family; conservative direction + temporal context + matched incremental evidence.
B038,38,,RETAIN_FAMILY_REPRESENTATIVE,C17,1.000,4,capital.net3<0 AND accel<=LS AND accel.slope5>0 AND bear_now>=2,16,4.795,4.410,87.500,2.293,7.034,6.670,-2.345,4.503,5.304,4.469,3.030,6.560,9,3.427,W3_W5_EXPLICIT,accel_slope5,8.966,bear_now>=2,19,4.362,,,Distinct family; conservative direction + temporal context + matched incremental evidence.
B039,39,,RETAIN_FAMILY_REPRESENTATIVE,C19,1.000,4,capital.slope3>0 AND capital.slope5<0 AND accel.neg3>=2 AND anomaly=GRAY,22,4.900,5.190,90.909,1.606,4.521,6.548,-2.951,5.803,5.804,2.492,3.172,6.628,14,5.289,W3_W5_EXPLICIT,capital_slope3,5.100,anomaly=GRAY,27,4.112,2.969,0.0522,Distinct family; conservative direction + temporal context + matched incremental evidence.
B040,40,,REJECT_NO_INCREMENTAL_VALUE,C16,1.000,4,capital=GRAY AND capital.slope3>0 AND capital.slope5<0 AND momentum.net5<0,15,4.693,6.391,86.667,1.761,5.731,6.599,-3.190,4.818,6.193,3.764,2.424,6.962,13,4.274,W3_W5_EXPLICIT,capital_slope3,6.048,momentum.net5<0,25,3.895,1.995,0.1216,Simpler parent not materially worse; weakest added condition momentum.net5<0.
B041,41,,REJECT_SAME_FAMILY_NONREP,C06,0.882,5,trend.slope3>0 AND momentum=SHORT AND momentum.slope5<0 AND accel.neg3>=2 AND bearbars3>=2,15,5.472,3.953,93.333,2.585,6.533,7.789,-2.896,6.575,3.009,5.740,3.405,7.540,11,4.012,W3_W5_EXPLICIT,trend_slope3,5.077,bearbars3>=2,17,5.549,,,Overlap 0.882 with family representative B014.
B042,42,,REJECT_REDUNDANT_EVENT_SET,C19,0.955,5,capital.slope3>0 AND capital.slope5<0 AND momentum<=LS AND accel.neg3>=2 AND anomaly=GRAY,21,4.950,5.479,90.476,1.676,4.745,6.595,-3.062,5.803,5.804,2.216,3.139,6.760,13,5.301,W3_W5_EXPLICIT,capital_slope3,4.886,momentum<=LS,22,4.900,,,Overlap 0.955 with B039; simpler/equal or more robust representative.
B043,43,,RETAIN_FAMILY_REPRESENTATIVE,C23,1.000,5,trend.net3>0 AND capital=GRAY AND accel.net5>0 AND accel.slope5>0 AND anomaly=GRAY,16,5.417,5.287,87.500,2.088,6.881,8.293,-3.470,7.931,3.912,3.908,2.879,7.955,9,3.068,W3_W5_EXPLICIT,trend_net5,2.169,accel.slope5>0,18,5.055,,,Distinct family; conservative direction + temporal context + matched incremental evidence.
B044,44,,REJECT_REDUNDANT_EVENT_SET,C19,0.909,5,capital.slope3>0 AND capital.slope5<0 AND momentum=SHORT AND accel.neg3>=2 AND anomaly=GRAY,20,4.990,5.549,90.000,1.933,4.645,6.667,-2.910,6.082,5.804,2.216,3.089,6.892,13,5.301,W3_W5_EXPLICIT,capital_slope3,4.886,momentum=SHORT,22,4.900,,,Overlap 0.909 with B039; simpler/equal or more robust representative.
B045,45,,RETAIN_FAMILY_REPRESENTATIVE,C20,1.000,3,trend.net1<0 AND capital=GRAY AND anomaly.slope5>0,15,4.495,4.925,100.000,0.680,5.114,6.531,-3.383,4.409,5.454,3.753,3.340,5.650,13,2.695,LONGER_PATH_EXPLICIT,anomaly_slope5,4.423,trend.net1<0,31,2.255,2.983,0.0061,Distinct family; conservative direction + temporal context + matched incremental evidence.
B046,46,,RETAIN_FAMILY_REPRESENTATIVE,C22,1.000,4,capital.slope3<0 AND accel.slope5>0 AND accel.neg5>=3 AND bear_now>=2,15,5.064,5.240,93.333,2.286,6.245,7.095,-2.286,4.260,6.623,4.339,3.212,6.915,11,1.804,W3_W5_EXPLICIT,momentum_net5,7.166,bear_now>=2,16,4.722,,,Distinct family; conservative direction + temporal context + matched incremental evidence.
B047,47,,RETAIN_FAMILY_REPRESENTATIVE,C18,1.000,3,trend.net5<0 AND trend.slope3>0 AND momentum=SHORT,15,5.220,6.270,86.667,3.627,5.090,8.180,-2.696,5.539,6.710,3.646,3.069,7.372,9,2.091,W3_W5_EXPLICIT,trend_slope3,4.789,trend.net5<0,29,3.912,2.438,0.0888,Distinct family; conservative direction + temporal context + matched incremental evidence.
B048,48,,REJECT_REDUNDANT_EVENT_SET,C15,0.944,5,trend.neg5>=3 AND capital.net3<0 AND accel.slope5>0 AND anomaly=GRAY AND bear_now>=3,17,4.591,3.579,88.235,2.070,7.285,6.411,-2.411,4.463,4.973,4.115,2.896,6.287,8,4.139,W3_W5_EXPLICIT,accel_slope5,7.783,anomaly=GRAY,18,4.697,,,Overlap 0.944 with B034; simpler/equal or more robust representative.
B049,49,,REJECT_SAME_FAMILY_NONREP,C06,0.895,4,trend.slope3>0 AND momentum=SHORT AND momentum.slope5<0 AND accel.neg5>=3,19,4.750,3.953,89.474,2.508,4.645,7.136,-2.901,4.889,3.881,5.062,2.869,6.630,12,3.921,W3_W5_EXPLICIT,trend_slope3,5.470,accel.neg5>=3,20,4.996,,,Overlap 0.895 with family representative B014.
B050,50,,RETAIN_FAMILY_REPRESENTATIVE,C27,1.000,5,trend.slope3>0 AND momentum=SHORT AND momentum.net5<0 AND accel.neg3>=2 AND anomaly=GRAY,15,5.021,3.953,93.333,2.273,4.684,7.315,-2.844,5.521,3.881,5.364,3.080,6.962,8,3.492,W3_W5_EXPLICIT,trend_slope3,4.177,anomaly=GRAY,15,4.859,,,Distinct family; conservative direction + temporal context + matched incremental evidence.
B051,51,,REJECT_SAME_FAMILY_NONREP,C07,0.824,3,trend<=LS AND trend.slope3>0 AND momentum.slope5<0,15,4.801,3.953,86.667,2.445,4.299,7.623,-2.848,4.912,6.235,4.207,2.596,7.005,13,3.609,W3_W5_EXPLICIT,trend_slope3,5.858,momentum.slope5<0,37,2.304,3.830,0.0183,Overlap 0.824 with family representative B013.
B052,52,,REJECT_NO_INCREMENTAL_VALUE,C24,1.000,5,trend.net3>0 AND capital.net1<0 AND capital.slope5>0 AND accel.slope3>0 AND accel.pos3>=2,16,4.605,4.968,81.250,1.800,2.735,6.744,-2.353,4.311,4.243,5.032,2.862,6.349,12,3.069,W3_W5_EXPLICIT,accel_net3,5.246,accel.pos3>=2,21,4.113,2.066,0.1521,Simpler parent not materially worse; weakest added condition accel.pos3>=2.
B053,53,,REJECT_SAME_FAMILY_NONREP,C15,0.857,4,trend.neg5>=3 AND capital.slope3<0 AND accel.slope5>0 AND bear_now>=3,21,4.501,3.763,90.476,1.854,6.770,6.214,-2.755,4.463,4.662,4.115,3.078,5.923,10,3.188,W3_W5_EXPLICIT,accel_slope5,8.371,bear_now>=3,25,4.099,2.863,0.0316,Overlap 0.857 with family representative B034.
B054,54,,REJECT_SAME_FAMILY_NONREP,C13,0.833,3,capital.slope3<0 AND accel.neg3>=2 AND accel.slope5>0,18,4.630,4.662,88.889,1.958,7.156,6.862,-2.517,4.226,5.092,4.339,2.986,6.273,11,2.442,W3_W5_EXPLICIT,impbars5,9.798,accel.slope5>0,59,2.768,2.310,0.0305,Overlap 0.833 with family representative B037.
B055,55,,REJECT_NO_INCREMENTAL_VALUE,C34,1.000,5,trend.net1<0 AND trend.neg5>=3 AND momentum.slope5<0 AND accel.neg3>=2 AND accel.slope5<0,15,5.077,4.024,80.000,3.488,7.524,7.757,-2.410,7.205,5.029,2.973,2.950,7.205,12,4.803,W3_W5_EXPLICIT,detbars5,3.115,accel.slope5<0,20,4.685,1.570,0.2854,Simpler parent not materially worse; weakest added condition accel.slope5<0.
B056,56,,RETAIN_FAMILY_REPRESENTATIVE,C33,1.000,4,capital=GRAY AND capital.net5<0 AND accel.net1>0 AND accel.neg3>=2,15,5.032,4.085,93.333,1.288,6.559,7.055,-2.464,5.552,6.838,2.315,3.275,6.789,12,4.722,W3_W5_EXPLICIT,accel_slope5,6.132,accel.neg3>=2,17,3.841,,,Distinct family; conservative direction + temporal context + matched incremental evidence.
B057,57,,REJECT_SAME_FAMILY_NONREP,C27,0.875,4,trend.slope3>0 AND momentum=SHORT AND momentum.net5<0 AND accel.neg3>=2,15,4.859,3.953,93.333,2.301,4.955,7.347,-2.822,5.521,3.881,4.960,2.865,6.853,8,3.492,W3_W5_EXPLICIT,trend_slope3,4.177,accel.neg3>=2,18,4.360,,,Overlap 0.875 with family representative B050.
B058,58,,RETAIN_FAMILY_REPRESENTATIVE,C26,1.000,5,trend.net1>0 AND momentum.net5<0 AND accel.neg3>=2 AND accel.neg5>=3 AND anomaly=GRAY,18,4.920,4.858,94.444,1.340,4.590,6.830,-2.639,4.925,3.897,5.597,3.257,6.584,11,2.249,W3_W5_EXPLICIT,momentum_net3,5.765,anomaly=GRAY,19,4.577,,,Distinct family; conservative direction + temporal context + matched incremental evidence.
B059,59,,RETAIN_FAMILY_REPRESENTATIVE,C28,1.000,4,trend.slope3>0 AND momentum<=LS AND momentum.slope5<0 AND bear_now>=2,19,4.557,3.953,89.474,2.361,3.647,7.054,-2.555,5.079,5.041,3.997,2.758,6.355,14,3.708,W3_W5_EXPLICIT,trend_slope3,5.573,momentum<=LS,19,4.557,,,Distinct family; conservative direction + temporal context + matched incremental evidence.
B060,60,,HOLD_MATCHED_DATA_LIMITED,C32,1.000,4,trend=SHORT AND capital.slope3<0 AND accel.slope5>0 AND bear_now>=3,16,4.571,3.671,93.750,1.986,6.300,6.216,-2.567,4.161,5.057,4.010,2.932,6.211,7,3.449,W3_W5_EXPLICIT,accel_slope5,8.018,bear_now>=3,18,4.023,,,Fewer than 8 exact-current-state matched observations.
B061,61,,REJECT_SAME_FAMILY_NONREP,C06,0.850,5,trend.slope3>0 AND momentum=SHORT AND momentum.slope5<0 AND accel.neg5>=3 AND anomaly=GRAY,20,4.651,3.610,90.000,2.509,4.507,6.971,-2.801,4.889,3.881,4.808,2.860,6.442,12,3.921,W3_W5_EXPLICIT,trend_slope3,5.470,accel.neg5>=3,21,4.891,,,Overlap 0.850 with family representative B014.
B062,62,,RETAIN_FAMILY_REPRESENTATIVE,C25,1.000,4,capital.net5<0 AND capital.slope3>0 AND accel.neg3>=2 AND anomaly=GRAY,15,5.223,5.479,86.667,1.947,6.062,6.985,-2.917,6.517,6.002,2.436,2.935,7.510,13,4.253,W3_W5_EXPLICIT,accel_net3,4.888,anomaly=GRAY,17,4.394,,,Distinct family; conservative direction + temporal context + matched incremental evidence.
B063,63,,REJECT_SAME_FAMILY_NONREP,C06,0.895,4,trend.slope3>0 AND momentum<=LS AND momentum.slope5<0 AND accel.neg3>=2,19,4.914,4.554,89.474,2.554,5.190,7.339,-2.886,4.730,3.881,5.592,3.031,6.798,12,2.329,W3_W5_EXPLICIT,trend_slope3,5.607,momentum<=LS,22,3.878,,,Overlap 0.895 with family representative B014.
B064,64,,RETAIN_FAMILY_REPRESENTATIVE,C29,1.000,4,trend.net3>0 AND capital.net1<0 AND capital.slope5>0 AND accel.net5>0,20,4.316,4.626,85.000,1.654,3.044,6.206,-2.692,4.167,5.915,3.914,2.773,5.858,14,3.278,W3_W5_EXPLICIT,trend_slope3,2.543,accel.net5>0,26,3.669,2.802,0.0961,Distinct family; conservative direction + temporal context + matched incremental evidence.
B065,65,,REJECT_SAME_FAMILY_NONREP,C17,0.842,3,capital.net3<0 AND accel<=LS AND accel.slope5>0,19,4.362,3.354,89.474,2.494,5.889,6.603,-2.070,4.008,4.839,4.190,2.829,5.896,11,3.256,W3_W5_EXPLICIT,accel_slope5,8.150,accel.slope5>0,69,2.145,2.666,0.0117,Overlap 0.842 with family representative B038.
B066,66,,REJECT_SAME_FAMILY_NONREP,C26,0.895,5,trend.net1>0 AND momentum=SHORT AND momentum.net5<0 AND accel.neg3>=2 AND accel.neg5>=3,18,4.786,4.858,94.444,1.363,4.816,6.857,-2.620,4.925,3.897,5.192,3.080,6.491,11,2.249,W3_W5_EXPLICIT,momentum_net3,5.765,momentum=SHORT,19,4.577,,,Overlap 0.895 with family representative B058.
B067,67,,REJECT_NO_INCREMENTAL_VALUE,C30,1.000,5,trend.net1>0 AND momentum.net5<0 AND accel.neg5>=3 AND anomaly=GRAY AND bear_now>=2,15,4.786,5.229,93.333,1.294,3.998,6.989,-2.535,3.739,4.577,7.577,3.054,6.518,12,2.417,LONGER_PATH_EXPLICIT,momentum_net3,5.928,bear_now>=2,20,4.574,0.849,0.4064,Simpler parent not materially worse; weakest added condition bear_now>=2.
B068,68,,REJECT_SAME_FAMILY_NONREP,C15,0.810,5,trend.neg5>=3 AND capital.slope3<0 AND accel.slope5>0 AND anomaly=GRAY AND bear_now>=3,20,4.401,3.671,90.000,1.976,6.948,6.190,-2.439,4.463,4.478,4.115,2.915,5.886,10,3.188,W3_W5_EXPLICIT,accel_slope5,8.371,anomaly=GRAY,21,4.501,,,Overlap 0.810 with family representative B034.
B069,69,,REJECT_SAME_FAMILY_NONREP,C24,0.842,5,trend.net3>0 AND capital.net1<0 AND capital.slope5>0 AND accel.pos3>=2 AND accel.slope5>0,19,4.390,4.901,78.947,1.499,2.762,6.498,-2.568,5.025,4.243,4.005,2.738,6.042,14,3.087,W3_W5_EXPLICIT,trend_slope3,2.546,accel.pos3>=2,23,4.074,,,Overlap 0.842 with family representative B052.
B070,70,,RETAIN_FAMILY_REPRESENTATIVE,C35,1.000,3,trend=GRAY AND capital.slope3>0 AND momentum.net1>0,21,4.241,3.950,95.238,1.421,5.188,6.000,-2.799,4.936,4.184,3.221,2.876,5.606,12,4.066,LONGER_PATH_EXPLICIT,bearbars5,3.452,capital.slope3>0,25,3.349,,,Distinct family; conservative direction + temporal context + matched incremental evidence.
B071,71,,REJECT_REDUNDANT_EVENT_SET,C15,0.900,4,capital.net3<0 AND momentum.neg5>=3 AND accel.slope5>0 AND bear_now>=3,20,4.409,3.467,90.000,2.162,6.726,6.364,-2.679,3.977,5.164,3.806,2.927,5.891,9,3.427,W3_W5_EXPLICIT,accel_slope5,8.966,bear_now>=3,27,3.620,2.895,0.0067,Overlap 0.900 with B034; simpler/equal or more robust representative.
B072,72,,REJECT_REDUNDANT_EVENT_SET,C22,0.938,3,capital.slope3<0 AND accel.slope5>0 AND accel.neg5>=3,16,4.722,4.662,87.500,2.117,6.667,6.934,-2.258,4.260,5.452,4.339,2.901,6.543,12,1.598,W3_W5_EXPLICIT,momentum_net5,6.901,accel.slope5>0,43,2.297,3.132,0.0144,Overlap 0.938 with B046; simpler/equal or more robust representative.
B073,73,,REJECT_REDUNDANT_EVENT_SET,C26,0.900,4,trend.net1>0 AND momentum.net5<0 AND accel.neg5>=3 AND anomaly=GRAY,20,4.574,4.858,90.000,1.379,4.611,6.695,-2.914,3.890,4.577,5.597,2.879,6.268,12,2.417,LONGER_PATH_EXPLICIT,momentum_net3,5.928,anomaly=GRAY,21,4.280,,,Overlap 0.900 with B058; simpler/equal or more robust representative.
B074,74,,REJECT_SAME_FAMILY_NONREP,C15,0.857,4,trend.neg5>=3 AND capital.net3<0 AND accel.slope5>0 AND bear_now>=2,21,4.400,3.579,90.476,1.776,6.526,6.250,-2.640,4.409,4.931,3.432,2.988,5.812,9,3.595,W3_W5_EXPLICIT,impbars5,7.724,bear_now>=2,23,4.161,,,Overlap 0.857 with family representative B034.
B075,75,,REJECT_REDUNDANT_EVENT_SET,C26,0.900,5,trend.net1>0 AND momentum.net5<0 AND momentum.neg5>=3 AND accel.neg3>=2 AND anomaly=GRAY,20,4.850,4.858,90.000,1.196,3.816,6.747,-2.827,4.925,4.005,5.597,3.213,6.488,13,1.447,W3_W5_EXPLICIT,bearbars5,3.423,anomaly=GRAY,21,4.543,,,Overlap 0.900 with B058; simpler/equal or more robust representative.
B076,76,,RETAIN_FAMILY_REPRESENTATIVE,C31,1.000,4,capital.net5<0 AND capital.slope3>0 AND momentum=SHORT AND anomaly=GRAY,17,4.773,5.809,82.353,1.579,5.770,6.424,-2.869,6.881,5.083,3.007,2.606,6.941,13,3.645,W3_W5_EXPLICIT,capital_slope3,7.836,anomaly=GRAY,18,4.579,,,Distinct family; conservative direction + temporal context + matched incremental evidence.
B077,77,,RETAIN_FAMILY_REPRESENTATIVE,C38,1.000,3,capital.slope3>0 AND momentum.net1>0 AND accel.neg5>=3,22,4.592,4.222,86.364,1.641,4.167,7.075,-3.054,2.808,6.981,5.649,2.815,6.368,15,4.172,W3_W5_EXPLICIT,bearbars5,5.547,capital.slope3>0,32,2.995,3.819,0.0566,Distinct family; conservative direction + temporal context + matched incremental evidence.
B078,78,,REJECT_SAME_FAMILY_NONREP,C29,0.850,5,trend.net3>0 AND capital.net1<0 AND capital.slope5>0 AND accel.net5>0 AND accel.slope3>0,17,4.505,4.901,88.235,1.965,3.069,6.385,-2.512,3.405,5.915,4.801,2.899,6.111,12,3.293,W3_W5_EXPLICIT,accel_slope5,5.497,accel.slope3>0,20,4.316,,,Overlap 0.850 with family representative B064.
B079,79,,REJECT_NO_INCREMENTAL_VALUE,C37,1.000,4,trend.neg5>=3 AND capital.net5<0 AND accel.slope5>0 AND bear_now>=3,16,4.145,3.766,87.500,2.049,5.971,5.842,-2.903,4.085,4.085,4.404,2.518,5.772,7,4.012,LONGER_PATH_EXPLICIT,accel_net5,4.629,bear_now>=3,21,3.941,0.855,0.2532,Simpler parent not materially worse; weakest added condition bear_now>=3.
B080,80,,RETAIN_FAMILY_REPRESENTATIVE,C39,1.000,4,capital.slope3<0 AND accel.neg3>=2 AND accel.slope5>0 AND anomaly=GRAY,17,4.520,4.085,88.235,2.107,7.388,6.872,-2.130,4.226,4.891,4.339,2.787,6.252,11,2.442,W3_W5_EXPLICIT,impbars5,9.798,anomaly=GRAY,18,4.630,,,Distinct family; conservative direction + temporal context + matched incremental evidence.
B081,81,,REJECT_SAME_FAMILY_NONREP,C23,0.889,4,trend.net3>0 AND capital=GRAY AND accel.net5>0 AND anomaly=GRAY,18,5.055,5.287,83.333,2.268,6.763,8.243,-3.829,7.931,5.195,2.827,2.593,7.516,8,3.837,W3_W5_EXPLICIT,capital_slope3,2.499,anomaly=GRAY,19,4.182,,,Overlap 0.889 with family representative B043.
B082,82,,RETAIN_FAMILY_REPRESENTATIVE,C36,1.000,3,capital.net3>0 AND momentum.slope5<0 AND accel=GRAY,17,4.677,4.312,88.235,3.284,5.023,8.321,-2.236,4.621,6.426,4.063,2.748,6.606,9,2.185,W3_W5_EXPLICIT,capital_net3,3.085,momentum.slope5<0,42,3.146,2.572,0.0550,Distinct family; conservative direction + temporal context + matched incremental evidence.
B083,83,,REJECT_SAME_FAMILY_NONREP,C24,0.800,5,trend.net3>0 AND capital.net1<0 AND capital.slope5>0 AND momentum>=L AND accel.pos3>=2,20,4.344,4.626,80.000,1.404,2.852,6.431,-2.499,5.025,4.113,4.005,2.774,5.913,13,2.823,W3_W5_EXPLICIT,trend_slope3,2.300,accel.pos3>=2,23,4.020,,,Overlap 0.800 with family representative B052.
B084,84,,REJECT_SAME_FAMILY_NONREP,C24,0.842,5,trend.net3>0 AND capital.net1<0 AND capital.slope5>0 AND accel>=L AND accel.pos3>=2,19,4.343,4.901,78.947,1.484,2.779,6.482,-2.531,5.160,4.113,4.005,2.689,5.998,13,2.823,W3_W5_EXPLICIT,trend_slope3,2.300,accel.pos3>=2,21,4.082,,,Overlap 0.842 with family representative B052.
B085,85,,REJECT_SAME_FAMILY_NONREP,C08,0.842,3,trend=GRAY AND capital.net3>0 AND capital.pos3>=2,18,4.026,3.926,88.889,1.608,4.182,5.876,-2.920,4.304,3.893,3.875,2.377,5.675,7,4.205,LONGER_PATH_EXPLICIT,accel_slope3,4.375,capital.pos3>=2,32,2.748,2.144,0.0788,Overlap 0.842 with family representative B018.
B086,86,,REJECT_REDUNDANT_EVENT_SET,C41,0.913,5,trend.net1>0 AND momentum=SHORT AND momentum.net5<0 AND accel.neg3>=2 AND anomaly=GRAY,22,4.687,4.359,90.909,1.009,3.942,6.495,-2.897,4.551,4.005,5.597,3.185,6.189,12,1.648,W3_W5_EXPLICIT,bearbars5,3.195,anomaly=GRAY,22,4.577,,,Overlap 0.913 with B090; simpler/equal or more robust representative.
B087,87,,REJECT_SAME_FAMILY_NONREP,C31,0.842,4,capital.net5<0 AND capital.slope3>0 AND momentum<=LS AND momentum.slope5<0,18,4.714,5.435,83.333,1.313,5.262,6.379,-2.920,6.517,4.889,3.007,2.670,6.757,14,3.381,W3_W5_EXPLICIT,capital_slope3,5.333,momentum.slope5<0,22,4.122,,,Overlap 0.842 with family representative B076.
B088,88,,RETAIN_FAMILY_REPRESENTATIVE,C43,1.000,4,trend.slope3>0 AND capital.slope5<0 AND accel.slope3<0 AND accel.slope5<0,15,4.435,3.869,80.000,2.994,3.766,6.329,-2.160,4.729,5.094,3.335,2.908,5.961,11,3.479,W3_W5_EXPLICIT,trend_slope3,3.928,accel.slope5<0,22,3.718,2.253,0.0949,Distinct family; conservative direction + temporal context + matched incremental evidence.
B089,89,,REJECT_REDUNDANT_EVENT_SET,C31,0.941,4,capital.net5<0 AND capital.slope3>0 AND momentum=SHORT AND momentum.net5<0,16,4.729,6.100,81.250,1.342,5.127,6.381,-3.023,6.881,5.017,3.007,2.423,7.036,12,3.618,W3_W5_EXPLICIT,capital_slope3,7.187,momentum.net5<0,18,4.579,,,Overlap 0.941 with B076; simpler/equal or more robust representative.
B090,90,,RETAIN_FAMILY_REPRESENTATIVE,C41,1.000,4,trend.net1>0 AND momentum=SHORT AND momentum.net5<0 AND accel.neg3>=2,22,4.577,4.359,90.909,1.027,4.127,6.517,-2.882,4.551,4.005,5.192,3.046,6.108,12,1.648,W3_W5_EXPLICIT,bearbars5,3.195,accel.neg3>=2,25,4.038,,,Distinct family; conservative direction + temporal context + matched incremental evidence.
B091,91,,REJECT_SAME_FAMILY_NONREP,C26,0.810,4,trend.net1>0 AND momentum<=LS AND momentum.net5<0 AND accel.neg5>=3,20,4.452,4.858,90.000,1.400,4.814,6.719,-2.897,3.890,4.577,5.192,2.728,6.176,12,2.417,LONGER_PATH_EXPLICIT,momentum_net3,5.928,momentum<=LS,21,4.280,,,Overlap 0.810 with family representative B058.
B092,92,,HOLD_MATCHED_DATA_LIMITED,C40,1.000,4,capital>=L AND capital.slope3>0 AND momentum=SHORT AND momentum.neg5>=3,16,4.654,4.654,87.500,2.212,6.030,6.459,-2.103,4.333,5.041,3.921,2.751,6.557,2,2.301,W3_W5_EXPLICIT,,,momentum.neg5>=3,19,3.783,,,Fewer than 8 exact-current-state matched observations.
B093,93,,REJECT_NO_INCREMENTAL_VALUE,C45,1.000,5,trend.slope3<0 AND trend.neg5>=3 AND capital.net5<0 AND momentum.net5<0 AND accel=SHORT,23,4.534,3.579,78.261,1.941,5.039,7.114,-3.379,4.765,4.248,4.522,2.430,6.637,21,3.300,W3_W5_EXPLICIT,trend_net5,4.610,accel=SHORT,31,4.126,0.573,0.4209,Simpler parent not materially worse; weakest added condition accel=SHORT.
B094,94,,REJECT_REDUNDANT_EVENT_SET,C30,0.938,4,trend.net1>0 AND momentum.net5<0 AND accel.neg5>=3 AND bear_now>=2,16,4.509,4.858,93.750,1.397,4.119,6.822,-2.412,3.739,4.577,5.770,2.826,6.191,12,2.417,LONGER_PATH_EXPLICIT,momentum_net3,5.928,bear_now>=2,21,4.280,0.962,0.3737,Overlap 0.938 with B067; simpler/equal or more robust representative.
B095,95,,REJECT_SAME_FAMILY_NONREP,C06,0.895,5,trend.slope3>0 AND momentum<=LS AND momentum.slope5<0 AND accel.neg3>=2 AND anomaly=GRAY,19,4.821,3.953,89.474,2.430,5.149,7.134,-2.837,4.730,3.881,5.370,2.928,6.713,12,2.329,W3_W5_EXPLICIT,trend_slope3,5.607,anomaly=GRAY,19,4.914,,,Overlap 0.895 with family representative B014.
B096,96,,REJECT_REDUNDANT_EVENT_SET,C41,0.909,5,trend.net1>0 AND momentum=SHORT AND momentum.net5<0 AND momentum.neg5>=3 AND accel.neg3>=2,20,4.729,4.858,90.000,1.217,4.019,6.771,-2.810,4.925,4.005,5.192,3.058,6.400,13,1.447,W3_W5_EXPLICIT,bearbars5,3.423,momentum.neg5>=3,22,4.577,,,Overlap 0.909 with B090; simpler/equal or more robust representative.
B097,97,,REJECT_SAME_FAMILY_NONREP,C26,0.850,4,trend.net1>0 AND momentum.net5<0 AND accel.neg3>=2 AND accel.neg5>=3,19,4.577,4.487,94.737,1.196,4.672,6.634,-2.658,4.470,3.897,5.192,2.928,6.227,12,1.957,W3_W5_EXPLICIT,momentum_net3,6.282,accel.neg3>=2,21,4.280,,,Overlap 0.850 with family representative B058.
B098,98,,REJECT_SAME_FAMILY_NONREP,C26,0.842,5,trend.net1>0 AND trend.neg5>=3 AND momentum.net5<0 AND accel.neg3>=2 AND accel.neg5>=3,17,4.694,4.487,94.118,1.283,4.709,6.829,-2.618,4.925,3.897,4.963,2.892,6.496,11,2.249,W3_W5_EXPLICIT,momentum_net3,5.765,accel.neg5>=3,19,4.644,,,Overlap 0.842 with family representative B058.
B099,99,,HOLD_MATCHED_DATA_LIMITED,C44,1.000,3,trend=SHORT AND capital.net3<0 AND accel.slope5>0,16,4.557,3.467,93.750,1.869,6.211,6.233,-2.720,4.161,5.646,3.348,2.925,6.189,7,3.077,W3_W5_EXPLICIT,impbars5,6.935,accel.slope5>0,37,2.947,2.370,0.0583,Fewer than 8 exact-current-state matched observations.
B100,100,,RETAIN_FAMILY_REPRESENTATIVE,C42,1.000,5,trend.net3>0 AND capital.net1<0 AND capital.slope3>0 AND capital.slope5>0 AND accel.pos3>=2,15,4.482,4.901,80.000,1.594,2.823,6.675,-2.536,4.435,5.180,3.931,2.550,6.413,9,2.868,W3_W5_EXPLICIT,trend_slope3,2.435,accel.pos3>=2,19,4.039,,,Distinct family; conservative direction + temporal context + matched incremental evidence.