symbol,config,sell_frac,return,close_mdd,intra_mdd,trades,win,avg_trade,median_trade,p10,p5,cvar10,worst,exposure,c_partial_events,full_exits,open_at_end
BTC,C_SELL_25,0.25,1.449348991826505,-0.48246269172545464,-0.5279540452099262,63,0.6349206349206349,0.018720886872382384,0.013154393320001567,-0.07595067319777889,-0.1374979158268892,-0.14749722690943257,-0.25703713076495227,0.5136174303107979,32,63,false
BTC,C_SELL_50,0.5,0.7927381544696472,-0.45226758989128935,-0.5004130825635564,63,0.6190476190476191,0.012991601715949553,0.015331834342431794,-0.07697825128802827,-0.136096328233477,-0.1455794095629926,-0.25703713076495227,0.5136174303107979,32,63,false
BTC,C_SELL_75,0.75,0.2959084557951106,-0.44369603787306255,-0.492594967054229,63,0.6190476190476191,0.007262316559516719,0.013229884040639517,-0.08522078673660438,-0.13469474064006484,-0.14491528697943945,-0.25703713076495227,0.5136174303107979,32,63,false
BTC,C_SELL_100,1,0.07244627437181483,-0.5272900151222275,-0.568841062117097,71,0.6056338028169014,0.003599032907302237,0.014855221714025202,-0.07820009606443845,-0.12466505855805615,-0.1367584338397116,-0.25703713076495227,0.42069849407241267,0,71,false
ETH,C_SELL_25,0.25,3.806866121822079,-0.691885893948587,-0.7080273371827455,65,0.6,0.03708647467560352,0.0245295695808736,-0.16758362448486377,-0.21062467188509565,-0.23444837905453086,-0.3262036887712121,0.4885668276972625,42,65,false
ETH,C_SELL_50,0.5,2.1083622589715296,-0.7038165652522883,-0.719332985971048,65,0.6461538461538462,0.027529395242773126,0.024529569580873822,-0.16758362448486375,-0.21062467188509565,-0.23303482004662326,-0.32456863261579116,0.4885668276972625,42,65,false
ETH,C_SELL_75,0.75,0.9232897695242195,-0.7182387585204235,-0.7329996311828706,65,0.6461538461538462,0.01797231580994271,0.027682242404586832,-0.16758362448486375,-0.21062467188509565,-0.2316212610387156,-0.32293357646037013,0.4885668276972625,42,65,false
ETH,C_SELL_100,1,0.29392434613592466,-0.7591147633810964,-0.7717342290156299,72,0.6388888888888888,0.009718611107604714,0.024432916866380716,-0.16033043346936907,-0.20619652675867256,-0.22200429773711194,-0.32129852030494943,0.39098228663446055,0,72,false
BNB,C_SELL_25,0.25,2.6015325895086163,-0.6193824011138116,-0.6554142870999179,52,0.7115384615384616,0.03922855197001254,0.020114835382088803,-0.1619627832749843,-0.24014591885086878,-0.23460835512882353,-0.30137353967866065,0.478505291005291,41,52,false
BNB,C_SELL_50,0.5,2.026202685495433,-0.5882077782698649,-0.6283933729850613,52,0.7307692307692307,0.032515558295770026,0.03506081840276132,-0.15707800870376665,-0.22153006341256037,-0.22732600995944277,-0.2991128127288788,0.478505291005291,41,52,false
BNB,C_SELL_75,0.75,1.4283115272096039,-0.5524141376275169,-0.5973913517134486,52,0.7307692307692307,0.025802564621527475,0.03541112269875901,-0.15275323584301181,-0.20656832475005452,-0.22004366479006196,-0.29685208577909694,0.478505291005291,41,52,false
BNB,C_SELL_100,1,0.9519029149687179,-0.5942238991870472,-0.6361694848790918,65,0.6923076923076923,0.016565360887560478,0.02720753025549083,-0.14065043023881107,-0.1625857271196615,-0.20900081381001037,-0.2945913588293151,0.31183862433862436,0,65,false
SOL,C_SELL_25,0.25,1.4658475981390775,-0.7017369724441767,-0.7030926591923636,39,0.46153846153846156,0.04747892965614199,-0.009704853816808745,-0.14114145772284808,-0.19802218396072646,-0.21512259783490253,-0.3081351481122184,0.4496277915632754,27,39,false
SOL,C_SELL_50,0.5,1.2709383184684535,-0.674846091961146,-0.6763240050899095,39,0.48717948717948717,0.03948204237398172,-0.004682765169577885,-0.1325311572809205,-0.16112417324725142,-0.20442654037238245,-0.3081351481122183,0.4496277915632754,27,39,false
SOL,C_SELL_75,0.75,0.9931818258034564,-0.6463455062884873,-0.6479529623466196,39,0.5384615384615384,0.03148515509182142,0.004021498707883042,-0.11815540822554331,-0.15375476166368726,-0.19472606079024768,-0.3081351481122183,0.4496277915632754,27,39,false
SOL,C_SELL_100,1,1.431440078946435,-0.6322125785885401,-0.6591611372641959,45,0.5777777777777777,0.030154693962861905,0.020557357413761634,-0.11715041292875476,-0.1529432826432901,-0.1863347655640341,-0.3081351481122183,0.343424317617866,0,45,false
