symbol,asset_class,XMA_ONLY_V2_pct,XMA_HYS2_V2_pct,XMA_FIVEGZ_V2_pct,XMA_HYS2_FIVEGZ_V2_pct,combined_max_dd_pct,combined_executions,combined_failed_probes,combined_transition_overrides
ABT,stock,-5.23,-5.76,-6.14,-6.66,-7.68,11,3,0
AAPL,stock,-0.42,-0.61,-0.21,-0.40,-0.40,4,2,0
AMZN,stock,-2.06,-2.37,-2.11,-4.47,-4.47,7,3,1
ORCL,stock,15.97,15.47,25.45,24.92,-2.78,7,2,0
INTC,stock,-4.92,-5.89,-8.17,-9.27,-16.44,17,5,0
MSFT,stock,0.20,0.20,0.20,0.74,-0.98,4,0,1
NVDA,stock,0.32,0.48,0.16,-2.09,-2.40,4,2,1
GOOGL,stock,0.50,0.85,0.25,-0.93,-1.62,6,3,1
META,stock,-3.00,-2.66,-2.76,-5.09,-5.53,11,4,1
JPM,stock,3.53,3.70,5.12,5.30,-1.26,8,3,0
XOM,stock,0.46,0.77,0.33,0.64,-0.15,6,2,0
BTC,crypto,-4.67,-4.53,-5.90,-5.77,-7.73,15,2,0
ETH,crypto,-9.69,-9.69,-10.65,-13.83,-13.83,9,2,1
BNB,crypto,1.02,0.80,2.54,2.31,-4.02,14,5,0
SOL,crypto,1.35,1.71,1.24,-0.56,-9.01,15,5,1
