date,hys2_l1,hys2_l2,hys2_l3,hys2_macd_hist,hist_rising,bull_cross,bear_cross,resonance,new_30d_low,new_30d_high,fire_bottom,fire_top,initial_assessment
2025-01-02,45.372450,45.274921,45.567508,0.012516,0,1,0,0,0,0,0.035394,0.000000,GENERIC_BULL_CROSS_NO_XMA_SETUP
2025-01-03,48.449614,46.333152,52.682538,0.071515,1,0,0,0,0,0,0.017697,0.000000,NO_INCREMENTAL_ACTION
2025-01-06,44.862218,45.842840,42.900973,0.015061,0,0,0,0,0,0,0.008848,0.000000,NO_INCREMENTAL_ACTION
2025-01-07,45.040219,45.575300,43.970058,0.035948,1,0,0,0,0,0,0.004424,0.000000,NO_INCREMENTAL_ACTION
2025-01-08,51.225973,47.458858,58.760205,0.166675,1,1,0,0,0,0,0.002212,0.000000,GENERIC_BULL_CROSS_NO_XMA_SETUP
2025-01-10,41.502535,45.473417,33.560770,0.002913,0,0,0,0,0,0,0.001106,0.000000,NO_INCREMENTAL_ACTION
2025-01-13,41.301507,44.082780,35.738961,0.023081,1,0,0,0,0,0,0.000553,0.000000,NO_INCREMENTAL_ACTION
2025-01-14,37.390082,41.851881,28.466485,0.023405,1,0,0,0,0,0,0.000277,0.000000,NO_INCREMENTAL_ACTION
2025-01-15,26.498418,36.734060,6.027134,-0.212141,0,0,0,0,1,0,4.909952,0.000000,PROMISING_LOW_EXTREME_CONTEXT
2025-01-16,37.639451,37.035857,38.846640,0.021022,1,1,0,1,0,0,2.454976,0.000000,PROMISING_CONFIRMATION_ALIGNS_WITH_XMA_ENTER
2025-01-17,42.250824,38.774179,49.204112,0.122152,1,0,0,0,0,0,1.227488,0.000000,HOLD_CONTEXT
2025-01-21,60.893482,46.147280,90.385885,0.612303,1,0,0,0,0,1,0.613744,-4.462532,FIRE_TOP_NOT_A_SHORT_SIGNAL
2025-01-22,65.999461,52.764674,92.469035,1.023080,1,0,0,0,0,1,0.306872,-6.659459,FIRE_TOP_WHILE_BREAKOUT_CONTINUES
2025-01-23,77.306021,60.945123,110.027818,1.928220,1,0,0,0,0,1,0.153436,-7.692962,FIRE_TOP_WHILE_BREAKOUT_CONTINUES
2025-01-24,83.430214,68.440153,113.410335,2.628057,1,0,0,0,0,1,0.076718,-8.065734,FIRE_TOP_WHILE_BREAKOUT_CONTINUES
2025-01-27,88.371462,75.083923,114.946540,3.487111,1,0,0,0,0,1,0.038359,-8.180088,FIRE_TOP_WHILE_BREAKOUT_CONTINUES
2025-01-28,87.929569,79.365805,105.057096,3.571010,1,0,0,0,0,1,0.019179,-8.201236,EXTENSION_WARNING_ONLY
2025-01-29,88.459971,82.397193,100.585525,3.476883,0,0,0,0,0,0,0.009590,-4.100618,MOMENTUM_DECELERATION_CONTEXT
2025-01-30,90.481110,85.091832,101.259666,3.329447,0,0,0,0,0,0,0.004795,-2.050309,MOMENTUM_DECELERATION_CONTEXT
2025-01-31,90.283870,86.822511,97.206586,2.915166,0,0,0,0,0,0,0.002397,-1.025155,NO_AUTOMATIC_SHORT
