anchor_date,asof_date,lower,mid,upper
2025-01-15,2025-01-15,110.991821,113.483610,115.975399
2025-01-15,2025-01-16,110.843682,113.424281,116.004881
2025-01-15,2025-01-17,110.882362,113.438267,115.994172
2025-01-15,2025-01-21,110.895091,113.516307,116.137524
2025-01-15,2025-01-22,110.724882,113.642481,116.560079
2025-01-15,2025-01-24,111.049279,114.296875,117.544471
2025-01-15,2025-01-27,111.403011,114.795279,118.187548
2025-01-15,2025-01-31,113.232527,116.702516,120.172505
2025-01-15,2025-02-14,114.799452,118.297312,121.795171
2025-01-21,2025-01-21,110.883866,113.512286,116.140706
2025-01-21,2025-01-22,110.677986,113.665784,116.653582
2025-01-21,2025-01-24,111.069069,114.439964,117.810859
2025-01-21,2025-01-27,111.484060,115.017905,118.551751
2025-01-21,2025-01-31,113.559498,117.155199,120.750901
2025-01-21,2025-02-14,116.156603,119.854438,123.552273
