date,open,high,low,close,volume,trend,capital,momentum,accel,anomaly,buy_a,buy_b,sell_a,sell_b,sell_c,position,action,portfolio_value
2025-01-02,168.52000427246094,168.69000244140625,164.89999389648438,166.02999877929688,5360800,SHORT,LIGHT_SHORT,SHORT,SHORT,SHORT,0,0,0,0,0,0,,10000
2025-01-03,166.6999969482422,167.1999969482422,165.27000427246094,166.32000732421875,5876000,SHORT,GRAY,SHORT,SHORT,GRAY,0,0,0,0,0,0,,10000
2025-01-06,167.30999755859375,168.0500030517578,165.19000244140625,165.69000244140625,6845400,SHORT,LIGHT_SHORT,LIGHT_SHORT,SHORT,SHORT,0,0,0,0,0,0,,10000
2025-01-07,165.5800018310547,166.16000366210938,161.32000732421875,162.02999877929688,7712200,SHORT,LIGHT_SHORT,SHORT,SHORT,GRAY,0,0,0,0,0,0,,10000
2025-01-08,162.17999267578125,163.97999572753906,161.42999267578125,163.13999938964844,7596200,SHORT,GRAY,SHORT,LIGHT_SHORT,GRAY,0,0,0,0,0,0,,10000
2025-01-10,159.1999969482422,159.1999969482422,153.9199981689453,154.5,13593900,SHORT,SHORT,SHORT,SHORT,GRAY,0,0,0,0,0,0,,10000
2025-01-13,153.74000549316406,154.14999389648438,152.4199981689453,153.9199981689453,8828500,LIGHT_SHORT,GRAY,SHORT,SHORT,GRAY,1,0,0,0,0,0,,10000
2025-01-14,156.4199981689453,157.25,154.35000610351562,156.30999755859375,7410200,LIGHT_SHORT,GRAY,SHORT,GRAY,GRAY,0,0,0,0,0,1,BUY_EXEC,9987.973625280492
2025-01-15,158.6699981689453,159.14999389648438,157.25999450683594,158.30999755859375,10701200,LIGHT_SHORT,GRAY,LIGHT_SHORT,GRAY,GRAY,0,0,0,0,0,1,,10115.770615636613
2025-01-16,160.14999389648438,161.5,158.41000366210938,159.5399932861328,9210600,LIGHT_LONG,GRAY,LONG,LONG,GRAY,0,0,0,0,0,1,,10194.365491701805
2025-01-17,161.77000427246094,163.16000366210938,160.5399932861328,161.02999877929688,11618300,LIGHT_LONG,GRAY,LONG,LONG,GRAY,0,0,0,0,0,1,,10289.574600522032
2025-01-21,163.8699951171875,173.3699951171875,162.75,172.57000732421875,30232000,LONG,LONG,LONG,LONG,LONG,0,0,0,0,1,1,,11026.963780884502
2025-01-22,191.509994506836,191.9900054931641,180.57000732421875,184.22000122070312,48028500,LONG,LONG,LONG,LONG,GRAY,0,0,0,0,0,0,SELL_EXEC_S3,12231.081860315231
2025-01-23,181.63999938964844,186.57000732421875,181.5,186.47000122070312,17314600,LONG,LIGHT_LONG,LONG,LONG,GRAY,0,0,0,0,0,0,,12231.081860315231
2025-01-24,188.63999938964844,189.1000061035156,181.8699951171875,183.6000061035156,12147200,LONG,LIGHT_LONG,LONG,GRAY,GRAY,0,0,0,0,0,0,,12231.081860315231
2025-01-27,168.89999389648438,172.52000427246094,152.66000366210938,158.27999877929688,42201600,GRAY,LIGHT_SHORT,LIGHT_LONG,GRAY,GRAY,0,0,1,0,0,0,,12231.081860315231
2025-01-28,162.99000549316406,165.8300018310547,156.75,164,20319300,GRAY,GRAY,LIGHT_LONG,GRAY,GRAY,0,0,0,0,0,0,,12231.081860315231
2025-01-29,164.02999877929688,164.02999877929688,160.00999450683594,162.02000427246094,9866600,GRAY,LIGHT_SHORT,LIGHT_LONG,LIGHT_LONG,SHORT,0,0,0,1,0,0,,12231.081860315231
2025-01-30,164.77999877929688,171.49000549316406,164.10000610351562,170.3800048828125,14981700,LONG,LIGHT_LONG,LIGHT_LONG,LONG,GRAY,0,0,0,0,0,0,,12231.081860315231
2025-01-31,170.41000366210938,173,169.1300048828125,170.05999755859375,8704600,LIGHT_LONG,LIGHT_LONG,LIGHT_LONG,LONG,GRAY,0,0,0,0,0,0,,12231.081860315231
2025-02-03,163.1999969482422,169.89999389648438,163.1999969482422,168.60000610351562,8250600,LIGHT_LONG,LIGHT_LONG,LIGHT_LONG,LIGHT_LONG,GRAY,0,0,0,0,0,0,,12231.081860315231
2025-02-04,170.39999389648438,170.39999389648438,166.35000610351562,167.88999938964844,6777000,LIGHT_LONG,LIGHT_SHORT,LONG,LIGHT_LONG,GRAY,0,0,0,0,0,0,,12231.081860315231
2025-02-05,168.99000549316406,171.88999938964844,168.52000427246094,171.66000366210938,7866700,LIGHT_LONG,LIGHT_LONG,LONG,LONG,GRAY,0,0,0,0,0,0,,12231.081860315231
2025-02-06,173,175.64999389648438,171.57000732421875,172.35000610351562,7036900,LIGHT_LONG,LIGHT_LONG,LONG,LONG,GRAY,0,0,0,0,0,0,,12231.081860315231
2025-02-07,175,177.38999938964844,173.17999267578125,174.4600067138672,9991300,LIGHT_LONG,LONG,LONG,LONG,GRAY,0,0,0,0,0,0,,12231.081860315231
2025-02-10,176,179.99000549316406,174.9199981689453,178.9199981689453,7625900,LIGHT_LONG,LIGHT_LONG,LONG,LONG,GRAY,0,0,0,0,0,0,,12231.081860315231
2025-02-11,177.6199951171875,179.1199951171875,176.4499969482422,177.19000244140625,6528800,LIGHT_LONG,LIGHT_LONG,LONG,LONG,GRAY,0,0,0,0,0,0,,12231.081860315231
2025-02-12,174.88999938964844,174.88999938964844,170.7100067138672,172.22000122070312,7454800,GRAY,GRAY,LIGHT_LONG,GRAY,GRAY,0,0,1,0,0,0,,12231.081860315231
2025-02-13,173,174.3800048828125,172.10000610351562,173.86000061035156,6421700,LIGHT_LONG,LIGHT_LONG,LIGHT_LONG,GRAY,GRAY,0,0,0,0,0,0,,12231.081860315231
2025-02-14,174.25,175.02999877929688,172.80999755859375,174.16000366210938,7260900,LIGHT_LONG,LIGHT_LONG,LIGHT_LONG,LIGHT_LONG,GRAY,0,0,0,0,0,0,,12231.081860315231
2025-02-18,176.75,182.2400054931641,176.08999633789062,179.8000030517578,11430500,LIGHT_LONG,LONG,LIGHT_LONG,LONG,GRAY,0,0,0,0,0,0,,12231.081860315231
2025-02-19,178.5800018310547,181.67999267578125,175.6999969482422,181.5200042724609,8688500,LIGHT_LONG,LIGHT_LONG,LONG,LONG,GRAY,0,0,0,0,0,0,,12231.081860315231
2025-02-20,179.80999755859375,180.2700042724609,174.42999267578125,176,8737000,GRAY,GRAY,LONG,GRAY,GRAY,0,0,1,0,0,0,,12231.081860315231
2025-02-21,176.1199951171875,176.8800048828125,167.5500030517578,167.80999755859375,9713900,LIGHT_SHORT,GRAY,SHORT,LONG,GRAY,0,0,0,0,0,0,,12231.081860315231
2025-02-24,173.57000732421875,174.1699981689453,164.66000366210938,169.9600067138672,10639100,LIGHT_SHORT,GRAY,SHORT,LONG,GRAY,0,0,0,0,0,0,,12231.081860315231
2025-02-25,169.2899932861328,170.60000610351562,164.44000244140625,168.5399932861328,8316100,SHORT,GRAY,SHORT,LIGHT_LONG,GRAY,0,0,0,0,0,0,,12231.081860315231
2025-02-26,170.97999572753906,173.8699951171875,169.1300048828125,172.47000122070312,6915100,SHORT,GRAY,SHORT,LIGHT_LONG,GRAY,0,0,0,0,0,0,,12231.081860315231
2025-02-27,173,174.86000061035156,164.5800018310547,164.75999450683594,7436800,SHORT,GRAY,SHORT,LIGHT_SHORT,GRAY,0,0,0,0,0,0,,12231.081860315231
2025-02-28,163.11000061035156,166.14999389648438,160.80999755859375,166.05999755859375,12843300,LIGHT_SHORT,GRAY,SHORT,SHORT,GRAY,0,0,0,0,0,0,,12231.081860315231
2025-03-03,166.9499969482422,167.1199951171875,161.1300048828125,162.02000427246094,8081800,LIGHT_SHORT,GRAY,SHORT,LIGHT_SHORT,GRAY,0,0,0,0,0,0,,12231.081860315231
2025-03-04,159.22000122070312,159.75999450683594,153.52000427246094,157.47000122070312,13171900,SHORT,LIGHT_SHORT,SHORT,SHORT,GRAY,0,0,0,0,0,0,,12231.081860315231
2025-03-05,158.05999755859375,162.49000549316406,157.0500030517578,161.55999755859375,7141000,SHORT,GRAY,SHORT,GRAY,LIGHT_LONG,0,0,0,0,0,0,,12231.081860315231
2025-03-06,157.16000366210938,157.16000366210938,149.72999572753906,150.94000244140625,12321200,SHORT,LIGHT_SHORT,SHORT,LIGHT_SHORT,GRAY,0,0,0,0,0,0,,12231.081860315231
2025-03-07,150.6199951171875,156.47999572753906,148.5,155.16000366210938,12646500,LIGHT_SHORT,GRAY,SHORT,LIGHT_SHORT,GRAY,0,0,0,0,0,0,,12231.081860315231
2025-03-10,150.52999877929688,152.52000427246094,146.8000030517578,148.7899932861328,21486100,SHORT,SHORT,SHORT,GRAY,GRAY,0,0,0,0,0,0,,12231.081860315231
2025-03-11,143.4199981689453,145.77999877929688,137.6999969482422,144.17999267578125,27200200,SHORT,SHORT,SHORT,SHORT,GRAY,0,0,0,0,0,0,,12231.081860315231
2025-03-12,146.22999572753906,152.22999572753906,145.00999450683594,150.88999938964844,15373900,LIGHT_SHORT,GRAY,SHORT,GRAY,LIGHT_LONG,0,0,0,0,0,0,,12231.081860315231
2025-03-13,149.7899932861328,150.1699981689453,145.47999572753906,147.66000366210938,14187700,SHORT,GRAY,LIGHT_SHORT,GRAY,GRAY,0,0,0,0,0,0,,12231.081860315231
2025-03-14,148.9199981689453,150.8800048828125,147.8800048828125,149.27000427246094,9330000,SHORT,GRAY,LIGHT_SHORT,LIGHT_SHORT,GRAY,0,0,0,0,0,0,,12231.081860315231
2025-03-17,150.39999389648438,155.75,150.39999389648438,154.00999450683594,9885000,LIGHT_LONG,GRAY,LONG,LONG,LONG,0,0,0,0,0,0,,12231.081860315231
2025-03-18,152.3699951171875,152.4199981689453,148.6300048828125,149.4499969482422,9402500,GRAY,GRAY,LONG,LONG,GRAY,0,0,0,0,0,0,,12231.081860315231
2025-03-19,150.05999755859375,154.07000732421875,150,152.4499969482422,6909500,LIGHT_LONG,GRAY,LONG,LONG,GRAY,0,0,0,0,0,0,,12231.081860315231
2025-03-20,151.5800018310547,154.49000549316406,150.82000732421875,152.72000122070312,7051600,LIGHT_LONG,GRAY,LONG,LONG,GRAY,0,0,0,0,0,0,,12231.081860315231
2025-03-21,151.64999389648438,153.83999633789062,150.11000061035156,152.22999572753906,17620200,LONG,LIGHT_SHORT,LONG,LONG,GRAY,0,0,0,0,0,0,,12231.081860315231
2025-03-24,156.33999633789062,156.60000610351562,154.02999877929688,154.8699951171875,7848300,LIGHT_LONG,GRAY,LONG,LIGHT_LONG,GRAY,0,0,0,0,0,0,,12231.081860315231
2025-03-25,154.50999450683594,155.60000610351562,153.0500030517578,153.92999267578125,8521200,LIGHT_LONG,LIGHT_SHORT,LONG,LIGHT_LONG,GRAY,0,0,0,0,0,0,,12231.081860315231
2025-03-26,152.88999938964844,153.02999877929688,146.55999755859375,147.8000030517578,13210000,GRAY,LIGHT_SHORT,LIGHT_LONG,GRAY,GRAY,0,0,1,0,0,0,,12231.081860315231
2025-03-27,145.85000610351562,147.0399932861328,144.9199981689453,145.77999877929688,9148300,LIGHT_SHORT,GRAY,SHORT,SHORT,GRAY,0,0,0,0,0,0,,12231.081860315231
2025-03-28,143.77999877929688,145.64999389648438,139.11000061035156,140.8699951171875,13144500,LIGHT_SHORT,LIGHT_SHORT,SHORT,SHORT,GRAY,0,0,0,0,0,0,,12231.081860315231
2025-03-31,138.63999938964844,140.58999633789062,136.75999450683594,139.80999755859375,15509900,SHORT,LIGHT_SHORT,SHORT,SHORT,GRAY,0,0,0,0,0,0,,12231.081860315231
2025-04-01,139.75999450683594,143.25,138.75999450683594,141.94000244140625,9518500,SHORT,GRAY,SHORT,GRAY,GRAY,0,0,0,0,0,0,,12231.081860315231
2025-04-02,139.86000061035156,147.88999938964844,139.86000061035156,145.86000061035156,11594400,GRAY,GRAY,LIGHT_SHORT,GRAY,GRAY,0,0,0,0,0,0,,12231.081860315231
2025-04-03,139.25,141.39999389648438,136.63999938964844,137.22999572753906,14433800,LIGHT_SHORT,LIGHT_SHORT,LIGHT_SHORT,LIGHT_SHORT,GRAY,0,0,0,0,0,0,,12231.081860315231
2025-04-04,132.91000366210938,133.82000732421875,126.9499969482422,128.27000427246094,14986900,LIGHT_SHORT,LIGHT_SHORT,SHORT,SHORT,GRAY,0,0,0,0,0,0,,12231.081860315231
2025-04-07,118.86000061035156,134.11000061035156,118.86000061035156,127.16000366210938,19482700,SHORT,LIGHT_SHORT,SHORT,SHORT,GRAY,0,0,0,0,0,0,,12231.081860315231
2025-04-08,132.5399932861328,132.99000549316406,121.6999969482422,124.5,11950300,LIGHT_SHORT,GRAY,SHORT,LIGHT_SHORT,GRAY,0,0,0,0,0,0,,12231.081860315231
2025-04-09,123.4000015258789,140.58999633789062,123.4000015258789,139.69000244140625,17762000,LIGHT_LONG,GRAY,LIGHT_LONG,LONG,LONG,0,0,0,0,0,0,,12231.081860315231
2025-04-10,136.64999389648438,136.64999389648438,129.25999450683594,133.35000610351562,12401600,LIGHT_LONG,GRAY,LONG,LONG,GRAY,0,0,0,0,0,0,,12231.081860315231
2025-04-11,132.11000061035156,133,128.83999633789062,132.35000610351562,10190200,GRAY,GRAY,LONG,LIGHT_LONG,GRAY,0,0,1,0,0,0,,12231.081860315231
2025-04-14,136.8000030517578,136.8000030517578,132.8699951171875,134.63999938964844,8217700,LIGHT_LONG,GRAY,LONG,LIGHT_LONG,GRAY,0,0,0,0,0,0,,12231.081860315231
2025-04-15,134.75999450683594,136.47999572753906,133.72000122070312,133.94000244140625,8630000,LIGHT_LONG,LIGHT_SHORT,LONG,LONG,SHORT,0,0,0,1,0,0,,12231.081860315231
2025-04-16,132.27999877929688,132.5399932861328,127.8499984741211,129.75999450683594,8295200,GRAY,LIGHT_SHORT,LIGHT_LONG,LIGHT_LONG,GRAY,0,0,1,0,0,0,,12231.081860315231
2025-04-17,130.89999389648438,131.3000030517578,128.44000244140625,128.6199951171875,8925500,GRAY,LIGHT_SHORT,LIGHT_LONG,GRAY,GRAY,0,0,0,0,0,0,,12231.081860315231
2025-04-21,126.88999938964844,127.1999969482422,121.23999786376952,122.81999969482422,12201200,LIGHT_SHORT,LIGHT_SHORT,SHORT,SHORT,GRAY,0,0,0,0,0,0,,12231.081860315231
2025-04-22,124.5,127.98999786376952,123.38999938964844,127.23999786376952,11233700,LIGHT_SHORT,GRAY,SHORT,SHORT,GRAY,0,0,0,0,0,0,,12231.081860315231
2025-04-23,134.91000366210938,135.8699951171875,130.99000549316406,131.39999389648438,9528900,LIGHT_LONG,GRAY,LIGHT_LONG,LONG,GRAY,0,0,0,0,0,0,,12231.081860315231
2025-04-24,132.50999450683594,137.86000061035156,132,137.50999450683594,7305900,LIGHT_LONG,LIGHT_LONG,LONG,LONG,GRAY,0,0,0,0,0,0,,12231.081860315231
2025-04-25,137.49000549316406,139,136.75999450683594,138.49000549316406,5476400,LIGHT_LONG,LIGHT_LONG,LONG,LONG,GRAY,0,0,0,0,0,0,,12231.081860315231
2025-04-28,139.64999389648438,140.6699981689453,138.0800018310547,140.13999938964844,6985100,LIGHT_LONG,LIGHT_LONG,LONG,LONG,GRAY,0,0,0,0,0,0,,12231.081860315231
2025-04-29,139.80999755859375,141.16000366210938,139.5500030517578,140.7899932861328,4851500,LIGHT_LONG,LIGHT_LONG,LONG,LONG,GRAY,0,0,0,0,0,0,,12231.081860315231
2025-04-30,138.47999572753906,141.3000030517578,135.57000732421875,140.72000122070312,9443500,LIGHT_LONG,LONG,LONG,LIGHT_LONG,GRAY,0,0,0,0,0,0,,12231.081860315231
2025-05-01,146.55999755859375,148.63999938964844,145.33999633789062,145.49000549316406,11525800,LONG,LONG,LONG,LONG,GRAY,0,0,0,0,0,0,,12231.081860315231
2025-05-02,148.3300018310547,153.05999755859375,148.3300018310547,150.72999572753906,11346000,LONG,LONG,LONG,LONG,GRAY,0,0,0,0,0,0,,12231.081860315231
2025-05-05,149.44000244140625,150.82000732421875,148.52000427246094,149.2899932861328,5187400,LIGHT_LONG,LIGHT_LONG,LONG,LIGHT_LONG,GRAY,0,0,0,0,0,0,,12231.081860315231
2025-05-06,146.97999572753906,148.94000244140625,145.72000122070312,147.6999969482422,5108600,LIGHT_LONG,LIGHT_LONG,LONG,GRAY,GRAY,0,0,0,0,0,0,,12231.081860315231
2025-05-07,147.5,149.89999389648438,147.24000549316406,149.3699951171875,6049600,LIGHT_LONG,LIGHT_LONG,LONG,GRAY,GRAY,0,0,0,0,0,0,,12231.081860315231
2025-05-08,149.0500030517578,151.80999755859375,148.61000061035156,150.3000030517578,6113600,LIGHT_LONG,LIGHT_LONG,LIGHT_LONG,LIGHT_LONG,GRAY,0,0,0,0,0,0,,12231.081860315231
2025-05-09,150.0399932861328,151.8000030517578,149.7899932861328,150.33999633789062,4707100,LIGHT_LONG,LIGHT_LONG,LIGHT_LONG,LIGHT_LONG,GRAY,0,0,0,0,0,0,,12231.081860315231
2025-05-12,156.30999755859375,157.42999267578125,154.4199981689453,157.22000122070312,7875500,LIGHT_LONG,LONG,LONG,LONG,LONG,0,0,0,0,1,0,,12231.081860315231
2025-05-13,158.22000122070312,163.22000122070312,157.57000732421875,162.27000427246094,11955200,LONG,LONG,LONG,LONG,LONG,0,0,0,0,0,0,,12231.081860315231
2025-05-14,162.36000061035156,163.41000366210938,161.05999755859375,162.9499969482422,7499400,LIGHT_LONG,LIGHT_LONG,LONG,LIGHT_LONG,GRAY,0,0,0,0,0,0,,12231.081860315231
2025-05-15,161.36000061035156,161.74000549316406,158.91000366210938,159.39999389648438,10169200,LONG,LONG,LONG,GRAY,GRAY,0,0,0,0,0,0,,12231.081860315231
2025-05-16,160,160.83999633789062,158.52000427246094,160.49000549316406,8515500,LONG,LIGHT_LONG,LIGHT_LONG,GRAY,GRAY,0,0,0,0,0,0,,12231.081860315231
2025-05-19,158.3000030517578,161.97000122070312,157.8300018310547,159.63999938964844,10268900,LONG,LIGHT_LONG,LIGHT_LONG,GRAY,GRAY,0,0,0,0,0,0,,12231.081860315231
2025-05-20,158.6300048828125,160.36000061035156,157.52999877929688,160.30999755859375,7576400,LIGHT_LONG,LIGHT_LONG,LIGHT_LONG,GRAY,GRAY,0,0,0,0,0,0,,12231.081860315231
2025-05-21,158.35000610351562,160.89999389648438,156.4600067138672,157.17999267578125,6011000,GRAY,GRAY,LIGHT_LONG,GRAY,GRAY,0,0,0,0,0,0,,12231.081860315231
2025-05-22,156.97999572753906,159.19000244140625,156.82000732421875,157.30999755859375,7603300,GRAY,GRAY,LIGHT_LONG,GRAY,GRAY,0,0,0,0,0,0,,12231.081860315231
2025-05-23,154.99000549316406,157.3800048828125,154.25999450683594,155.97000122070312,6527500,LIGHT_SHORT,GRAY,SHORT,LONG,GRAY,0,0,0,0,0,0,,12231.081860315231
2025-05-27,159.32000732421875,162.39999389648438,158.9199981689453,161.91000366210938,6976800,LIGHT_LONG,LIGHT_LONG,LIGHT_LONG,LONG,GRAY,0,0,0,0,0,0,,12231.081860315231
2025-05-28,161.8699951171875,164.32000732421875,161.27999877929688,163.85000610351562,8090700,LIGHT_LONG,LIGHT_LONG,LIGHT_LONG,LONG,GRAY,0,0,0,0,0,0,,12231.081860315231
2025-05-29,165,165.32000732421875,161.49000549316406,162.89999389648438,6994700,LIGHT_LONG,LIGHT_LONG,LONG,LONG,GRAY,0,0,0,0,0,0,,12231.081860315231
2025-05-30,163.42999267578125,165.75,161.5500030517578,165.52999877929688,17547900,LONG,LONG,LONG,LONG,GRAY,0,0,0,0,0,0,,12231.081860315231
2025-06-02,164.1699981689453,167,162.60000610351562,166.57000732421875,7166000,LIGHT_LONG,LIGHT_LONG,LONG,LONG,GRAY,0,0,0,0,0,0,,12231.081860315231
2025-06-03,166.8000030517578,169.3300018310547,166.58999633789062,169.13999938964844,7155300,LIGHT_LONG,LIGHT_LONG,LONG,LONG,GRAY,0,0,0,0,0,0,,12231.081860315231
2025-06-04,169.7100067138672,170.47999572753906,167.57000732421875,168.10000610351562,6375800,LIGHT_LONG,LIGHT_LONG,LONG,LIGHT_SHORT,GRAY,0,0,0,0,0,0,,12231.081860315231
2025-06-05,169,172.25999450683594,168.75999450683594,171.13999938964844,7707800,LIGHT_LONG,LIGHT_LONG,LONG,LIGHT_LONG,GRAY,0,0,0,0,0,0,,12231.081860315231
2025-06-06,174,174.7899932861328,172.66000366210938,174.02000427246094,6833700,LIGHT_LONG,LIGHT_LONG,LONG,LONG,GRAY,0,0,0,0,0,0,,12231.081860315231
2025-06-09,174.86000061035156,178.72000122070312,173.7899932861328,177.14999389648438,9668900,LIGHT_LONG,LONG,LONG,LONG,GRAY,0,0,0,0,0,0,,12231.081860315231
2025-06-10,177.7100067138672,177.85000610351562,174.27999877929688,177.47999572753906,11056700,LIGHT_LONG,LONG,LONG,LIGHT_LONG,GRAY,0,0,0,0,0,0,,12231.081860315231
2025-06-11,177.5500030517578,179.5500030517578,176.1999969482422,176.3800048828125,18002900,LIGHT_LONG,LONG,LONG,LIGHT_SHORT,GRAY,0,0,0,0,0,0,,12231.081860315231
2025-06-12,189.9600067138672,202.4900054931641,188.8800048828125,199.8600006103516,54610000,LIGHT_LONG,LONG,LONG,LONG,LONG,0,0,0,0,1,0,,12231.081860315231
2025-06-13,201.5800018310547,216.6000061035156,201.1999969482422,215.22000122070312,53707400,LIGHT_LONG,LONG,LONG,LONG,LONG,0,0,0,0,0,0,,12231.081860315231
2025-06-16,213.1999969482422,215.1699981689453,209.97999572753903,211.1000061035156,22665300,GRAY,LIGHT_LONG,LIGHT_SHORT,LIGHT_SHORT,GRAY,0,0,1,0,0,0,,12231.081860315231
2025-06-17,210.6600036621093,215.8800048828125,207.47999572753903,208.17999267578125,17819200,GRAY,LIGHT_LONG,LIGHT_SHORT,SHORT,SHORT,0,0,0,0,0,0,,12231.081860315231
2025-06-18,211.08999633789065,214.72000122070312,209.57000732421875,210.8699951171875,15055400,GRAY,LIGHT_LONG,LIGHT_SHORT,LIGHT_SHORT,GRAY,0,0,0,0,0,0,,12231.081860315231
2025-06-20,213.3500061035156,213.8000030517578,204.63999938964844,205.1699981689453,20879100,SHORT,LIGHT_LONG,LIGHT_SHORT,SHORT,GRAY,0,0,0,0,0,0,,12231.081860315231
2025-06-23,205.509994506836,207.2700042724609,202.5399932861328,207.0399932861328,13418400,GRAY,LIGHT_LONG,SHORT,SHORT,GRAY,0,0,0,0,0,0,,12231.081860315231
2025-06-24,209.9900054931641,216.3699951171875,208.5500030517578,215.2700042724609,19030600,GRAY,LIGHT_LONG,SHORT,SHORT,LIGHT_LONG,1,0,0,0,0,0,,12231.081860315231
2025-06-25,214.94000244140625,216.92999267578125,210.22999572753903,210.72000122070312,11804600,GRAY,LIGHT_LONG,SHORT,LIGHT_SHORT,GRAY,0,0,0,0,0,1,BUY_EXEC,11984.951765586356
2025-06-26,212,214.4199981689453,210.3600006103516,212.82000732421875,10531100,GRAY,LIGHT_LONG,SHORT,SHORT,GRAY,0,0,0,0,0,1,,12104.392121092576
2025-06-27,213.69000244140625,214.6499938964844,209.9600067138672,210.2400054931641,14127500,LIGHT_SHORT,LIGHT_LONG,SHORT,SHORT,SHORT,0,0,0,0,0,1,,11957.651435247912
2025-06-30,226.5,228.22000122070312,218.3800048828125,218.6300048828125,31844200,GRAY,LONG,SHORT,SHORT,GRAY,0,0,0,0,0,1,,12434.842672034767
2025-07-01,219.3000030517578,223.1699981689453,216.3099975585937,218.9600067138672,16962200,GRAY,LIGHT_LONG,SHORT,LIGHT_SHORT,GRAY,0,0,0,0,0,1,,12453.61192034928
2025-07-02,217.67999267578125,231.8999938964844,216.72000122070312,229.97999572753903,22326900,LIGHT_LONG,LONG,LONG,LONG,LONG,0,0,0,0,0,1,,13080.386958414212
2025-07-03,233.22000122070312,237.9900054931641,231.1999969482422,237.32000732421875,18441400,LIGHT_LONG,LIGHT_LONG,LONG,LONG,GRAY,0,0,0,0,0,1,,13497.858885309815
2025-07-07,235.1100006103516,235.25,229.5,232.259994506836,16584300,LIGHT_LONG,LIGHT_LONG,LONG,LONG,GRAY,0,0,0,0,0,1,,13210.064612349157
2025-07-08,237.1300048828125,241.44000244140625,233.19000244140625,234.5,20401800,LIGHT_LONG,LIGHT_LONG,LONG,LIGHT_SHORT,GRAY,0,0,0,0,0,1,,13337.467600364998
2025-07-09,235.509994506836,236.509994506836,232,235.8099975585937,10871600,LIGHT_LONG,LIGHT_LONG,LIGHT_LONG,LIGHT_LONG,GRAY,0,0,0,0,0,1,,13411.975276246878
2025-07-10,239.94000244140625,240.0599975585937,233.5,235,11486300,LIGHT_LONG,LIGHT_LONG,LIGHT_LONG,LIGHT_SHORT,SHORT,0,0,0,1,0,1,,13365.905697593922
2025-07-11,231.3699951171875,234,229.8699951171875,230.5599975585937,10208200,LIGHT_SHORT,GRAY,SHORT,SHORT,GRAY,0,0,0,0,0,0,SELL_EXEC_S2,13152.865111579147
2025-07-14,229.4499969482422,230.63999938964844,225.1199951171875,229.27999877929688,11337000,LIGHT_SHORT,GRAY,SHORT,SHORT,GRAY,0,0,0,0,0,0,,13152.865111579147
2025-07-15,232.4100036621093,235.6000061035156,229.1999969482422,234.9600067138672,10728800,GRAY,LIGHT_LONG,SHORT,LIGHT_SHORT,GRAY,0,0,0,0,0,0,,13152.865111579147
2025-07-16,235.5,241.3300018310547,233.19000244140625,241.3000030517578,12597500,LIGHT_LONG,LIGHT_LONG,LIGHT_LONG,LONG,LONG,0,0,0,0,0,0,,13152.865111579147
2025-07-17,243.33999633789065,251.6000061035156,242.009994506836,248.75,17631300,LIGHT_LONG,LONG,LIGHT_LONG,LONG,LONG,0,0,0,0,0,0,,13152.865111579147
2025-07-18,248.5,249.67999267578125,245,245.4499969482422,9678100,LIGHT_LONG,LIGHT_LONG,LONG,LIGHT_SHORT,GRAY,0,0,0,0,0,0,,13152.865111579147
2025-07-21,245.3099975585937,246.8000030517578,243.2400054931641,243.5399932861328,7348400,LIGHT_LONG,LIGHT_LONG,LONG,LIGHT_SHORT,GRAY,0,0,0,0,0,0,,13152.865111579147
2025-07-22,241.97999572753903,242.2899932861328,235.4100036621093,238.1100006103516,11380900,LIGHT_SHORT,GRAY,SHORT,SHORT,GRAY,0,0,0,0,0,0,,13152.865111579147
2025-07-23,239.9499969482422,243.4199981689453,238.6600036621093,241.8999938964844,7255800,LIGHT_SHORT,LIGHT_LONG,SHORT,SHORT,GRAY,0,0,0,0,0,0,,13152.865111579147
2025-07-24,242.4100036621093,244.0800018310547,240.5599975585937,242.8300018310547,8237900,SHORT,LIGHT_LONG,SHORT,GRAY,GRAY,0,0,0,0,0,0,,13152.865111579147
2025-07-25,242.33999633789065,245.47000122070312,241.42999267578125,245.1199951171875,7149600,GRAY,LIGHT_LONG,SHORT,GRAY,GRAY,1,0,0,0,0,0,,13152.865111579147
2025-07-28,246,247.77999877929688,243.4199981689453,247.7100067138672,6756800,GRAY,LIGHT_LONG,LIGHT_SHORT,SHORT,GRAY,0,0,0,0,0,1,BUY_EXEC,13237.675085611098
2025-07-29,248.6999969482422,253.07000732421875,246.58999633789065,249.97999572753903,8415300,LIGHT_LONG,LIGHT_LONG,LIGHT_LONG,LONG,GRAY,0,0,0,0,0,1,,13358.983778019334
2025-07-30,248.63999938964844,251.0500030517578,245.6000061035156,250.6000061035156,8441400,LIGHT_LONG,LIGHT_LONG,LONG,LONG,GRAY,0,0,0,0,0,1,,13392.117263483915
2025-07-31,255.7700042724609,260.8699951171875,253.32000732421875,253.7700042724609,15548700,LIGHT_LONG,LONG,LONG,LIGHT_LONG,GRAY,0,0,0,0,0,1,,13561.522635269936
2025-08-01,247.8300018310547,248.4100036621093,242,244.4199981689453,12718200,LIGHT_SHORT,GRAY,SHORT,SHORT,GRAY,0,0,0,0,0,1,,13061.856333981626
2025-08-04,245.8999938964844,252.9100036621093,245.8999938964844,252.52999877929688,8614800,GRAY,LIGHT_LONG,SHORT,SHORT,LIGHT_LONG,0,0,0,0,0,1,,13495.256479773685
2025-08-05,255.4100036621093,258.489990234375,251.3699951171875,255.6699981689453,11197300,GRAY,LIGHT_LONG,SHORT,GRAY,GRAY,0,0,0,0,0,1,,13663.05871045707
2025-08-06,256.8399963378906,256.8399963378906,251.72000122070312,256.42999267578125,9930200,GRAY,LIGHT_LONG,LIGHT_SHORT,SHORT,LIGHT_LONG,0,0,0,0,0,1,,13703.67297744534
2025-08-07,257.7099914550781,257.760009765625,246.5200042724609,249.38999938964844,11954200,LIGHT_SHORT,GRAY,SHORT,SHORT,SHORT,0,0,0,0,0,1,,13327.4542490903
2025-08-08,250.02999877929688,250.88999938964844,247.8600006103516,250.0500030517578,8313300,SHORT,GRAY,SHORT,SHORT,GRAY,0,0,0,0,0,1,,13362.724984214092
2025-08-11,248.3999938964844,254.69000244140625,245.5599975585937,252.67999267578125,9012100,SHORT,LIGHT_LONG,SHORT,LIGHT_SHORT,GRAY,0,0,0,0,0,1,,13503.27218528686
2025-08-12,252.5800018310547,257.8699951171875,251.0800018310547,253.8600006103516,9998400,GRAY,LIGHT_LONG,SHORT,GRAY,GRAY,1,0,0,0,0,1,,13566.332058577844
2025-08-13,257.1700134277344,257.6700134277344,242.63999938964844,244.17999267578125,14182100,SHORT,LIGHT_SHORT,SHORT,SHORT,SHORT,0,0,0,0,0,1,,13049.030389727635
2025-08-14,244.9499969482422,248.9199981689453,242.57000732421875,244.9600067138672,10285600,LIGHT_SHORT,GRAY,SHORT,SHORT,GRAY,0,0,0,0,0,1,,13090.714504694879
2025-08-15,246.9199981689453,250.6300048828125,242.92999267578125,248.27999877929688,11554000,LIGHT_SHORT,LIGHT_LONG,SHORT,LIGHT_SHORT,GRAY,0,0,0,0,0,1,,13268.135581994073
2025-08-18,246.1999969482422,249.1600036621093,243.6199951171875,249.07000732421875,6759900,SHORT,LIGHT_LONG,SHORT,GRAY,GRAY,0,0,0,0,0,1,,13310.353805517889
2025-08-19,249.25,249.25,232.22999572753903,234.6199951171875,16819300,SHORT,LIGHT_SHORT,SHORT,SHORT,SHORT,0,0,0,0,0,1,,12538.142100720881
2025-08-20,232.17999267578125,235.8800048828125,228.25,235.0599975585937,11256400,LIGHT_SHORT,GRAY,SHORT,SHORT,GRAY,0,0,0,0,0,1,,12561.65592413674
2025-08-21,233.0500030517578,235.9199981689453,232.42999267578125,233.1600036621093,7403100,SHORT,LIGHT_SHORT,SHORT,LIGHT_SHORT,GRAY,0,0,0,0,0,1,,12460.119848949606
2025-08-22,234.0599975585937,238.5,231.4600067138672,236.3699951171875,9343600,SHORT,GRAY,SHORT,GRAY,GRAY,0,0,0,0,0,1,,12631.662470394838
2025-08-25,237.3500061035156,239.02999877929688,235.2700042724609,235.4100036621093,6308600,SHORT,LIGHT_SHORT,SHORT,GRAY,GRAY,0,0,0,0,0,1,,12580.360324244693
2025-08-26,235,236.9100036621093,232.7100067138672,234.2100067138672,11805200,LIGHT_SHORT,LIGHT_SHORT,LIGHT_SHORT,LIGHT_SHORT,GRAY,0,0,0,0,0,1,,12516.232233840567
2025-08-27,235,236.52999877929688,232.67999267578125,235.8099975585937,5637600,SHORT,GRAY,LIGHT_SHORT,GRAY,GRAY,0,0,0,0,0,1,,12601.736082568435
2025-08-28,235.5399932861328,241.9499969482422,235.1199951171875,240.32000732421875,8691500,GRAY,GRAY,LIGHT_SHORT,GRAY,LIGHT_LONG,0,0,0,0,0,1,,12842.7519571481
2025-08-29,237.6100006103516,238.22000122070312,223.1100006103516,226.1300048828125,16618600,SHORT,SHORT,LIGHT_SHORT,SHORT,GRAY,0,0,0,0,0,1,,12084.435229151144
2025-09-02,222,225.4499969482422,218.7899932861328,225.3000030517578,10461900,LIGHT_SHORT,GRAY,SHORT,SHORT,GRAY,0,0,0,0,0,1,,12040.079755968116
2025-09-03,225.8999938964844,225.8999938964844,221.75,223.4499969482422,8900800,SHORT,GRAY,SHORT,LIGHT_SHORT,GRAY,0,0,0,0,0,1,,11941.215038996768
2025-09-04,222,223.57000732421875,219.5599975585937,223,10303100,LIGHT_SHORT,GRAY,SHORT,SHORT,GRAY,1,0,0,0,0,1,,11917.167107024334
2025-09-05,232.5500030517578,234.6199951171875,225.88999938964844,232.8000030517578,15386100,GRAY,GRAY,LIGHT_SHORT,GRAY,GRAY,0,0,0,0,0,1,,12440.88134028508
2025-09-08,239.88999938964844,242.4199981689453,235.3099975585937,238.47999572753903,18803000,LIGHT_LONG,LONG,LONG,LONG,GRAY,0,0,0,0,0,1,,12744.421348733325
2025-09-09,239.94000244140625,243.4900054931641,234.5599975585937,241.509994506836,41178700,LIGHT_LONG,LONG,LONG,LONG,GRAY,0,0,0,0,0,1,,12906.34512356275
2025-09-10,319.19000244140625,345.7200012207031,312.0899963378906,328.3299865722656,131618100,LONG,LONG,LONG,LONG,LONG,0,0,0,0,1,1,,17546.023839590784
2025-09-11,330.3399963378906,331,304.6000061035156,307.8599853515625,69986000,LONG,LONG,LONG,LONG,SHORT,0,0,0,0,0,0,SELL_EXEC_S3,17644.61246647176
2025-09-12,305.7900085449219,307.9700012207031,291.75,292.17999267578125,51781900,LONG,LIGHT_LONG,LONG,GRAY,GRAY,0,0,0,0,0,0,,17644.61246647176
2025-09-15,306.45001220703125,307.0299987792969,297.2900085449219,302.1400146484375,40004000,LONG,LIGHT_LONG,LONG,GRAY,GRAY,0,0,0,0,0,0,,17644.61246647176
2025-09-16,314.0599975585937,319.9700012207031,302.2699890136719,306.6499938964844,51923300,LONG,LIGHT_LONG,LIGHT_LONG,LIGHT_LONG,GRAY,0,0,0,0,0,0,,17644.61246647176
2025-09-17,307.69000244140625,308.6600036621094,295.0299987792969,301.4100036621094,27707900,LIGHT_LONG,LIGHT_LONG,LIGHT_LONG,GRAY,GRAY,0,0,0,0,0,0,,17644.61246647176
2025-09-18,303.0400085449219,303.82000732421875,292,296.6199951171875,24673100,LIGHT_LONG,LIGHT_LONG,LIGHT_LONG,GRAY,GRAY,0,0,0,0,0,0,,17644.61246647176
2025-09-19,299,311.1099853515625,297.32000732421875,308.6600036621094,40776200,LONG,LIGHT_LONG,LIGHT_LONG,LIGHT_LONG,LONG,0,0,0,0,0,0,,17644.61246647176
2025-09-22,309.6300048828125,329.5,306.9200134277344,328.1499938964844,44437500,LONG,LONG,LIGHT_LONG,LONG,LONG,0,0,0,0,0,0,,17644.61246647176
2025-09-23,324,325,310.04998779296875,313.8299865722656,35280200,LONG,LIGHT_LONG,LIGHT_LONG,GRAY,GRAY,0,0,0,0,0,0,,17644.61246647176
2025-09-24,311.8599853515625,312.4700012207031,300.0299987792969,308.4599914550781,33765300,GRAY,GRAY,LIGHT_LONG,GRAY,GRAY,0,0,0,0,0,0,,17644.61246647176
2025-09-25,295.2699890136719,298.75,288.54998779296875,291.3299865722656,39274900,GRAY,GRAY,LIGHT_LONG,LONG,GRAY,0,0,0,0,0,0,,17644.61246647176
2025-09-26,293,294,283,283.4599914550781,25990700,LIGHT_SHORT,SHORT,SHORT,LONG,GRAY,0,0,0,0,0,0,,17644.61246647176
2025-09-29,284.6000061035156,285.9800109863281,279.6099853515625,282.760009765625,25778500,LIGHT_SHORT,GRAY,SHORT,LONG,GRAY,0,0,0,0,0,0,,17644.61246647176
2025-09-30,283.69000244140625,284,275.8999938964844,281.239990234375,23880800,SHORT,LIGHT_SHORT,SHORT,LIGHT_SHORT,GRAY,0,0,0,0,0,0,,17644.61246647176
2025-10-01,278.79998779296875,289.989990234375,277.8800048828125,289.010009765625,23378300,SHORT,LIGHT_LONG,SHORT,LIGHT_LONG,LIGHT_LONG,0,0,0,0,0,0,,17644.61246647176
2025-10-02,291.79998779296875,294.9700012207031,286.04998779296875,288.7799987792969,16215500,SHORT,LIGHT_LONG,LIGHT_SHORT,LIGHT_LONG,GRAY,0,0,0,0,0,0,,17644.61246647176
2025-10-03,289.6000061035156,294.6400146484375,284,286.1400146484375,13688400,SHORT,LIGHT_SHORT,LIGHT_SHORT,LIGHT_LONG,GRAY,0,0,0,0,0,0,,17644.61246647176
2025-10-06,292.3800048828125,296.67999267578125,290.79998779296875,291.5899963378906,14076800,GRAY,GRAY,LIGHT_SHORT,LIGHT_LONG,GRAY,0,0,0,0,0,0,,17644.61246647176
2025-10-07,293.2200012207031,293.2200012207031,271,284.239990234375,31723400,SHORT,SHORT,LIGHT_SHORT,LIGHT_LONG,GRAY,0,0,0,0,0,0,,17644.61246647176
2025-10-08,285.4200134277344,291.5299987792969,283.6000061035156,288.6300048828125,18982100,SHORT,LIGHT_LONG,SHORT,LIGHT_SHORT,GRAY,0,0,0,0,0,0,,17644.61246647176
2025-10-09,291.54998779296875,300.9700012207031,287.260009765625,296.9599914550781,26479800,GRAY,LONG,LIGHT_SHORT,SHORT,GRAY,0,0,0,0,0,0,,17644.61246647176
2025-10-10,300.2799987792969,307.7200012207031,292.010009765625,292.9599914550781,28895300,LIGHT_LONG,LONG,LONG,LONG,GRAY,0,0,0,0,0,0,,17644.61246647176
2025-10-13,298.70001220703125,310.70001220703125,297.739990234375,308.010009765625,21703700,LIGHT_LONG,LIGHT_LONG,LONG,LONG,LONG,0,0,0,0,1,0,,17644.61246647176
2025-10-14,303.57000732421875,304.4200134277344,291.9800109863281,299,17346200,LIGHT_LONG,LIGHT_LONG,LONG,LONG,GRAY,0,0,0,0,0,0,,17644.61246647176
2025-10-15,304.8999938964844,311.010009765625,298.9200134277344,303.6199951171875,13698900,LIGHT_LONG,LIGHT_LONG,LONG,LIGHT_SHORT,GRAY,0,0,0,0,0,0,,17644.61246647176
2025-10-16,305.6000061035156,322.5400085449219,303.07000732421875,313,32500900,LONG,LONG,LONG,LONG,LONG,0,0,0,0,0,0,,17644.61246647176
2025-10-17,303.75,304.2799987792969,287.5,291.3099975585937,37653000,GRAY,SHORT,LIGHT_LONG,GRAY,GRAY,0,0,1,1,0,0,,17644.61246647176
2025-10-20,288.95001220703125,289.239990234375,275.3099975585937,277.17999267578125,32810700,LIGHT_SHORT,LIGHT_SHORT,SHORT,LONG,GRAY,0,0,0,0,0,0,,17644.61246647176
2025-10-21,278.1099853515625,280.29998779296875,272.260009765625,275.1499938964844,18370800,SHORT,LIGHT_SHORT,SHORT,SHORT,GRAY,0,0,0,0,0,0,,17644.61246647176
2025-10-22,274.82000732421875,277.20001220703125,269.25,272.6600036621094,16474000,SHORT,LIGHT_SHORT,SHORT,SHORT,GRAY,0,0,0,0,0,0,,17644.61246647176
2025-10-23,272.9599914550781,283.1000061035156,272.3900146484375,280.07000732421875,16872200,SHORT,GRAY,SHORT,GRAY,LIGHT_LONG,0,0,0,0,0,0,,17644.61246647176
2025-10-24,285.9200134277344,287.19000244140625,282.25,283.3299865722656,13194900,SHORT,GRAY,LIGHT_SHORT,GRAY,GRAY,0,0,0,0,0,0,,17644.61246647176
2025-10-27,286.57000732421875,287,279.8099975585937,281.3999938964844,13855800,SHORT,LIGHT_SHORT,LIGHT_SHORT,GRAY,GRAY,0,0,0,0,0,0,,17644.61246647176
2025-10-28,283,285.4599914550781,280.5400085449219,280.8299865722656,12448500,SHORT,LIGHT_SHORT,LIGHT_SHORT,LIGHT_SHORT,GRAY,0,0,0,0,0,0,,17644.61246647176
2025-10-29,281.4599914550781,281.6199951171875,271.3500061035156,275.29998779296875,18007100,SHORT,LIGHT_SHORT,LIGHT_SHORT,LIGHT_SHORT,GRAY,0,0,0,0,0,0,,17644.61246647176
2025-10-30,268.739990234375,269.760009765625,256.2799987792969,256.8900146484375,27954200,SHORT,SHORT,SHORT,SHORT,GRAY,0,0,0,0,0,0,,17644.61246647176
2025-10-31,259.510009765625,265.8099975585937,256.7099914550781,262.6099853515625,16898700,SHORT,GRAY,SHORT,LIGHT_SHORT,GRAY,0,0,0,0,0,0,,17644.61246647176
2025-11-03,265.239990234375,265.6199951171875,255.22999572753903,257.8500061035156,15709200,SHORT,LIGHT_SHORT,SHORT,GRAY,GRAY,0,0,0,0,0,0,,17644.61246647176
2025-11-04,249.97999572753903,255.27999877929688,245.19000244140625,248.1699981689453,19772600,SHORT,GRAY,SHORT,SHORT,GRAY,0,0,0,0,0,0,,17644.61246647176
2025-11-05,247.9100036621093,252.3999938964844,247.02999877929688,250.3099975585937,11991500,SHORT,GRAY,SHORT,LIGHT_SHORT,LIGHT_LONG,0,0,0,0,0,0,,17644.61246647176
2025-11-06,247.94000244140625,249.07000732421875,239.2899932861328,243.8000030517578,18678300,SHORT,LIGHT_SHORT,SHORT,LIGHT_SHORT,GRAY,0,0,0,0,0,0,,17644.61246647176
2025-11-07,239,240.3999938964844,232.3500061035156,239.259994506836,20969300,LIGHT_SHORT,LIGHT_SHORT,SHORT,LIGHT_SHORT,GRAY,0,0,0,0,0,0,,17644.61246647176
2025-11-10,245.9499969482422,247.2400054931641,237.07000732421875,240.8300018310547,16698700,SHORT,GRAY,SHORT,GRAY,GRAY,0,0,0,0,0,0,,17644.61246647176
2025-11-11,236.22999572753903,237.4499969482422,228.88999938964844,236.1499938964844,20686600,LIGHT_SHORT,LIGHT_SHORT,LIGHT_SHORT,LIGHT_SHORT,GRAY,0,0,0,0,0,0,,17644.61246647176
2025-11-12,236.7400054931641,236.8099975585937,226.1699981689453,226.9900054931641,24195000,LIGHT_SHORT,LIGHT_SHORT,SHORT,SHORT,GRAY,0,0,0,0,0,0,,17644.61246647176
2025-11-13,224.9900054931641,225.1600036621093,215.22000122070312,217.57000732421875,30009000,SHORT,LIGHT_SHORT,SHORT,SHORT,GRAY,0,0,0,0,0,0,,17644.61246647176
2025-11-14,210.8300018310547,227.0500030517578,210.7700042724609,222.8500061035156,36053800,LIGHT_SHORT,GRAY,SHORT,GRAY,GRAY,0,0,0,0,0,0,,17644.61246647176
2025-11-17,218.2100067138672,222.8000030517578,215.5599975585937,219.8600006103516,16143800,SHORT,GRAY,SHORT,GRAY,GRAY,0,0,0,0,0,0,,17644.61246647176
2025-11-18,216.2100067138672,223.6999969482422,214.5,220.4900054931641,21098300,LIGHT_SHORT,GRAY,LIGHT_SHORT,LIGHT_SHORT,GRAY,0,0,0,0,0,0,,17644.61246647176
2025-11-19,219.0599975585937,228.1499938964844,217.3099975585937,225.52999877929688,21679500,LIGHT_LONG,GRAY,LONG,LONG,LONG,0,0,0,0,0,0,,17644.61246647176
2025-11-20,231.1600036621093,234,210.3000030517578,210.69000244140625,27459600,LIGHT_SHORT,LIGHT_SHORT,LIGHT_SHORT,SHORT,SHORT,0,0,0,0,0,0,,17644.61246647176
2025-11-21,207.0800018310547,208.3099975585937,193.5500030517578,198.759994506836,44834100,LIGHT_SHORT,SHORT,SHORT,SHORT,GRAY,0,0,0,0,0,0,,17644.61246647176
2025-11-24,196.8600006103516,203.82000732421875,194.3000030517578,200.27999877929688,31144700,LIGHT_SHORT,GRAY,SHORT,LIGHT_SHORT,GRAY,0,0,0,0,0,0,,17644.61246647176
2025-11-25,194.0800018310547,199.4100036621093,185.6300048828125,197.02999877929688,29595000,LIGHT_SHORT,GRAY,SHORT,GRAY,GRAY,0,0,0,0,0,0,,17644.61246647176
2025-11-26,209.5,210,202.2400054931641,204.9600067138672,26544100,LIGHT_LONG,GRAY,LIGHT_LONG,LONG,GRAY,0,0,0,0,0,0,,17644.61246647176
2025-11-28,199.509994506836,202.33999633789065,197.6100006103516,201.9499969482422,13848500,GRAY,LIGHT_SHORT,LONG,LONG,GRAY,0,0,0,0,0,0,,17644.61246647176
2025-12-01,200.5,203.5,196.6999969482422,200.94000244140625,13461200,GRAY,LIGHT_SHORT,LONG,LIGHT_LONG,GRAY,0,0,0,0,0,0,,17644.61246647176
2025-12-02,205.13999938964844,209.6999969482422,200,201.1000061035156,19664500,GRAY,GRAY,LONG,GRAY,GRAY,0,0,0,0,0,0,,17644.61246647176
2025-12-03,200.3300018310547,207.9199981689453,199.3999938964844,207.72999572753903,19060500,LIGHT_LONG,GRAY,LONG,LONG,LONG,0,0,0,0,0,0,,17644.61246647176
2025-12-04,207.8600006103516,215.4100036621093,206.32000732421875,214.3300018310547,23316900,LIGHT_LONG,GRAY,LONG,LONG,LONG,0,0,0,0,1,0,,17644.61246647176
2025-12-05,219,219.5,213.6199951171875,217.5800018310547,24208700,LONG,LONG,LONG,LONG,LONG,0,0,0,0,0,0,,17644.61246647176
2025-12-08,221.3500061035156,224.75,216.9100036621093,220.5399932861328,24711200,LONG,LIGHT_LONG,LONG,LONG,GRAY,0,0,0,0,0,0,,17644.61246647176
2025-12-09,220.02999877929688,222.6199951171875,218.27999877929688,221.52999877929688,17643600,LIGHT_LONG,LIGHT_LONG,LONG,LIGHT_LONG,GRAY,0,0,0,0,0,0,,17644.61246647176
2025-12-10,221.8000030517578,225.32000732421875,217.5800018310547,223.009994506836,47928000,LONG,LONG,LONG,LIGHT_LONG,GRAY,0,0,0,0,0,0,,17644.61246647176
2025-12-11,190.6199951171875,201.9900054931641,186.22999572753903,198.8500061035156,100612700,GRAY,SHORT,LIGHT_LONG,GRAY,GRAY,0,0,1,0,0,0,,17644.61246647176
2025-12-12,196.3699951171875,197.8500061035156,185.97999572753903,189.97000122070312,55201600,LIGHT_SHORT,LIGHT_SHORT,SHORT,SHORT,GRAY,0,0,0,0,0,0,,17644.61246647176
2025-12-15,188.2899932861328,188.97000122070312,181.3999938964844,184.9199981689453,43897500,LIGHT_SHORT,GRAY,SHORT,SHORT,GRAY,0,0,0,0,0,0,,17644.61246647176
2025-12-16,184.6999969482422,189.8000030517578,184.4900054931641,188.6499938964844,32433500,LIGHT_SHORT,GRAY,SHORT,SHORT,LIGHT_LONG,0,0,0,0,0,0,,17644.61246647176
2025-12-17,183.3099975585937,186.5,177.07000732421875,178.4600067138672,50222000,SHORT,GRAY,SHORT,SHORT,GRAY,0,0,0,0,0,0,,17644.61246647176
2025-12-18,182.72000122070312,184.759994506836,178.5800018310547,180.02999877929688,36297300,LIGHT_SHORT,GRAY,SHORT,SHORT,GRAY,0,0,0,0,0,0,,17644.61246647176
2025-12-19,188.38999938964844,195.1199951171875,188.1199951171875,191.97000122070312,77008600,GRAY,GRAY,LIGHT_SHORT,GRAY,GRAY,0,0,0,0,0,0,,17644.61246647176
2025-12-22,196.82000732421875,198.8000030517578,192.8300018310547,198.3800048828125,27148000,LIGHT_LONG,GRAY,LONG,LONG,LONG,0,0,0,0,0,0,,17644.61246647176
2025-12-23,196.42999267578125,197.1999969482422,192.19000244140625,195.33999633789065,18301600,LIGHT_LONG,LIGHT_SHORT,LONG,LONG,GRAY,0,0,0,1,0,0,,17644.61246647176
2025-12-24,195,198.27999877929688,194.4199981689453,197.4900054931641,9282700,LIGHT_LONG,GRAY,LONG,LONG,LONG,0,0,0,0,1,0,,17644.61246647176
2025-12-26,198.0599975585937,200.3699951171875,196.1100006103516,197.9900054931641,11262000,LIGHT_LONG,GRAY,LONG,LONG,GRAY,0,0,0,1,0,0,,17644.61246647176
2025-12-29,194.1600036621093,198.509994506836,192.63999938964844,195.3800048828125,14748100,LIGHT_LONG,LIGHT_SHORT,LONG,LIGHT_LONG,GRAY,0,0,0,0,0,0,,17644.61246647176
2025-12-30,196.0599975585937,198.3800048828125,195.7100067138672,197.2100067138672,14197400,LIGHT_LONG,GRAY,LIGHT_LONG,GRAY,GRAY,0,0,0,0,0,0,,17644.61246647176
2025-12-31,196.4199981689453,197.1999969482422,194.72999572753903,194.9100036621093,10341500,LIGHT_LONG,LIGHT_SHORT,LIGHT_LONG,GRAY,GRAY,0,0,0,0,0,0,,17644.61246647176